id,country,city,district,address,rooms,area,floor,series,price,price_per_meter,has_geocode,latt,longt,stnumber,staddress,created,last_seen
1,Latvia,Riga,Centrs,Blaumaņa 12,2,45,3,Renovēts,109515,2433.67,1,56.95464,24.12233,12.0,Blaumaņa iela,07/06/2019 08:01,16/06/2019 08:01
2,Latvia,Riga,Citi,Dārzciema 131,3,63,1,103. sērija,70000,1111.11,1,56.93236,24.1822,131.0,DArzciema iela,07/06/2019 08:01,11/06/2019 08:00
3,Latvia,Riga,Centrs,Skolas 25,4,126,4,Pirmskara projekts,185000,1468.25,1,56.95923,24.12094,25.0,Skolas iela,07/06/2019 08:01,16/06/2019 08:01
4,Latvia,Riga,Ziepniekkalns,Bauskas 45,4,102,4,Jaunais projekts,138000,1352.94,1,56.9158,24.13769,145.0,Bauskas iela,07/06/2019 08:01,16/06/2019 08:01
5,Latvia,Riga,Ziepniekkalns,Ozolciema 12,3,76,9,119. sērija,75100,988.16,1,56.90133,24.08885,12.0,Ozolciema iela,07/06/2019 08:01,16/06/2019 08:01
6,Latvia,Riga,Imanta,Slokas 191,2,49,5,Lietuviešu projekts,36500,744.9,1,56.96332,24.01822,191.0,Slokas iela,07/06/2019 08:01,16/06/2019 08:01
7,Latvia,Riga,Teika,Laimdotas 57,2,42,1,Hruščova projekts,38000,904.76,1,56.96816,24.18722,57.0,Laimdotas iela,07/06/2019 08:01,16/06/2019 08:01
8,Latvia,Riga,Centrs,Tallinas 23,3,82,2,Pirmskara projekts,110000,1341.46,1,56.96386,24.13614,23.0,Tallinas iela,07/06/2019 08:01,16/06/2019 08:01
9,Latvia,Riga,Centrs,Valdemāra 71,5,110,6,Pirmskara projekts,199900,1817.27,1,56.96202,24.123,71.0,Krišjāņa Valdemāra iela,07/06/2019 08:01,16/06/2019 08:01
10,Latvia,Riga,Mežaparks,Ezermalas 27,2,52,8,Specprojekts,65000,1250.0,1,57.00106,24.16941,27.0,Ezermalas iela,07/06/2019 08:01,16/06/2019 08:01
11,Latvia,Riga,Centrs,Čaka 70,1,56,7,Pirmskara projekts,78500,1401.79,1,56.95576,24.13576,70.0,Aleksandra Čaka iela,07/06/2019 08:01,16/06/2019 08:01
12,Latvia,Riga,Centrs,Ganību d. 15,3,86,5,Pirmskara projekts,109600,1274.42,1,56.97362,24.11071,15.0,Ganību dambis,07/06/2019 08:01,16/06/2019 08:01
13,Latvia,Riga,Centrs,Ganību d. 15,1,32,5,Pirmskara projekts,43200,1350.0,1,56.97362,24.11071,15.0,Ganību dambis,07/06/2019 08:01,16/06/2019 08:01
14,Latvia,Riga,Centrs,Ganību d. 15,1,33,3,Pirmskara projekts,32400,981.82,1,56.97362,24.11071,15.0,Ganību dambis,07/06/2019 08:01,16/06/2019 08:01
15,Latvia,Riga,Maskavas priekšpilsēta,Daugavpils 49,1,29,5,Pirmskara projekts,22900,789.66,1,56.94555,24.14086,49.0,Daugavpils iela,07/06/2019 08:01,16/06/2019 08:01
16,Latvia,Riga,Centrs,Kalniņa 6,2,46,5,Renovēts,123000,2673.91,1,56.94975,24.12081,6.0,Alfrēda Kalniņa iela,07/06/2019 08:01,16/06/2019 08:01
17,Latvia,Riga,Purvciems,Ilūkstes 109,3,59,5,467. sērija,75000,1271.19,1,56.95479,24.19613,109.0,Ilūkstes iela,07/06/2019 08:01,16/06/2019 08:01
18,Latvia,Riga,Citi,Balasta d. 72,4,178,1,Jaunais projekts,430000,2415.73,1,56.9587,24.08421,72.0,Balasta dambis,07/06/2019 08:01,16/06/2019 08:01
19,Latvia,Riga,Jugla,Silciema 25,3,79,2,Privātmāja,52900,669.62,1,56.98358,24.24035,25.0,Silciema iela,07/06/2019 08:01,16/06/2019 08:01
20,Latvia,Riga,Jugla,Murjāņu 34,3,58,5,Hruščova projekts,49800,858.62,1,56.97948,24.24709,34.0,Murjāņu iela,07/06/2019 08:01,16/06/2019 08:01
21,Latvia,Riga,Ķengarags,Aviācijas 1,2,51,1,Lietuviešu projekts,45900,900.0,1,56.90662,24.19378,1.0,Aviācijas iela,07/06/2019 08:01,16/06/2019 08:01
23,Latvia,Riga,Centrs,Birznieka-Upīša 13,3,76,3,Jaunais projekts,211000,2776.32,1,56.94911,24.12647,13.0,Ernesta Birznieka-Upīša iela,07/06/2019 08:01,16/06/2019 08:01
24,Latvia,Riga,Iļģuciems,Buļļu 31,3,61,5,Lietuviešu projekts,55000,901.64,1,56.96719,24.05551,31.0,Buļļu iela,07/06/2019 08:01,16/06/2019 08:01
25,Latvia,Riga,Bolderāja,Silikātu 4,4,101,3,Staļina projekts,70000,693.07,1,57.02865,24.04188,4.0,Silikātu iela,07/06/2019 08:01,16/06/2019 08:01
26,Latvia,Riga,Ķengarags,Aviācijas 5,2,50,3,Lietuviešu projekts,38000,760.0,1,56.90607,24.19555,5.0,Aviācijas iela,07/06/2019 08:01,16/06/2019 08:01
27,Latvia,Riga,Imanta,Anniņmuižas 38,3,100,4,Jaunais projekts,132000,1320.0,1,56.96097,24.01567,38.0,Anniņmuižas bulvāris,07/06/2019 08:01,16/06/2019 08:01
29,Latvia,Riga,Citi,Tapešu 44,1,30,5,Lietuviešu projekts,27000,900.0,1,56.95591,24.04637,44.0,Tapešu iela,07/06/2019 08:01,10/06/2019 08:01
30,Latvia,Riga,Centrs,Ganību d. 13,4,85,5,103. sērija,100000,1176.47,1,56.9736,24.10936,13.0,Ganību dambis,07/06/2019 08:01,16/06/2019 08:01
33,Latvia,Riga,Centrs,Silmaču 1,2,43,1,Jaunais projekts,84120,1956.28,1,56.96882,24.148,1.0,Silmaču iela,07/06/2019 08:01,16/06/2019 08:01
34,Latvia,Riga,Centrs,Silmaču 1,2,50,1,Jaunais projekts,95280,1905.6,1,56.96882,24.148,1.0,Silmaču iela,07/06/2019 08:01,16/06/2019 08:01
35,Latvia,Riga,Purvciems,Stirnu 57,2,44,1,Lietuviešu projekts,47900,1088.64,1,56.96472,24.1921,57.0,Stirnu iela,07/06/2019 08:01,16/06/2019 08:01
36,Latvia,Riga,Centrs,Skolas 20,3,99,3,Jaunais projekts,260000,2626.26,1,56.9581,24.11952,20.0,Skolas iela,07/06/2019 08:01,16/06/2019 08:01
37,Latvia,Riga,Āgenskalns,Melnsila 21,2,41,2,Hruščova projekts,43000,1048.78,1,56.94501,24.06433,21.0,Melnsila iela,07/06/2019 08:01,16/06/2019 08:01
38,Latvia,Riga,Imanta,M. Krūmu 18,2,50,9,602. sērija,47500,950.0,1,56.96108,24.00385,18.0,Mazā Krūmu iela,07/06/2019 08:01,16/06/2019 08:01
39,Latvia,Riga,Sarkandaugava,Tvaika 24,3,70,5,103. sērija,66500,950.0,1,57.00116,24.11861,24.0,Tvaika iela,07/06/2019 08:01,13/06/2019 08:01
40,Latvia,Riga,Purvciems,Viršu 7,2,59,2,119. sērija,53000,898.31,1,56.95197,24.17878,7.0,Viršu iela,07/06/2019 08:01,16/06/2019 08:01
41,Latvia,Riga,Ziepniekkalns,Svētes 1,3,99,1,Jaunais projekts,164000,1656.57,1,56.91525,24.09482,1.0,Svētes iela,07/06/2019 08:01,16/06/2019 08:01
43,Latvia,Riga,Centrs,Stabu 46,3,74,3,Pirmskara projekts,135000,1824.32,1,56.95459,24.13173,46.0,Stabu iela,07/06/2019 08:01,16/06/2019 08:01
45,Latvia,Riga,Āgenskalns,Mūkusalas 25,3,61,6,Jaunais projekts,155000,2540.98,1,56.93753,24.10056,25.0,Mūkusalas iela,07/06/2019 08:01,16/06/2019 08:01
47,Latvia,Riga,Āgenskalns,Gregora 4,1,30,5,Lietuviešu projekts,29500,983.33,1,56.94535,24.052,4.0,Gregora iela,07/06/2019 08:01,16/06/2019 08:01
48,Latvia,Riga,Purvciems,Andromedas g. 12,3,54,1,Lietuviešu projekts,58150,1076.85,1,56.95745,24.20126,12.0,Andromedas gatve,07/06/2019 08:01,16/06/2019 08:01
49,Latvia,Riga,Ziepniekkalns,Ozolciema 54,1,44,4,Mazģimeņu projekts,37500,852.27,1,56.90138,24.0998,54.0,Ozolciema iela,07/06/2019 08:01,16/06/2019 08:01
51,Latvia,Riga,Bolderāja,Lemešu 3,3,66,2,Lietuviešu projekts,39000,590.91,1,57.03375,24.05749,3.0,Lemešu iela,07/06/2019 08:01,09/06/2019 08:01
52,Latvia,Riga,Purvciems,Deglava 106,4,99,9,119. sērija,103000,1040.4,1,56.94811,24.19022,106.0,Augusta Deglava iela,07/06/2019 08:01,16/06/2019 08:01
53,Latvia,Riga,Centrs,Valmieras 39,1,31,2,Pirmskara projekts,28500,919.35,1,56.95079,24.14854,39.0,Valmieras iela,07/06/2019 08:01,16/06/2019 08:01
54,Latvia,Riga,Āgenskalns,Vienības g. 44,3,59,2,Privātmāja,26000,440.68,1,56.92549,24.09049,44.0,Vienības gatve,07/06/2019 08:01,16/06/2019 08:01
55,Latvia,Riga,Purvciems,Pūces 43,3,151,10,Jaunais projekts,235000,1556.29,1,56.95307,24.18944,43.0,Pūces iela,07/06/2019 08:01,16/06/2019 08:01
57,Latvia,Riga,Centrs,Antonijas 12,5,166,4,Pirmskara projekts,435000,2620.48,1,56.95859,24.11222,12.0,Antonijas iela,07/06/2019 08:01,16/06/2019 08:01
58,Latvia,Riga,Imanta,Zentenes 3,3,63,1,602. sērija,57000,904.76,1,56.95825,24.00801,3.0,Zentenes iela,07/06/2019 08:01,16/06/2019 08:01
61,Latvia,Riga,Purvciems,Ūnijas 30,2,47,5,103. sērija,52000,1106.38,1,56.97024,24.16152,4.0,Ūnijas iela,07/06/2019 08:01,16/06/2019 08:01
62,Latvia,Riga,Maskavas priekšpilsēta,Katoļu 2,2,41,2,Pirmskara projekts,19700,480.49,1,56.94026,24.13758,2.0,Katoļu iela,07/06/2019 08:01,16/06/2019 08:01
64,Latvia,Riga,Centrs,Avotu 20,3,110,2,Pirmskara projekts,119900,1090.0,1,56.95046,24.13101,20.0,Avotu iela,07/06/2019 08:01,16/06/2019 08:01
66,Latvia,Riga,Ziepniekkalns,Valdeķu 64,1,41,3,Mazģimeņu projekts,32500,792.68,1,56.90047,24.09389,64.0,Valdeķu iela,07/06/2019 08:01,16/06/2019 08:01
67,Latvia,Riga,Citi,Vabu 17,3,104,1,Jaunais projekts,80000,769.23,1,57.06956,24.09514,17.0,Vabu iela,07/06/2019 08:01,16/06/2019 08:01
68,Latvia,Riga,Centrs,Muitas 1,3,105,2,Jaunais projekts,289000,2752.38,1,56.95419,24.10131,1.0,Muitas iela,07/06/2019 08:01,16/06/2019 08:01
69,Latvia,Riga,Centrs,Pulkv. Brieža 7,2,58,2,Pirmskara projekts,165000,2844.83,1,56.95985,24.10527,7.0,Pulkveža Brieža iela,07/06/2019 08:01,16/06/2019 08:01
71,Latvia,Riga,Centrs,Valmieras 6,1,34,2,Pirmskara projekts,29900,879.41,1,56.94846,24.14497,6.0,Valmieras iela,07/06/2019 08:01,16/06/2019 08:01
72,Latvia,Riga,Citi,Albatrosu 22,1,34,4,Specprojekts,24500,720.59,1,57.05259,24.06746,22.0,Albatrosu iela,07/06/2019 08:01,16/06/2019 08:01
73,Latvia,Riga,Centrs,Republikas laukums 3,1,40,3,Jaunais projekts,112000,2800.0,1,56.95495,24.09919,3.0,Republikas laukums,07/06/2019 08:01,16/06/2019 08:01
74,Latvia,Riga,Centrs,Grostonas 17,2,65,1,Jaunais projekts,135000,2076.92,1,56.96999,24.12392,17.0,Grostonas iela,07/06/2019 08:01,16/06/2019 08:01
76,Latvia,Riga,Purvciems,Ilūkstes 42,3,78,7,119. sērija,75000,961.54,1,56.94848,24.1983,42.0,Ilūkstes iela,07/06/2019 08:01,16/06/2019 08:01
77,Latvia,Riga,Vecrīga,Vāgnera 14,2,28,2,Pirmskara projekts,79000,2821.43,1,56.94866,24.11157,14.0,Riharda Vāgnera iela,07/06/2019 08:01,16/06/2019 08:01
78,Latvia,Riga,Zolitūde,Lejiņa 18,3,76,1,119. sērija,81000,1065.79,1,56.94727,24.02124,18.0,Paula Lejiņa iela,07/06/2019 08:01,16/06/2019 08:01
79,Latvia,Riga,Centrs,Lienes 27,2,55,1,Pirmskara projekts,37000,672.73,1,56.95203,24.15015,27.0,Lienes iela,07/06/2019 08:01,16/06/2019 08:01
80,Latvia,Riga,Centrs,Lāčplēša 77,2,52,4,Pirmskara projekts,57200,1100.0,1,56.94958,24.13329,77.0,Lāčplēša iela,07/06/2019 08:01,16/06/2019 08:01
81,Latvia,Riga,Ziepniekkalns,Ozolciema 18,3,84,8,119. sērija,63000,750.0,1,56.89883,24.08506,18.0,Ozolciema iela,07/06/2019 08:01,16/06/2019 08:01
82,Latvia,Riga,Jugla,Ciemupes 1,2,102,2,Jaunais projekts,130000,1274.51,1,56.98807,24.24669,1.0,Ciemupes iela,07/06/2019 08:01,16/06/2019 08:01
83,Latvia,Riga,Citi,Rusova 32,1,40,4,Mazģimeņu projekts,29990,749.75,1,56.98623,24.17491,32.0,Rusova iela,07/06/2019 08:01,16/06/2019 08:01
84,Latvia,Riga,Purvciems,Brantkalna 11,3,75,5,119. sērija,82000,1093.33,1,56.94999,24.19274,11.0,Detlava Brantkalna iela,07/06/2019 08:01,16/06/2019 08:01
85,Latvia,Riga,Centrs,Avotu 73,3,83,2,Pirmskara projekts,123990,1493.86,1,56.95354,24.14494,73.0,Avotu iela,07/06/2019 08:01,16/06/2019 08:01
88,Latvia,Riga,Vecmīlgrāvis,Vanadziņa g. 1,3,61,4,467. sērija,66000,1081.97,1,57.03247,24.1078,1.0,Vanadziņa gatve,07/06/2019 08:01,16/06/2019 08:01
89,Latvia,Riga,Jugla,Juglas 31,2,42,2,Staļina projekts,35400,842.86,1,56.98157,24.25184,31.0,Juglas iela,07/06/2019 08:01,16/06/2019 08:01
90,Latvia,Riga,Imanta,Anniņmuižas 38,3,81,8,Jaunais projekts,118000,1456.79,1,56.96097,24.01567,38.0,Anniņmuižas bulvāris,07/06/2019 08:01,16/06/2019 08:01
92,Latvia,Riga,Centrs,Kalniņa 1,1,19,2,Renovēts,51490,2710.0,1,56.94935,24.12075,1.0,Alfrēda Kalniņa iela,07/06/2019 08:01,13/06/2019 08:01
93,Latvia,Riga,Centrs,Kalniņa 1,1,27,4,Renovēts,77690,2877.41,1,56.94935,24.12075,1.0,Alfrēda Kalniņa iela,07/06/2019 08:01,16/06/2019 08:01
94,Latvia,Riga,Centrs,Kalniņa 1,1,27,2,Renovēts,74590,2762.59,1,56.94935,24.12075,1.0,Alfrēda Kalniņa iela,07/06/2019 08:01,13/06/2019 08:01
96,Latvia,Riga,Centrs,Vīlandes 18,3,101,3,Pirmskara projekts,154025,1525.0,1,56.96183,24.10225,18.0,Vīlandes iela,07/06/2019 08:01,16/06/2019 08:01
97,Latvia,Riga,Āgenskalns,Raņķa d. 9,3,115,6,Renovēts,178250,1550.0,1,56.94232,24.08864,9.0,Raņķa dambis,07/06/2019 08:01,16/06/2019 08:01
99,Latvia,Riga,Centrs,Ģertrūdes 113,2,43,3,Pirmskara projekts,62000,1441.86,1,56.94875,24.13856,113.0,Ģertrūdes iela,07/06/2019 08:01,16/06/2019 08:01
100,Latvia,Riga,Zolitūde,Lejiņa 16,1,46,6,119. sērija,45500,989.13,1,56.94712,24.02307,16.0,Paula Lejiņa iela,07/06/2019 08:01,16/06/2019 08:01
101,Latvia,Riga,Sarkandaugava,Alekša 11,1,27,2,Pirmskara projekts,18000,666.67,1,56.9936,24.12479,11.0,Alekša iela,07/06/2019 08:01,16/06/2019 08:01
103,Latvia,Riga,Imanta,Dammes 1,3,62,8,602. sērija,53500,862.9,1,56.96106,24.0127,1.0,Dammes iela,07/06/2019 08:01,16/06/2019 08:01
104,Latvia,Riga,Mežaparks,Ķempes 4,3,140,8,Jaunais projekts,199000,1421.43,1,56.99447,24.16623,4.0,Mirdzas Ķempes iela,07/06/2019 08:01,16/06/2019 08:01
105,Latvia,Riga,Maskavas priekšpilsēta,Daugavpils 49,1,23,4,Pirmskara projekts,12000,521.74,1,56.94555,24.14086,49.0,Daugavpils iela,07/06/2019 08:01,16/06/2019 08:01
106,Latvia,Riga,Imanta,Dammes 1,2,50,8,602. sērija,55000,1100.0,1,56.96106,24.0127,1.0,Dammes iela,07/06/2019 08:01,16/06/2019 08:01
107,Latvia,Riga,Centrs,Čaka 68,4,110,6,Pirmskara projekts,119000,1081.82,1,56.95549,24.13532,68.0,Aleksandra Čaka iela,07/06/2019 08:01,16/06/2019 08:01
108,Latvia,Riga,Mežaparks,Ezermalas 2,1,32,9,Čehu projekts,32000,1000.0,1,56.99268,24.19243,2.0,Ezermalas iela,07/06/2019 08:01,16/06/2019 08:01
109,Latvia,Riga,Purvciems,Dzelzavas 2,3,92,2,Pirmskara projekts,85000,923.91,1,56.96449,24.16661,2.0,Dzelzavas iela,07/06/2019 08:01,16/06/2019 08:01
111,Latvia,Riga,Imanta,Anniņmuižas 28,5,104,1,Specprojekts,93000,894.23,1,56.96013,24.02049,28.0,Anniņmuižas bulvāris,07/06/2019 08:01,16/06/2019 08:01
112,Latvia,Riga,Teika,Ieriķu 41,3,60,4,Lietuviešu projekts,79000,1316.67,1,56.96622,24.18247,41.0,Ieriķu iela,07/06/2019 08:01,16/06/2019 08:01
113,Latvia,Riga,Purvciems,Dzelzavas 40,3,76,6,104. sērija,71600,942.11,1,56.95753,24.17906,40.0,Dzelzavas iela,07/06/2019 08:01,16/06/2019 08:01
114,Latvia,Riga,Citi,Jelgavas 63,4,104,1,Jaunais projekts,152000,1461.54,1,56.92827,24.09294,63.0,Jelgavas iela,07/06/2019 08:01,16/06/2019 08:01
116,Latvia,Riga,Purvciems,Ieriķu 33,2,46,5,Lietuviešu projekts,32000,695.65,1,56.96694,24.17851,33.0,Ieriķu iela,07/06/2019 08:01,07/06/2019 08:01
117,Latvia,Riga,Centrs,Skolas 25,4,126,4,Pirmskara projekts,185000,1468.25,1,56.95923,24.12094,25.0,Skolas iela,07/06/2019 08:01,16/06/2019 08:01
118,Latvia,Riga,Vecmīlgrāvis,Emmas 28,2,31,1,Renovēts,39168,1263.48,1,57.03219,24.11679,28.0,Emmas iela,07/06/2019 08:01,16/06/2019 08:01
119,Latvia,Riga,Vecrīga,M. Smilšu 11,1,24,4,Pirmskara projekts,58000,2416.67,1,56.95019,24.10922,11.0,Mazā Smilšu iela,07/06/2019 08:01,16/06/2019 08:01
120,Latvia,Riga,Centrs,Cēsu 43,3,98,5,Pirmskara projekts,96000,979.59,1,56.96632,24.14414,43.0,Cēsu iela,07/06/2019 08:01,11/06/2019 08:00
122,Latvia,Riga,Centrs,Zaļā 3,2,68,2,Pirmskara projekts,110000,1617.65,1,56.95934,24.11494,3.0,Zaļā iela,07/06/2019 08:01,16/06/2019 08:01
123,Latvia,Riga,Maskavas priekšpilsēta,Rēznas 7,2,39,3,Hruščova projekts,33300,853.85,1,56.93663,24.16231,7.0,Rēznas iela,07/06/2019 08:01,16/06/2019 08:01
124,Latvia,Riga,Centrs,Blaumaņa 12,2,47,5,Renovēts,117918,2508.89,1,56.95464,24.12233,12.0,Blaumaņa iela,07/06/2019 08:01,16/06/2019 08:01
125,Latvia,Riga,Iļģuciems,Saulgožu 13,1,30,5,Hruščova projekts,25000,833.33,1,56.96533,24.04792,13.0,Saulgožu iela,07/06/2019 08:01,16/06/2019 08:01
126,Latvia,Riga,Centrs,Tallinas 77,3,75,2,Pirmskara projekts,89000,1186.67,1,56.95758,24.14765,77.0,Tallinas iela,07/06/2019 08:01,16/06/2019 08:01
127,Latvia,Riga,Vecrīga,Alksnāja 10,2,94,2,Renovēts,200000,2127.66,1,56.94617,24.11137,10.0,Alksnāja iela,07/06/2019 08:01,16/06/2019 08:01
128,Latvia,Riga,Purvciems,Dzelzavas 88,3,63,4,Lietuviešu projekts,62000,984.13,1,56.95408,24.20575,88.0,Dzelzavas iela,07/06/2019 08:01,16/06/2019 08:01
129,Latvia,Riga,Imanta,Kurzemes pr. 18,2,43,4,Specprojekts,59892,1392.84,1,56.95854,24.03387,18.0,Kurzemes prospekts,07/06/2019 08:01,16/06/2019 08:01
130,Latvia,Riga,Jugla,Baltezera 1,3,58,4,Specprojekts,50000,862.07,1,56.9927,24.24006,1.0,Baltezera iela,07/06/2019 08:01,16/06/2019 08:01
131,Latvia,Riga,Centrs,Hospitāļu 8,4,107,6,Jaunais projekts,186500,1742.99,1,56.97166,24.13712,8.0,Hospitāļu iela,07/06/2019 08:01,16/06/2019 08:01
132,Latvia,Riga,Bolderāja,Gaigalas 23,1,34,1,103. sērija,24500,720.59,1,57.02877,24.05134,23.0,Gaigalas iela,07/06/2019 08:01,16/06/2019 08:01
133,Latvia,Riga,Pļavnieki,Ilūkstes 32,3,76,7,119. sērija,74000,973.68,1,56.94511,24.19758,32.0,Ilūkstes iela,07/06/2019 08:01,10/06/2019 08:01
134,Latvia,Riga,Vecmīlgrāvis,Melīdas 11,4,78,3,467. sērija,70000,897.44,1,57.03243,24.11005,11.0,Melīdas iela,07/06/2019 08:01,16/06/2019 08:01
135,Latvia,Riga,Ķengarags,Višķu 13,2,44,2,Lietuviešu projekts,45500,1034.09,1,56.8999,24.21246,13.0,Višķu iela,07/06/2019 08:01,16/06/2019 08:01
136,Latvia,Riga,Purvciems,Lielvārdes 127,2,49,4,Lietuviešu projekts,52990,1081.43,1,56.95591,24.20507,127.0,Lielvārdes iela,07/06/2019 08:01,16/06/2019 08:01
137,Latvia,Riga,Purvciems,Pūces 31,3,89,2,Jaunais projekts,180000,2022.47,1,56.9547,24.18725,31.0,Pūces iela,07/06/2019 08:01,16/06/2019 08:01
138,Latvia,Riga,Imanta,Kurzemes pr. 10,3,56,3,Lietuviešu projekts,60500,1080.36,1,56.95602,24.03408,10.0,Kurzemes prospekts,07/06/2019 08:01,16/06/2019 08:01
139,Latvia,Riga,Centrs,Kalniņa 2,2,62,6,Pirmskara projekts,135000,2177.42,1,56.94917,24.12147,2.0,Alfrēda Kalniņa iela,07/06/2019 08:01,16/06/2019 08:01
141,Latvia,Riga,Pļavnieki,Grestes 12,2,49,5,602. sērija,51000,1040.82,1,56.93533,24.20947,12.0,JAAa Grestes iela,07/06/2019 08:01,16/06/2019 08:01
142,Latvia,Riga,Jugla,Juglas 5,2,42,1,Lietuviešu projekts,47500,1130.95,1,56.98807,24.2439,5.0,Juglas iela,07/06/2019 08:01,16/06/2019 08:01
144,Latvia,Riga,Iļģuciems,Bēnes 2,3,60,4,Lietuviešu projekts,53400,890.0,1,56.9659,24.06455,2.0,Bēnes iela,07/06/2019 08:01,16/06/2019 08:01
145,Latvia,Riga,Mežciems,Hipokrāta 47,3,63,6,602. sērija,54500,865.08,1,56.96149,24.23565,47.0,Hipokrāta iela,07/06/2019 08:01,16/06/2019 08:01
146,Latvia,Riga,Maskavas priekšpilsēta,Daugavpils 26,1,18,2,Specprojekts,13000,722.22,1,56.94177,24.14131,26.0,Daugavpils iela,07/06/2019 08:01,16/06/2019 08:01
147,Latvia,Riga,Maskavas priekšpilsēta,Daugavpils 26,2,33,2,Specprojekts,16000,484.85,1,56.94177,24.14131,26.0,Daugavpils iela,07/06/2019 08:01,16/06/2019 08:01
148,Latvia,Riga,Ķengarags,Maskavas 258,2,46,1,Lietuviešu projekts,47700,1036.96,1,56.90948,24.17752,258.0,Maskavas iela,07/06/2019 08:01,16/06/2019 08:01
149,Latvia,Riga,Purvciems,Raunas 41,3,93,4,Jaunais projekts,176500,1897.85,1,56.96746,24.18471,41.0,Raunas iela,07/06/2019 08:01,16/06/2019 08:01
150,Latvia,Riga,Purvciems,Nīcgales 25,1,36,2,Specprojekts,42300,1175.0,1,56.95424,24.17562,25.0,Nīcgales iela,07/06/2019 08:01,16/06/2019 08:01
151,Latvia,Riga,Citi,Jaunsaules 1,1,43,1,Renovēts,65100,1513.95,1,56.95522,24.05094,1.0,Jaunsaules iela,07/06/2019 08:01,16/06/2019 08:01
152,Latvia,Riga,Pļavnieki,Lubānas 123,3,60,1,Specprojekts,88000,1466.67,1,56.93272,24.20497,123.0,Lubānas iela,07/06/2019 08:01,16/06/2019 08:01
153,Latvia,Riga,Jugla,Juglas 10,2,104,5,Jaunais projekts,130000,1250.0,1,56.98655,24.24696,10.0,Juglas iela,07/06/2019 08:01,16/06/2019 08:01
154,Latvia,Riga,Centrs,Katrīnas 17,3,106,5,Jaunais projekts,155000,1462.26,1,56.97063,24.10159,17.0,Katrīnas dambis,07/06/2019 08:01,16/06/2019 08:01
155,Latvia,Riga,Ziepniekkalns,Tadaiķu 1,3,63,3,Lietuviešu projekts,59000,936.51,1,56.91584,24.09219,1.0,Tadaiķu iela,07/06/2019 08:01,16/06/2019 08:01
156,Latvia,Riga,Citi,Tapešu 50,2,40,5,Lietuviešu projekts,44900,1122.5,1,56.95759,24.04645,50.0,Tapešu iela,07/06/2019 08:01,16/06/2019 08:01
157,Latvia,Riga,Āgenskalns,Tapešu 50,2,40,5,Lietuviešu projekts,44900,1122.5,1,56.95759,24.04645,50.0,Tapešu iela,07/06/2019 08:01,16/06/2019 08:01
158,Latvia,Riga,Pļavnieki,Praulienas 8,1,32,3,467. sērija,32500,1015.63,1,56.93532,24.20758,8.0,Praulienas iela,07/06/2019 08:01,16/06/2019 08:01
159,Latvia,Riga,Pļavnieki,Rencēnu 29,1,18,1,Renovēts,19000,1055.56,1,56.92172,24.21558,29.0,Rencēnu iela,07/06/2019 08:01,16/06/2019 08:01
160,Latvia,Riga,Vecmīlgrāvis,Meldru 22,1,28,1,Lietuviešu projekts,19500,696.43,1,57.03228,24.09635,22.0,Meldru iela,07/06/2019 08:01,16/06/2019 08:01
163,Latvia,Riga,Pļavnieki,Praulienas 10,3,63,6,602. sērija,75000,1190.48,1,56.93501,24.20829,10.0,Praulienas iela,07/06/2019 08:01,12/06/2019 08:01
164,Latvia,Riga,Ziepniekkalns,Ozolciema 54,1,44,3,Mazģimeņu projekts,44000,1000.0,1,56.90138,24.0998,54.0,Ozolciema iela,07/06/2019 08:01,16/06/2019 08:01
165,Latvia,Riga,Āgenskalns,Slokas 31,2,137,1,Renovēts,305573,2230.46,1,56.94819,24.07218,31.0,Slokas iela,07/06/2019 08:01,16/06/2019 08:01
167,Latvia,Riga,Pļavnieki,Dzeņu 7,1,40,9,Mazģimeņu projekts,30000,750.0,1,57.08132,24.15354,7.0,Dzeņu iela,07/06/2019 08:01,16/06/2019 08:01
168,Latvia,Riga,Centrs,Avotu 73,3,85,5,Pirmskara projekts,119000,1400.0,1,56.95354,24.14494,73.0,Avotu iela,07/06/2019 08:01,16/06/2019 08:01
170,Latvia,Riga,Citi,Neretas 2,2,98,6,Jaunais projekts,139000,1418.37,1,56.92057,24.09601,2.0,Neretas iela,07/06/2019 08:01,16/06/2019 08:01
171,Latvia,Riga,Ziepniekkalns,Zaļenieku 49,5,102,1,Specprojekts,60000,588.24,1,56.91145,24.09401,6.0,Zaļenieku iela,07/06/2019 08:01,16/06/2019 08:01
173,Latvia,Riga,Ziepniekkalns,Valdeķu 65,3,72,5,119. sērija,107000,1486.11,1,56.89936,24.0913,65.0,Valdeķu iela,07/06/2019 08:01,16/06/2019 08:01
174,Latvia,Riga,Imanta,Kurzemes pr. 46,2,49,4,Lietuviešu projekts,44000,897.96,1,56.96327,24.02821,46.0,Kurzemes prospekts,07/06/2019 08:01,13/06/2019 08:01
175,Latvia,Riga,Jugla,Juglas 3,2,47,3,Lietuviešu projekts,46000,978.72,1,56.98847,24.24334,3.0,Juglas iela,07/06/2019 08:01,16/06/2019 08:01
176,Latvia,Riga,Centrs,Birznieka-Upīša 13,3,150,6,Jaunais projekts,421000,2806.67,1,56.94911,24.12647,13.0,Ernesta Birznieka-Upīša iela,07/06/2019 08:01,16/06/2019 08:01
177,Latvia,Riga,Citi,Balasta d. 72,3,122,1,Jaunais projekts,262000,2147.54,1,56.9587,24.08421,72.0,Balasta dambis,07/06/2019 08:01,16/06/2019 08:01
178,Latvia,Riga,Āgenskalns,Struteles 14,1,20,1,Pirmskara projekts,12900,645.0,1,56.93876,24.06416,3.0,Struteles iela,07/06/2019 08:01,16/06/2019 08:01
179,Latvia,Riga,Purvciems,Madonas 23,2,55,13,Specprojekts,62000,1127.27,1,56.96102,24.17198,23.0,Madonas iela,07/06/2019 08:01,16/06/2019 08:01
180,Latvia,Riga,Imanta,Kurzemes pr. 50,4,71,1,104. sērija,80000,1126.76,1,56.96287,24.02769,50.0,Kurzemes prospekts,07/06/2019 08:01,16/06/2019 08:01
181,Latvia,Riga,Centrs,Akas 8,4,137,3,Renovēts,350000,2554.74,1,56.95647,24.12527,8.0,Akas iela,07/06/2019 08:01,16/06/2019 08:01
182,Latvia,Riga,Iļģuciems,Riekstu 15,3,66,4,Lietuviešu projekts,48000,727.27,1,56.96813,24.06275,15.0,Riekstu iela,07/06/2019 08:01,16/06/2019 08:01
183,Latvia,Riga,Mežciems,Kaivas 50,2,50,5,Jaunais projekts,74000,1480.0,1,56.95557,24.24257,50.0,Kaivas iela,07/06/2019 08:01,16/06/2019 08:01
184,Latvia,Riga,Purvciems,Ūnijas 32,1,18,3,Renovēts,12000,666.67,1,56.96672,24.1736,32.0,Ūnijas iela,07/06/2019 08:01,16/06/2019 08:01
185,Latvia,Riga,Zolitūde,Augšzemes 7,2,84,1,Jaunais projekts,100000,1190.48,1,56.944,24.02179,7.0,Augšzemes iela,07/06/2019 08:01,16/06/2019 08:01
186,Latvia,Riga,Teika,Vidrižu 4,2,53,2,Specprojekts,60000,1132.08,1,56.97857,24.17687,4.0,Vidrižu iela,07/06/2019 08:01,16/06/2019 08:01
187,Latvia,Riga,Teika,Ropažu 93,2,31,1,Pirmskara projekts,18000,580.65,1,56.98279,24.19167,93.0,Ropažu iela,07/06/2019 08:01,16/06/2019 08:01
188,Latvia,Riga,Āgenskalns,Mūkusalas 29,4,115,4,Renovēts,219000,1904.35,1,56.93695,24.10156,29.0,Mūkusalas iela,07/06/2019 08:01,16/06/2019 08:01
189,Latvia,Riga,Imanta,Slokas 215,2,50,5,Lietuviešu projekts,39500,790.0,1,56.96262,24.00332,215.0,Slokas iela,07/06/2019 08:01,16/06/2019 08:01
190,Latvia,Riga,Āgenskalns,Valguma 22,2,56,2,Staļina projekts,85990,1535.54,1,56.94278,24.09111,22.0,Valguma iela,07/06/2019 08:01,16/06/2019 08:01
191,Latvia,Riga,Imanta,Kurzemes pr. 68,3,62,4,Lietuviešu projekts,50000,806.45,1,56.96706,24.01974,68.0,Kurzemes prospekts,07/06/2019 08:01,16/06/2019 08:01
192,Latvia,Riga,Grīziņkalns,Alauksta 2,2,53,3,103. sērija,62000,1169.81,1,56.96158,24.14765,2.0,Alauksta iela,07/06/2019 08:01,16/06/2019 08:01
193,Latvia,Riga,Iļģuciems,Lidoņu 19,2,50,5,Lietuviešu projekts,33200,664.0,1,56.97072,24.06127,19.0,Lidoņu iela,07/06/2019 08:01,07/06/2019 08:01
194,Latvia,Riga,Purvciems,Ilūkstes 103,3,59,8,467. sērija,67500,1144.07,1,56.95378,24.19434,103.0,Ilūkstes iela,07/06/2019 08:01,16/06/2019 08:01
196,Latvia,Riga,Teika,Ūnijas 73,3,92,4,Jaunais projekts,175000,1902.17,1,56.96421,24.17902,73.0,Ūnijas iela,07/06/2019 08:01,16/06/2019 08:01
197,Latvia,Riga,Ķengarags,Maskavas 307,2,38,5,Lietuviešu projekts,38500,1013.16,1,56.91115,24.17948,307.0,Maskavas iela,07/06/2019 08:01,16/06/2019 08:01
198,Latvia,Riga,Purvciems,Braslas 53,2,71,1,Jaunais projekts,72000,1014.08,1,56.95759,24.1667,53.0,Braslas iela,07/06/2019 08:01,16/06/2019 08:01
199,Latvia,Riga,Citi,Lēdurgas 22,2,49,8,467. sērija,48000,979.59,1,57.01661,24.13292,22.0,Lēdurgas iela,07/06/2019 08:01,16/06/2019 08:01
200,Latvia,Riga,Āgenskalns,O. Vācieša 12,1,20,2,Pirmskara projekts,11700,585.0,1,56.92576,24.07705,12.0,Ojāra Vācieša iela,07/06/2019 08:01,16/06/2019 08:01
201,Latvia,Riga,Pļavnieki,Praulienas 4,3,67,7,602. sērija,103000,1537.31,1,56.93591,24.20634,4.0,Praulienas iela,07/06/2019 08:01,16/06/2019 08:01
203,Latvia,Riga,Pļavnieki,Deglava 164,3,64,4,602. sērija,66000,1031.25,1,56.94309,24.22725,164.0,Augusta Deglava iela,07/06/2019 08:01,16/06/2019 08:01
204,Latvia,Riga,Purvciems,Varavīksnes g. 16,2,51,1,602. sērija,47000,921.57,1,56.9518,24.20486,16.0,Varavīksnes gatve,07/06/2019 08:01,16/06/2019 08:01
205,Latvia,Riga,Mežciems,Gaiļezera 9,2,66,8,Jaunais projekts,118000,1787.88,1,56.96879,24.23627,1.0,Gaiļezera iela,07/06/2019 08:01,16/06/2019 08:01
206,Latvia,Riga,Purvciems,Zvaigznāja g. 9,2,49,2,Lietuviešu projekts,49000,1000.0,1,56.95277,24.2074,9.0,Zvaigznāja gatve,07/06/2019 08:01,16/06/2019 08:01
207,Latvia,Riga,Ziepniekkalns,Ozolciema 18,2,60,9,119. sērija,46000,766.67,1,56.89883,24.08506,18.0,Ozolciema iela,07/06/2019 08:01,16/06/2019 08:01
208,Latvia,Riga,Ķengarags,Maskavas 429,3,61,4,Lietuviešu projekts,61500,1008.2,1,56.89673,24.21229,429.0,Maskavas iela,07/06/2019 08:01,16/06/2019 08:01
209,Latvia,Riga,Āgenskalns,Kokles 2,2,34,2,Pirmskara projekts,37000,1088.24,1,56.9339,24.08276,4.0,Kokles iela,07/06/2019 08:01,16/06/2019 08:01
210,Latvia,Riga,Ķengarags,Višķu 17,1,31,5,Lietuviešu projekts,25000,806.45,1,56.89973,24.21428,17.0,Višķu iela,07/06/2019 08:01,16/06/2019 08:01
211,Latvia,Riga,Pļavnieki,Jasmuižas 18,3,75,8,Jaunais projekts,125000,1666.67,1,56.93546,24.2137,18.0,Jasmuižas iela,07/06/2019 08:01,16/06/2019 08:01
212,Latvia,Riga,Jugla,Juglas 17,4,83,2,Pirmskara projekts,35000,421.69,1,56.98558,24.24653,17.0,Juglas iela,07/06/2019 08:01,16/06/2019 08:01
215,Latvia,Riga,Krasta rajons,Dzērvju 3,4,78,7,467. sērija,89000,1141.03,1,56.93073,24.16437,3.0,Dzērvju iela,07/06/2019 08:01,16/06/2019 08:01
216,Latvia,Riga,Iļģuciems,Grīvas 23,3,54,5,Hruščova projekts,47200,874.07,1,56.96414,24.04838,23.0,Grīvas iela,07/06/2019 08:01,16/06/2019 08:01
217,Latvia,Riga,Iļģuciems,Buļļu 25,1,44,4,Mazģimeņu projekts,39000,886.36,1,56.96806,24.04165,25.0,Mazā Buļļu iela,07/06/2019 08:01,10/06/2019 08:01
218,Latvia,Riga,Zolitūde,Rostokas 42,3,75,4,119. sērija,67000,893.33,1,56.94819,24.01427,42.0,Rostokas iela,07/06/2019 08:01,16/06/2019 08:01
219,Latvia,Riga,Vecmīlgrāvis,Stiebru 3,1,40,4,Mazģimeņu projekts,35000,875.0,1,57.03431,24.09448,3.0,Stiebru iela,07/06/2019 08:01,16/06/2019 08:01
220,Latvia,Riga,Citi,Ostas pr. 4,2,47,5,Hruščova projekts,46000,978.72,1,57.0203,24.13568,4.0,Ostas prospekts,07/06/2019 08:01,16/06/2019 08:01
221,Latvia,Riga,Āgenskalns,Mūkusalas 29,2,79,2,Renovēts,155000,1962.03,1,56.93695,24.10156,29.0,Mūkusalas iela,07/06/2019 08:01,16/06/2019 08:01
222,Latvia,Riga,Āgenskalns,Mūkusalas 29,3,96,2,Renovēts,219000,2281.25,1,56.93695,24.10156,29.0,Mūkusalas iela,07/06/2019 08:01,16/06/2019 08:01
223,Latvia,Riga,Centrs,Maskavas 131,3,108,2,Renovēts,14800,137.04,1,56.93787,24.1508,131.0,Maskavas iela,07/06/2019 08:01,16/06/2019 08:01
224,Latvia,Riga,Imanta,Kleistu 15,3,63,9,602. sērija,85000,1349.21,1,56.96354,24.02301,15.0,Kleistu iela,07/06/2019 08:01,16/06/2019 08:01
225,Latvia,Riga,Ķengarags,Salaspils 18,2,45,1,Lietuviešu projekts,43996,977.69,1,56.91875,24.18346,18.0,Salaspils iela,07/06/2019 08:01,16/06/2019 08:01
226,Latvia,Riga,Sarkandaugava,Sarkandaugavas 31,1,34,1,103. sērija,32000,941.18,1,57.00264,24.12288,31.0,Sarkandaugavas iela,07/06/2019 08:01,16/06/2019 08:01
227,Latvia,Riga,Purvciems,Stirnu 38,1,30,2,Lietuviešu projekts,33000,1100.0,1,56.96197,24.19169,38.0,Stirnu iela,07/06/2019 08:01,16/06/2019 08:01
228,Latvia,Riga,Āgenskalns,Kuldīgas 16,3,74,1,Pirmskara projekts,75900,1025.68,1,56.95118,24.06617,16.0,Kuldīgas iela,07/06/2019 08:01,16/06/2019 08:01
229,Latvia,Riga,Sarkandaugava,Sarkandaugavas 26,2,40,1,Hruščova projekts,25700,642.5,1,57.00171,24.12381,26.0,Sarkandaugavas iela,07/06/2019 08:01,16/06/2019 08:01
230,Latvia,Riga,Iļģuciems,Dzirciema 70,2,41,2,Hruščova projekts,37500,914.63,1,56.96625,24.05796,70.0,Dzirciema iela,07/06/2019 08:01,16/06/2019 08:01
231,Latvia,Riga,Centrs,Kalniņa 1,1,24,4,Renovēts,71390,2974.58,1,56.94935,24.12075,1.0,Alfrēda Kalniņa iela,07/06/2019 08:01,12/06/2019 08:01
233,Latvia,Riga,Centrs,Kalniņa 1,2,36,3,Renovēts,94490,2624.72,1,56.94935,24.12075,1.0,Alfrēda Kalniņa iela,07/06/2019 08:01,12/06/2019 08:01
234,Latvia,Riga,Centrs,Kalniņa 1,1,26,3,Renovēts,75990,2922.69,1,56.94935,24.12075,1.0,Alfrēda Kalniņa iela,07/06/2019 08:01,12/06/2019 08:01
238,Latvia,Riga,Imanta,Jūrmalas g. 92,3,60,3,Jaunais projekts,129999,2166.65,1,56.952,24.00367,92.0,Jūrmalas gatve,07/06/2019 08:01,16/06/2019 08:01
239,Latvia,Riga,Citi,Dzirciema 67,3,59,5,467. sērija,56000,949.15,1,56.96457,24.05546,67.0,Dzirciema iela,07/06/2019 08:01,16/06/2019 08:01
240,Latvia,Riga,Centrs,Ganību d. 14,2,54,1,Pirmskara projekts,52000,962.96,1,56.97286,24.11172,14.0,Ganību dambis,07/06/2019 08:01,16/06/2019 08:01
241,Latvia,Riga,Centrs,Nītaures 3,3,101,3,Jaunais projekts,210000,2079.21,1,56.96365,24.12345,3.0,Nītaures iela,07/06/2019 08:01,16/06/2019 08:01
242,Latvia,Riga,Vecmīlgrāvis,Emmas 10,2,68,1,Staļina projekts,20000,294.12,1,57.02848,24.10992,10.0,Emmas iela,07/06/2019 08:01,16/06/2019 08:01
243,Latvia,Riga,Centrs,Lenču 2,2,51,5,Renovēts,84000,1647.06,1,56.96157,24.11015,2.0,Lenču iela,07/06/2019 08:01,16/06/2019 08:01
244,Latvia,Riga,Centrs,Kalniņa 2,3,76,5,Pirmskara projekts,165000,2171.05,1,56.94917,24.12147,2.0,Alfrēda Kalniņa iela,07/06/2019 08:01,16/06/2019 08:01
245,Latvia,Riga,Citi,Mores 7,2,45,3,Hruščova projekts,40000,888.89,1,57.02,24.13527,7.0,Mores iela,07/06/2019 08:01,16/06/2019 08:01
246,Latvia,Riga,Pļavnieki,Saharova 5,3,63,1,602. sērija,52500,833.33,1,56.935,24.20132,5.0,Andreja Saharova iela,07/06/2019 08:01,16/06/2019 08:01
249,Latvia,Riga,Sarkandaugava,Duntes 56,2,31,4,Renovēts,40000,1290.32,1,56.99268,24.12509,56.0,Duntes iela,07/06/2019 08:01,16/06/2019 08:01
250,Latvia,Riga,Centrs,Brīvības 111,2,57,2,Pirmskara projekts,78500,1377.19,1,56.96303,24.13444,111.0,Brīvības iela,07/06/2019 08:01,16/06/2019 08:01
251,Latvia,Riga,Zolitūde,Bieziņa 12,3,73,9,119. sērija,72500,993.15,1,56.94558,24.02429,12.0,Aleksandra Bieziņa iela,07/06/2019 08:01,16/06/2019 08:01
252,Latvia,Riga,Sarkandaugava,Aptiekas 8,3,81,4,Staļina projekts,75000,925.93,1,56.99669,24.12268,8.0,Aptiekas iela,07/06/2019 08:01,16/06/2019 08:01
253,Latvia,Riga,Pļavnieki,Dravnieku 2,3,72,4,104. sērija,68000,944.44,1,56.94341,24.20999,2.0,Dravnieku iela,07/06/2019 08:01,16/06/2019 08:01
254,Latvia,Riga,Āgenskalns,Valentīna 16,3,68,1,Jaunais projekts,98000,1441.18,1,56.94103,24.05391,16.0,Valentīna iela,07/06/2019 08:01,16/06/2019 08:01
255,Latvia,Riga,Centrs,Dzirnavu 119,2,53,5,Pirmskara projekts,65000,1226.42,1,56.94847,24.12523,119.0,Dzirnavu iela,07/06/2019 08:01,16/06/2019 08:01
256,Latvia,Riga,Pļavnieki,Lubānas 6,1,40,1,Mazģimeņu projekts,29500,737.5,1,56.93396,24.16075,6.0,Lubānas iela,07/06/2019 08:01,16/06/2019 08:01
257,Latvia,Riga,Centrs,J. Daliņa 8,4,130,12,Jaunais projekts,309000,2376.92,1,56.97171,24.12468,8.0,Jāņa Daliņa iela,07/06/2019 08:01,16/06/2019 08:01
258,Latvia,Riga,Purvciems,Braslas 53,3,70,3,Jaunais projekts,93000,1328.57,1,56.95759,24.1667,53.0,Braslas iela,07/06/2019 08:01,16/06/2019 08:01
259,Latvia,Riga,Daugavgrīva,Slimnīcas 11,2,47,2,103. sērija,38900,827.66,1,57.03809,24.02846,11.0,Slimnīcas iela,07/06/2019 08:01,10/06/2019 08:01
260,Latvia,Riga,Pļavnieki,Dzeņu 2,1,44,3,Mazģimeņu projekts,46000,1045.45,1,56.94019,24.20868,2.0,Dzeņu iela,07/06/2019 08:01,16/06/2019 08:01
261,Latvia,Riga,Sarkandaugava,Hāpsalas 5,1,18,5,Mazģimeņu projekts,13900,772.22,1,57.00094,24.12124,5.0,Hāpsalas iela,07/06/2019 08:01,16/06/2019 08:01
262,Latvia,Riga,Centrs,Klijānu 16,4,142,7,Jaunais projekts,210000,1478.87,1,56.97133,24.14974,21.0,Klijānu iela,07/06/2019 08:01,16/06/2019 08:01
263,Latvia,Riga,Centrs,Blaumaņa 27,3,101,5,Pirmskara projekts,125000,1237.62,1,56.95197,24.12621,27.0,Blaumaņa iela,07/06/2019 08:01,16/06/2019 08:01
264,Latvia,Riga,Iļģuciems,Saulgožu 19,2,43,3,Hruščova projekts,40000,930.23,1,56.96774,24.048,19.0,Saulgožu iela,07/06/2019 08:01,16/06/2019 08:01
265,Latvia,Riga,Iļģuciems,Saulgožu 19,2,43,3,Hruščova projekts,40000,930.23,1,56.96774,24.048,19.0,Saulgožu iela,07/06/2019 08:01,16/06/2019 08:01
266,Latvia,Riga,Centrs,Vesetas 24,2,43,5,Jaunais projekts,107000,2488.37,1,56.97429,24.13057,27.0,Vesetas iela,07/06/2019 08:01,16/06/2019 08:01
267,Latvia,Riga,Purvciems,Ieriķu 41,1,30,3,Lietuviešu projekts,27600,920.0,1,56.96622,24.18247,41.0,Ieriķu iela,07/06/2019 08:01,16/06/2019 08:01
268,Latvia,Riga,Maskavas priekšpilsēta,Viļānu 6,2,51,5,Specprojekts,48000,941.18,1,56.94052,24.15323,6.0,Viļānu iela,07/06/2019 08:01,16/06/2019 08:01
269,Latvia,Riga,Centrs,Artilērijas 22,2,57,1,Pirmskara projekts,65000,1140.35,1,56.9592,24.1387,22.0,Artilērijas iela,07/06/2019 08:01,16/06/2019 08:01
270,Latvia,Riga,Purvciems,Dzelzavas 61,2,50,3,467. sērija,49900,998.0,1,56.95657,24.1943,61.0,Dzelzavas iela,07/06/2019 08:01,16/06/2019 08:01
271,Latvia,Riga,Āgenskalns,Elvīras 9,2,37,2,Lietuviešu projekts,41000,1108.11,1,56.94649,24.05562,9.0,Elvīras iela,07/06/2019 08:01,16/06/2019 08:01
273,Latvia,Riga,Ķengarags,Maskavas 243,3,62,9,467. sērija,44000,709.68,1,56.9258,24.16824,243.0,Maskavas iela,07/06/2019 08:01,16/06/2019 08:01
274,Latvia,Riga,Centrs,Rūpniecības 20,2,69,3,Jaunais projekts,156000,2260.87,1,56.96121,24.10414,20.0,Rūpniecības iela,07/06/2019 08:01,16/06/2019 08:01
275,Latvia,Riga,Citi,Slokas 40,3,66,3,Pirmskara projekts,83000,1257.58,1,56.95091,24.06499,40.0,Slokas iela,07/06/2019 08:01,16/06/2019 08:01
276,Latvia,Riga,Centrs,Ģertrūdes 69,5,120,5,Pirmskara projekts,225000,1875.0,1,56.95166,24.13352,69.0,Ģertrūdes iela,07/06/2019 08:01,16/06/2019 08:01
277,Latvia,Riga,Mežciems,Biķernieku 258,1,37,2,Staļina projekts,25000,675.68,1,56.96179,24.30317,258.0,Biķernieku iela,07/06/2019 08:01,10/06/2019 08:01
278,Latvia,Riga,Pļavnieki,Salnas 7,2,50,7,602. sērija,54990,1099.8,1,56.87186,24.13152,7.0,Salnas iela,07/06/2019 08:01,16/06/2019 08:01
279,Latvia,Riga,Jugla,Dzirnupes 1,1,17,1,Pirmskara projekts,23800,1400.0,1,56.9869,24.2508,1.0,Dzirnupes iela,07/06/2019 08:01,16/06/2019 08:01
280,Latvia,Riga,Zolitūde,Anniņmuižas 7,1,54,10,Jaunais projekts,69600,1288.89,1,56.94649,24.01297,7.0,Anniņmuižas iela,07/06/2019 08:01,16/06/2019 08:01
281,Latvia,Riga,Ķengarags,Krustpils 60,1,30,1,Hruščova projekts,17500,583.33,1,56.89579,24.2259,60.0,Krustpils iela,07/06/2019 08:01,16/06/2019 08:01
282,Latvia,Riga,Vecrīga,Aldaru 14,2,56,3,Pirmskara projekts,134900,2408.93,1,56.95115,24.1062,11.0,Aldaru iela,07/06/2019 08:01,16/06/2019 08:01
284,Latvia,Riga,Vecmīlgrāvis,Meldru 2,2,42,5,Hruščova projekts,25600,609.52,1,57.02775,24.10437,2.0,Meldru iela,07/06/2019 08:01,16/06/2019 08:01
285,Latvia,Riga,Vecmīlgrāvis,Meldru 2,2,42,5,Hruščova projekts,25600,609.52,1,57.02775,24.10437,2.0,Meldru iela,07/06/2019 08:01,16/06/2019 08:01
286,Latvia,Riga,Centrs,Bruņinieku 12,4,112,2,Pirmskara projekts,145600,1300.0,1,56.95813,24.12757,12.0,Bruņinieku iela,07/06/2019 08:01,16/06/2019 08:01
287,Latvia,Riga,Centrs,Tomsona 25,1,28,2,Hruščova projekts,44000,1571.43,1,56.96582,24.12612,25.0,Tomsona iela,07/06/2019 08:01,16/06/2019 08:01
288,Latvia,Riga,Ķengarags,Prūšu 22,2,40,5,Hruščova projekts,38000,950.0,1,56.91329,24.18599,22.0,Prūšu iela,07/06/2019 08:01,16/06/2019 08:01
289,Latvia,Riga,Pļavnieki,Ilūkstes 1,5,98,2,103. sērija,119000,1214.29,1,56.94615,24.19589,1.0,Ilūkstes iela,07/06/2019 08:01,16/06/2019 08:01
290,Latvia,Riga,Teika,Vairoga 32,3,65,3,Renovēts,134000,2061.54,1,56.96893,24.17178,32.0,Vairoga iela,07/06/2019 08:01,16/06/2019 08:01
291,Latvia,Riga,Sarkandaugava,Duntes 31,2,49,5,Pirmskara projekts,36500,744.9,1,56.99276,24.12294,31.0,Duntes iela,07/06/2019 08:01,16/06/2019 08:01
292,Latvia,Riga,Purvciems,Varavīksnes g. 20,2,51,4,602. sērija,50000,980.39,1,56.95064,24.20469,20.0,Varavīksnes gatve,07/06/2019 08:01,16/06/2019 08:01
294,Latvia,Riga,Sarkandaugava,Ziemeļu 20,2,54,4,Specprojekts,36000,666.67,1,57.0024,24.12019,20.0,Ziemeļu iela,07/06/2019 08:01,16/06/2019 08:01
295,Latvia,Riga,Āgenskalns,Valguma 31,2,68,4,Jaunais projekts,130000,1911.76,1,56.94313,24.09104,31.0,Valguma iela,07/06/2019 08:01,16/06/2019 08:01
296,Latvia,Riga,Sarkandaugava,Viestura pr. 9,2,42,1,Specprojekts,39999,952.36,1,56.99721,24.13104,9.0,Viestura prospekts,07/06/2019 08:01,16/06/2019 08:01
297,Latvia,Riga,Centrs,Dzirnavu 92,3,93,2,Renovēts,229000,2462.37,1,56.9505,24.12407,92.0,Dzirnavu iela,07/06/2019 08:01,16/06/2019 08:01
298,Latvia,Riga,Ziepniekkalns,Valdeķu 54,2,50,6,602. sērija,48900,978.0,1,56.90305,24.09878,54.0,Valdeķu iela,07/06/2019 08:01,16/06/2019 08:01
300,Latvia,Riga,Purvciems,Ūnijas 67,3,82,4,Jaunais projekts,153340,1870.0,1,56.96497,24.17775,67.0,Ūnijas iela,07/06/2019 08:01,16/06/2019 08:01
301,Latvia,Riga,Purvciems,Ūnijas 67,3,88,6,Jaunais projekts,165308,1878.5,1,56.96497,24.17775,67.0,Ūnijas iela,07/06/2019 08:01,16/06/2019 08:01
302,Latvia,Riga,Purvciems,Ūnijas 67,3,67,3,Jaunais projekts,135000,2014.93,1,56.96497,24.17775,67.0,Ūnijas iela,07/06/2019 08:01,16/06/2019 08:01
303,Latvia,Riga,Centrs,Valdemāra 73,5,130,6,Pirmskara projekts,199000,1530.77,1,56.96218,24.12324,73.0,Krišjāņa Valdemāra iela,07/06/2019 08:01,16/06/2019 08:01
304,Latvia,Riga,Iļģuciems,Dagmāras 18,1,34,3,103. sērija,45000,1323.53,1,56.96443,24.06267,18.0,Dagmāras iela,07/06/2019 08:01,16/06/2019 08:01
305,Latvia,Riga,Centrs,Valdemāra 69,2,36,3,Renovēts,65990,1833.06,1,56.96186,24.12278,69.0,Krišjāņa Valdemāra iela,07/06/2019 08:01,16/06/2019 08:01
306,Latvia,Riga,Citi,Rusova 2,2,42,1,Specprojekts,45000,1071.43,1,56.98877,24.16598,2.0,Rusova iela,07/06/2019 08:01,16/06/2019 08:01
307,Latvia,Riga,Āgenskalns,Daugavgrīvas 60,1,47,2,Specprojekts,44000,936.17,1,56.95629,24.0685,60.0,Daugavgrīvas iela,07/06/2019 08:01,16/06/2019 08:01
308,Latvia,Riga,Vecmīlgrāvis,Emmas 28,2,38,2,Renovēts,46900,1234.21,1,57.03219,24.11679,28.0,Emmas iela,07/06/2019 08:01,16/06/2019 08:01
309,Latvia,Riga,Āgenskalns,Melnsila 14,2,46,1,Renovēts,59500,1293.48,1,56.94403,24.06655,14.0,Melnsila iela,07/06/2019 08:01,16/06/2019 08:01
310,Latvia,Riga,Centrs,Stabu 21,4,133,4,Pirmskara projekts,169000,1270.68,1,56.95737,24.12658,21.0,Stabu iela,07/06/2019 08:01,16/06/2019 08:01
312,Latvia,Riga,Vecmīlgrāvis,Edžiņa g. 9,3,68,5,Lietuviešu projekts,48500,713.24,1,57.03147,24.10653,9.0,Edžiņa gatve,07/06/2019 08:01,11/06/2019 08:00
313,Latvia,Riga,Centrs,Zaļā 7,2,36,2,Pirmskara projekts,79750,2215.28,1,56.95976,24.11528,7.0,Zaļā iela,07/06/2019 08:01,16/06/2019 08:01
314,Latvia,Riga,Citi,Klīveru 1,3,42,4,Pirmskara projekts,57000,1357.14,1,56.94304,24.09167,1.0,Klīveru iela,07/06/2019 08:01,16/06/2019 08:01
316,Latvia,Riga,Zolitūde,Bieziņa 7,2,60,7,119. sērija,59000,983.33,1,56.94514,24.01977,7.0,Aleksandra Bieziņa iela,07/06/2019 08:01,16/06/2019 08:01
318,Latvia,Riga,Jugla,Vidzemes al. 2,2,46,3,Specprojekts,45500,989.13,1,56.99319,24.24179,2.0,Vidzemes aleja,07/06/2019 08:01,16/06/2019 08:01
319,Latvia,Riga,Ziepniekkalns,Dignājas 3,2,54,1,Jaunais projekts,65500,1212.96,1,56.91327,24.11924,3.0,Dignājas iela,07/06/2019 08:01,16/06/2019 08:01
320,Latvia,Riga,Centrs,Birznieka-Upīša 29,3,80,4,Renovēts,187000,2337.5,1,56.94981,24.13146,29.0,Ernesta Birznieka-Upīša iela,07/06/2019 08:01,16/06/2019 08:01
321,Latvia,Riga,Pļavnieki,Salnas 21,2,45,4,Jaunais projekts,72300,1606.67,1,56.94229,24.22901,21.0,Salnas iela,07/06/2019 08:01,16/06/2019 08:01
322,Latvia,Riga,Centrs,Ausekļa 5,4,152,2,Renovēts,380000,2500.0,1,56.96072,24.09983,5.0,Ausekļa iela,07/06/2019 08:01,16/06/2019 08:01
323,Latvia,Riga,Šampēteris-Pleskodāle,Zalves 44,2,43,3,Staļina projekts,45500,1058.14,1,56.93954,24.03864,44.0,Zalves iela,07/06/2019 08:01,16/06/2019 08:01
324,Latvia,Riga,Centrs,Vesetas 30,2,44,6,Hruščova projekts,49800,1131.82,1,56.9721,24.13009,30.0,Vesetas iela,07/06/2019 08:01,16/06/2019 08:01
325,Latvia,Riga,Āgenskalns,Mūkusalas 7,1,33,1,Pirmskara projekts,19000,575.76,1,56.93963,24.09909,7.0,Mūkusalas iela,07/06/2019 08:01,16/06/2019 08:01
326,Latvia,Riga,Vecrīga,Vāgnera 12,2,34,3,Renovēts,65000,1911.76,1,56.94875,24.11127,12.0,Riharda Vāgnera iela,07/06/2019 08:01,16/06/2019 08:01
327,Latvia,Riga,Zolitūde,Zolitūdes 75,3,173,1,Jaunais projekts,133500,771.68,1,56.94107,24.00455,75.0,Zolitūdes iela,07/06/2019 08:01,16/06/2019 08:01
328,Latvia,Riga,Āgenskalns,Liepājas 78,3,77,2,Jaunais projekts,143000,1857.14,1,56.92295,24.05412,78.0,Liepājas iela,07/06/2019 08:01,16/06/2019 08:01
329,Latvia,Riga,Vecmīlgrāvis,Emmas 28,2,37,3,Renovēts,43900,1186.49,1,57.03219,24.11679,28.0,Emmas iela,07/06/2019 08:01,16/06/2019 08:01
330,Latvia,Riga,Citi,Albatrosu 26,2,53,5,602. sērija,46000,867.92,1,57.05247,24.06594,26.0,Albatrosu iela,07/06/2019 08:01,16/06/2019 08:01
331,Latvia,Riga,Purvciems,Ilūkstes 101,2,48,3,467. sērija,61000,1270.83,1,56.9508,24.19601,101.0,Ilūkstes iela,07/06/2019 08:01,16/06/2019 08:01
332,Latvia,Riga,Centrs,Ģertrūdes 62,1,38,5,Pirmskara projekts,56000,1473.68,1,56.95116,24.13366,62.0,Ģertrūdes iela,07/06/2019 08:01,16/06/2019 08:01
333,Latvia,Riga,Centrs,Valmieras 39,1,35,2,Pirmskara projekts,28999,828.54,1,56.95079,24.14854,39.0,Valmieras iela,07/06/2019 08:01,16/06/2019 08:01
335,Latvia,Riga,Pļavnieki,Ilūkstes 34,3,80,1,119. sērija,69500,868.75,1,56.94578,24.19636,34.0,Ilūkstes iela,07/06/2019 08:01,16/06/2019 08:01
336,Latvia,Riga,Centrs,Tērbatas 20,2,46,4,Pirmskara projekts,72000,1565.22,1,56.95404,24.12229,20.0,Tērbatas iela,07/06/2019 08:01,16/06/2019 08:01
337,Latvia,Riga,Centrs,Tērbatas 20,1,33,2,Pirmskara projekts,58000,1757.58,1,56.95404,24.12229,20.0,Tērbatas iela,07/06/2019 08:01,16/06/2019 08:01
338,Latvia,Riga,Centrs,Ausekļa 5,4,162,2,Renovēts,300000,1851.85,1,56.96072,24.09983,5.0,Ausekļa iela,07/06/2019 08:01,16/06/2019 08:01
339,Latvia,Riga,Purvciems,Stirnu 5,2,59,4,119. sērija,61800,1047.46,1,56.95091,24.18261,5.0,Stirnu iela,07/06/2019 08:01,16/06/2019 08:01
340,Latvia,Riga,Teika,Ropažu 98,1,23,1,Specprojekts,17200,747.83,1,56.98292,24.18981,98.0,Ropažu iela,07/06/2019 08:01,16/06/2019 08:01
341,Latvia,Riga,Citi,Jelgavas 63,3,91,1,Jaunais projekts,119500,1313.19,1,56.92827,24.09294,63.0,Jelgavas iela,07/06/2019 08:01,16/06/2019 08:01
342,Latvia,Riga,Centrs,Blaumaņa 12,3,63,3,Renovēts,146875,2331.35,1,56.95464,24.12233,12.0,Blaumaņa iela,07/06/2019 08:01,16/06/2019 08:01
344,Latvia,Riga,Centrs,Avotu 66,2,48,5,Pirmskara projekts,49900,1039.58,1,56.95286,24.14368,66.0,Avotu iela,07/06/2019 08:01,16/06/2019 08:01
345,Latvia,Riga,Citi,Zeltiņu 58,1,43,5,Mazģimeņu projekts,34000,790.7,1,56.94573,24.17705,58.0,Zeltiņu iela,07/06/2019 08:01,16/06/2019 08:01
346,Latvia,Riga,Centrs,Tallinas 1,2,67,3,Jaunais projekts,119000,1776.12,1,56.96545,24.13373,1.0,Tallinas iela,07/06/2019 08:01,16/06/2019 08:01
347,Latvia,Riga,Purvciems,Ilūkstes 103,3,69,4,103. sērija,73500,1065.22,1,56.95378,24.19434,103.0,Ilūkstes iela,07/06/2019 08:01,16/06/2019 08:01
348,Latvia,Riga,Āgenskalns,Kūdras 7,2,48,5,Lietuviešu projekts,67000,1395.83,1,56.94715,24.0546,7.0,Kūdras iela,07/06/2019 08:01,16/06/2019 08:01
350,Latvia,Riga,Bolderāja,Lemešu 3,2,50,4,Lietuviešu projekts,38000,760.0,1,57.03375,24.05749,3.0,Lemešu iela,07/06/2019 08:01,16/06/2019 08:01
352,Latvia,Riga,Daugavgrīva,Esplanādes 5,3,66,1,103. sērija,54000,818.18,1,57.0418,24.03456,5.0,Esplanādes iela,07/06/2019 08:01,16/06/2019 08:01
353,Latvia,Riga,Ķengarags,Salaspils 18,2,39,5,Lietuviešu projekts,42995,1102.44,1,56.91875,24.18346,18.0,Salaspils iela,07/06/2019 08:01,16/06/2019 08:01
354,Latvia,Riga,Daugavgrīva,Esplanādes 6,1,32,5,103. sērija,22500,703.13,1,57.0416,24.03401,6.0,Esplanādes iela,07/06/2019 08:01,16/06/2019 08:01
355,Latvia,Riga,Iļģuciems,Dagmāras 14,2,43,3,Hruščova projekts,42000,976.74,1,56.96435,24.06195,14.0,Dagmāras iela,07/06/2019 08:01,16/06/2019 08:01
356,Latvia,Riga,Pļavnieki,Salnas 2,2,50,9,602. sērija,48192,963.84,1,56.94319,24.21748,2.0,Salnas iela,07/06/2019 08:01,16/06/2019 08:01
358,Latvia,Riga,Citi,Bauskas 151,2,37,2,Specprojekts,20000,540.54,1,56.91377,24.1417,151.0,Bauskas iela,07/06/2019 08:01,16/06/2019 08:01
359,Latvia,Riga,Citi,Traleru 3,3,69,1,Staļina projekts,55000,797.1,1,57.06144,24.05636,3.0,Traleru iela,07/06/2019 08:01,16/06/2019 08:01
360,Latvia,Riga,Centrs,Birznieka-Upīša 13,2,55,4,Jaunais projekts,120000,2181.82,1,56.94911,24.12647,13.0,Ernesta Birznieka-Upīša iela,07/06/2019 08:01,16/06/2019 08:01
361,Latvia,Riga,Ziepniekkalns,Valdeķu 68,2,51,7,602. sērija,48900,958.82,1,56.90013,24.09429,68.0,Valdeķu iela,07/06/2019 08:01,16/06/2019 08:01
362,Latvia,Riga,Citi,Balasta d. 72,4,151,3,Jaunais projekts,360000,2384.11,1,56.9587,24.08421,72.0,Balasta dambis,07/06/2019 08:01,16/06/2019 08:01
363,Latvia,Riga,Purvciems,Dzelzavas 68,3,76,14,Specprojekts,126000,1657.89,1,56.9566,24.18662,68.0,Dzelzavas iela,07/06/2019 08:01,16/06/2019 08:01
364,Latvia,Riga,Teika,Ropažu 12,4,122,9,Jaunais projekts,172000,1409.84,1,56.97745,24.16728,12.0,Ropažu iela,07/06/2019 08:01,16/06/2019 08:01
365,Latvia,Riga,Purvciems,Dzelzavas 13,2,47,4,Hruščova projekts,47000,1000.0,1,56.96337,24.17052,13.0,Dzelzavas iela,07/06/2019 08:01,16/06/2019 08:01
366,Latvia,Riga,Centrs,Pulkv. Brieža 35,3,73,5,Jaunais projekts,182750,2503.42,1,56.96606,24.10569,35.0,Pulkveža Brieža iela,07/06/2019 08:01,16/06/2019 08:01
367,Latvia,Riga,Centrs,Ganu 3,2,57,2,Pirmskara projekts,88000,1543.86,1,56.9617,24.10893,3.0,Ganu iela,07/06/2019 08:01,16/06/2019 08:01
368,Latvia,Riga,Grīziņkalns,Asara 12,1,25,1,Renovēts,40000,1600.0,1,56.95524,24.14978,12.0,Jāņa Asara iela,07/06/2019 08:01,16/06/2019 08:01
369,Latvia,Riga,Citi,Brīvības 446,3,130,2,Jaunais projekts,187000,1438.46,1,56.99559,24.26602,446.0,Brīvības gatve,07/06/2019 08:01,16/06/2019 08:01
370,Latvia,Riga,Grīziņkalns,Asara 12,2,53,2,Renovēts,90000,1698.11,1,56.95524,24.14978,12.0,Jāņa Asara iela,07/06/2019 08:01,16/06/2019 08:01
371,Latvia,Riga,Zolitūde,Ruses 3,4,92,7,119. sērija,85000,923.91,1,56.9482,24.00274,3.0,Ruses iela,07/06/2019 08:01,16/06/2019 08:01
372,Latvia,Riga,Šampēteris-Pleskodāle,Volguntes 50,2,45,2,Pirmskara projekts,35000,777.78,1,56.93655,24.03518,50.0,Volguntes iela,07/06/2019 08:01,16/06/2019 08:01
373,Latvia,Riga,Centrs,Tallinas 90,1,25,2,Pirmskara projekts,43000,1720.0,1,56.95626,24.14881,90.0,Tallinas iela,07/06/2019 08:01,16/06/2019 08:01
374,Latvia,Riga,Centrs,Pētersalas 7,3,75,2,Pirmskara projekts,107000,1426.67,1,56.96781,24.1038,7.0,Pētersalas iela,07/06/2019 08:01,16/06/2019 08:01
376,Latvia,Riga,Ziepniekkalns,Liesmas 4,2,69,3,Jaunais projekts,95000,1376.81,1,56.89702,24.08669,4.0,Liesmas iela,07/06/2019 08:01,16/06/2019 08:01
377,Latvia,Riga,Centrs,Valdemāra 69,2,32,3,Renovēts,59990,1874.69,1,56.96186,24.12278,69.0,Krišjāņa Valdemāra iela,07/06/2019 08:01,16/06/2019 08:01
378,Latvia,Riga,Zolitūde,Lejiņa 10,1,46,1,119. sērija,42500,923.91,1,56.94726,24.01813,10.0,Paula Lejiņa iela,07/06/2019 08:01,16/06/2019 08:01
379,Latvia,Riga,Centrs,Barona 14,1,25,3,Renovēts,63000,2520.0,1,56.95085,24.12078,14.0,Krišjāņa Barona iela,07/06/2019 08:01,16/06/2019 08:01
380,Latvia,Riga,Teika,Burtnieku 33,1,18,2,Mazģimeņu projekts,18300,1016.67,1,56.96907,24.18228,33.0,Burtnieku iela,07/06/2019 08:01,16/06/2019 08:01
381,Latvia,Riga,Teika,Ūnijas 34,2,40,1,Pirmskara projekts,23290,582.25,1,56.96658,24.17308,34.0,Ūnijas iela,07/06/2019 08:01,16/06/2019 08:01
383,Latvia,Riga,Āgenskalns,Gregora 6,3,61,2,Lietuviešu projekts,67900,1113.11,1,56.94605,24.05242,6.0,Gregora iela,07/06/2019 08:01,16/06/2019 08:01
384,Latvia,Riga,Citi,Kuldīgas 8,3,61,2,Lietuviešu projekts,67900,1113.11,1,56.95199,24.06772,8.0,Kuldīgas iela,07/06/2019 08:01,16/06/2019 08:01
385,Latvia,Riga,Centrs,Valdemāra 69,2,41,3,Renovēts,72990,1780.24,1,56.96186,24.12278,69.0,Krišjāņa Valdemāra iela,07/06/2019 08:01,16/06/2019 08:01
386,Latvia,Riga,Purvciems,Madonas 19,2,57,1,119. sērija,65900,1156.14,1,56.96076,24.16993,19.0,Madonas iela,07/06/2019 08:01,16/06/2019 08:01
387,Latvia,Riga,Centrs,Valdemāra 69,2,37,3,Renovēts,67990,1837.57,1,56.96186,24.12278,69.0,Krišjāņa Valdemāra iela,07/06/2019 08:01,16/06/2019 08:01
391,Latvia,Riga,Centrs,Eksporta 12,3,105,4,Renovēts,154000,1466.67,1,56.96884,24.09823,12.0,Eksporta iela,07/06/2019 08:01,16/06/2019 08:01
392,Latvia,Riga,Teika,Bajāru 16,3,65,1,Jaunais projekts,106000,1630.77,1,56.97204,24.18072,16.0,Bajāru iela,07/06/2019 08:01,16/06/2019 08:01
393,Latvia,Riga,Iļģuciems,Slokas 102,1,44,2,Pirmskara projekts,30000,681.82,1,56.96111,24.05165,102.0,Slokas iela,07/06/2019 08:01,16/06/2019 08:01
394,Latvia,Riga,Centrs,Valdemāra 69,2,55,2,Renovēts,82990,1508.91,1,56.96186,24.12278,69.0,Krišjāņa Valdemāra iela,07/06/2019 08:01,16/06/2019 08:01
395,Latvia,Riga,Centrs,Hospitāļu 15,2,46,2,Pirmskara projekts,64000,1391.3,1,56.97075,24.13532,15.0,Hospitāļu iela,07/06/2019 08:01,16/06/2019 08:01
396,Latvia,Riga,Centrs,Avotu 53,2,46,1,Pirmskara projekts,64000,1391.3,1,56.95245,24.14053,53.0,Avotu iela,07/06/2019 08:01,16/06/2019 08:01
397,Latvia,Riga,Centrs,Blaumaņa 34,3,60,3,Renovēts,106920,1782.0,1,56.95195,24.12559,34.0,Blaumaņa iela,07/06/2019 08:01,16/06/2019 08:01
398,Latvia,Riga,Centrs,Grostonas 19,4,110,8,Jaunais projekts,275000,2500.0,1,56.97036,24.12423,19.0,Grostonas iela,07/06/2019 08:01,16/06/2019 08:01
400,Latvia,Riga,Sarkandaugava,Sofijas 6,2,27,1,103. sērija,12500,462.96,1,56.99917,24.12064,6.0,Sofijas iela,07/06/2019 08:01,16/06/2019 08:01
401,Latvia,Riga,Purvciems,Stirnu 57,1,30,5,Lietuviešu projekts,34000,1133.33,1,56.96472,24.1921,57.0,Stirnu iela,07/06/2019 08:01,16/06/2019 08:01
402,Latvia,Riga,Pļavnieki,Pavasara g. 4,4,77,4,602. sērija,65000,844.16,1,56.9342,24.19827,4.0,Pavasara gatve,07/06/2019 08:01,10/06/2019 08:01
403,Latvia,Riga,Centrs,Pērnavas 33,4,84,2,Jaunais projekts,129000,1535.71,1,56.95641,24.15318,33.0,Pērnavas iela,07/06/2019 08:01,11/06/2019 08:00
404,Latvia,Riga,Šampēteris-Pleskodāle,Zalves 35,4,136,2,Jaunais projekts,200000,1470.59,1,56.93807,24.03666,35.0,Zalves iela,07/06/2019 08:01,16/06/2019 08:01
405,Latvia,Riga,Mežaparks,Viestura pr. 51,1,35,5,Specprojekts,28000,800.0,1,57.00236,24.12755,51.0,Viestura prospekts,07/06/2019 08:01,16/06/2019 08:01
406,Latvia,Riga,Centrs,Brīvības 147,3,85,3,Pirmskara projekts,136000,1600.0,1,56.96547,24.14246,147.0,Brīvības iela,07/06/2019 08:01,16/06/2019 08:01
407,Latvia,Riga,Centrs,Valdemāra 69,2,39,3,Renovēts,69990,1794.62,1,56.96186,24.12278,69.0,Krišjāņa Valdemāra iela,07/06/2019 08:01,16/06/2019 08:01
408,Latvia,Riga,Centrs,Eksporta 12,2,53,4,Renovēts,87000,1641.51,1,56.96884,24.09823,12.0,Eksporta iela,07/06/2019 08:01,16/06/2019 08:01
409,Latvia,Riga,Āgenskalns,Slokas 48,2,36,5,Specprojekts,42000,1166.67,1,56.95244,24.06356,48.0,Slokas iela,07/06/2019 08:01,14/06/2019 08:01
410,Latvia,Riga,Ķengarags,Lokomotīves 60,2,49,4,Lietuviešu projekts,44000,897.96,1,56.90669,24.20323,60.0,Lokomotīves iela,07/06/2019 08:01,16/06/2019 08:01
411,Latvia,Riga,Citi,Valguma 17,1,33,3,Pirmskara projekts,39700,1203.03,1,56.94233,24.0941,17.0,Valguma iela,07/06/2019 08:01,16/06/2019 08:01
412,Latvia,Riga,Citi,Vecāķu pr. 111,3,44,2,Specprojekts,44999,1022.7,1,57.05911,24.10547,111.0,Vecāķu prospekts,07/06/2019 08:01,16/06/2019 08:01
413,Latvia,Riga,Imanta,Anniņmuižas 43,4,98,8,Jaunais projekts,186000,1897.96,1,56.9591,24.01397,43.0,Anniņmuižas bulvāris,07/06/2019 08:01,16/06/2019 08:01
414,Latvia,Riga,Centrs,Kalniņa 1,1,23,5,Renovēts,64090,2786.52,1,56.94935,24.12075,1.0,Alfrēda Kalniņa iela,07/06/2019 08:01,16/06/2019 08:01
415,Latvia,Riga,Centrs,Kalniņa 1,1,24,3,Renovēts,69290,2887.08,1,56.94935,24.12075,1.0,Alfrēda Kalniņa iela,07/06/2019 08:01,11/06/2019 08:00
416,Latvia,Riga,Centrs,Kalniņa 1,1,27,2,Renovēts,77690,2877.41,1,56.94935,24.12075,1.0,Alfrēda Kalniņa iela,07/06/2019 08:01,16/06/2019 08:01
417,Latvia,Riga,Vecmīlgrāvis,Melīdas 3,2,50,5,Lietuviešu projekts,32000,640.0,1,57.03039,24.10702,3.0,Melīdas iela,07/06/2019 08:01,16/06/2019 08:01
418,Latvia,Riga,Sarkandaugava,Aptiekas 11,5,135,1,Pirmskara projekts,33000,244.44,1,56.99784,24.11913,11.0,Aptiekas iela,07/06/2019 08:01,16/06/2019 08:01
420,Latvia,Riga,Ķengarags,Malnavas 18,1,37,5,Hruščova projekts,35000,945.95,1,56.91088,24.19076,18.0,Malnavas iela,07/06/2019 08:01,16/06/2019 08:01
421,Latvia,Riga,Pļavnieki,Dzeņu 2,1,40,9,Mazģimeņu projekts,29000,725.0,1,56.94019,24.20868,2.0,Dzeņu iela,07/06/2019 08:01,16/06/2019 08:01
422,Latvia,Riga,Centrs,Valdemāra 69,2,54,3,Renovēts,89990,1666.48,1,56.96186,24.12278,69.0,Krišjāņa Valdemāra iela,07/06/2019 08:01,16/06/2019 08:01
423,Latvia,Riga,Centrs,Valdemāra 69,2,32,3,Renovēts,58990,1843.44,1,56.96186,24.12278,69.0,Krišjāņa Valdemāra iela,07/06/2019 08:01,16/06/2019 08:01
424,Latvia,Riga,Centrs,Valdemāra 69,2,33,3,Renovēts,56990,1726.97,1,56.96186,24.12278,69.0,Krišjāņa Valdemāra iela,07/06/2019 08:01,16/06/2019 08:01
425,Latvia,Riga,Citi,Ļaudonas 1,2,86,1,Jaunais projekts,98000,1139.53,1,56.93424,24.1848,1.0,Ļaudonas iela,07/06/2019 08:01,16/06/2019 08:01
426,Latvia,Riga,Centrs,Martas 7,3,78,4,Jaunais projekts,259000,3320.51,1,56.95534,24.12784,7.0,Martas iela,07/06/2019 08:01,16/06/2019 08:01
430,Latvia,Riga,Zolitūde,Ruses 9,2,59,6,119. sērija,58000,983.05,1,56.94745,24.00542,9.0,Ruses iela,07/06/2019 08:01,16/06/2019 08:01
432,Latvia,Riga,Centrs,J. Daliņa 2,3,52,4,Hruščova projekts,56000,1076.92,1,56.97018,24.13114,2.0,Jāņa Daliņa iela,07/06/2019 08:01,16/06/2019 08:01
433,Latvia,Riga,Mežaparks,Viestura pr. 71,3,57,3,Specprojekts,46900,822.81,1,57.0062,24.12658,71.0,Viestura prospekts,07/06/2019 08:01,16/06/2019 08:01
434,Latvia,Riga,Imanta,Slokas 205,2,50,1,Lietuviešu projekts,45800,916.0,1,56.9628,24.00965,205.0,Slokas iela,07/06/2019 08:01,16/06/2019 08:01
435,Latvia,Riga,Mežciems,Mežciema 52,4,76,2,602. sērija,89000,1171.05,1,56.97335,24.23897,52.0,Mežciema iela,07/06/2019 08:01,16/06/2019 08:01
436,Latvia,Riga,Purvciems,Viršu 4,3,70,8,104. sērija,90000,1285.71,1,56.95212,24.17939,4.0,Viršu iela,07/06/2019 08:01,16/06/2019 08:01
437,Latvia,Riga,Purvciems,Dzelzavas 27,2,39,4,Lietuviešu projekts,38000,974.36,1,56.96068,24.17888,27.0,Dzelzavas iela,07/06/2019 08:01,16/06/2019 08:01
438,Latvia,Riga,Krasta rajons,Zilupes 16,4,75,4,467. sērija,83500,1113.33,1,56.92659,24.16984,25.0,Zilupes iela,07/06/2019 08:01,16/06/2019 08:01
440,Latvia,Riga,Vecrīga,Kalēju 74,3,102,2,Jaunais projekts,250000,2450.98,1,56.94553,24.11165,74.0,Kalēju iela,07/06/2019 08:01,16/06/2019 08:01
441,Latvia,Riga,Centrs,Vēžu 14,4,116,3,Jaunais projekts,185000,1594.83,1,56.97115,24.10076,14.0,Vēžu iela,07/06/2019 08:01,16/06/2019 08:01
442,Latvia,Riga,Āgenskalns,Valentīna 16,3,68,1,Jaunais projekts,98000,1441.18,1,56.94103,24.05391,16.0,Valentīna iela,07/06/2019 08:01,16/06/2019 08:01
443,Latvia,Riga,Mežaparks,Hamburgas 17,3,82,3,Pirmskara projekts,158000,1926.83,1,56.99847,24.16713,17.0,Hamburgas iela,07/06/2019 08:01,16/06/2019 08:01
444,Latvia,Riga,Centrs,Zaubes 1,5,149,2,Pirmskara projekts,250000,1677.85,1,56.96278,24.12301,1.0,Zaubes iela,07/06/2019 08:01,16/06/2019 08:01
445,Latvia,Riga,Citi,Čiekuru 10,2,47,1,Pirmskara projekts,20000,425.53,1,57.02337,24.14197,10.0,Čiekuru iela,07/06/2019 08:01,16/06/2019 08:01
446,Latvia,Riga,Jugla,Kvēles 29,2,47,2,Hruščova projekts,37000,787.23,1,56.98214,24.24702,29.0,Kvēles iela,07/06/2019 08:01,16/06/2019 08:01
447,Latvia,Riga,Imanta,Dammes 40,3,64,1,602. sērija,61000,953.13,1,56.96651,24.01038,40.0,Dammes iela,07/06/2019 08:01,16/06/2019 08:01
448,Latvia,Riga,Krasta rajons,Salacas 21,1,33,3,467. sērija,37000,1121.21,1,56.92734,24.17242,21.0,Salacas iela,07/06/2019 08:01,16/06/2019 08:01
449,Latvia,Riga,Ziepniekkalns,Līvciema 43,2,43,2,Hruščova projekts,46500,1081.4,1,56.90469,24.10299,43.0,Līvciema iela,07/06/2019 08:01,16/06/2019 08:01
450,Latvia,Riga,Vecrīga,Šķūņu 13,4,134,6,Pirmskara projekts,280000,2089.55,1,56.94923,24.10714,13.0,Šķūņu iela,07/06/2019 08:01,16/06/2019 08:01
451,Latvia,Riga,Centrs,Vīlandes 20,3,74,1,Pirmskara projekts,139000,1878.38,1,56.96206,24.10275,20.0,Vīlandes iela,07/06/2019 08:01,16/06/2019 08:01
452,Latvia,Riga,Vecrīga,Kungu 25,3,103,3,Jaunais projekts,185000,1796.12,1,56.94561,24.10951,25.0,Kungu iela,07/06/2019 08:01,16/06/2019 08:01
453,Latvia,Riga,Centrs,Stabu 41,2,45,4,Pirmskara projekts,65000,1444.44,1,56.95542,24.1306,41.0,Stabu iela,07/06/2019 08:01,16/06/2019 08:01
455,Latvia,Riga,Centrs,Dzirnavu 60,4,93,4,Renovēts,255000,2741.94,1,56.95429,24.1195,60.0,Dzirnavu iela,07/06/2019 08:01,16/06/2019 08:01
456,Latvia,Riga,Centrs,Raiņa bulv. 2,4,102,5,Renovēts,285000,2794.12,1,56.95423,24.10924,2.0,Raiņa bulvāris,07/06/2019 08:01,16/06/2019 08:01
457,Latvia,Riga,Krasta rajons,Lubānas 16,1,33,4,467. sērija,39000,1181.82,1,56.93257,24.16353,16.0,Lubānas iela,07/06/2019 08:01,16/06/2019 08:01
458,Latvia,Riga,Bolderāja,Lemešu 19,3,70,5,Lietuviešu projekts,56000,800.0,1,57.03237,24.05162,19.0,Lemešu iela,07/06/2019 08:01,16/06/2019 08:01
459,Latvia,Riga,Centrs,Birznieka-Upīša 26,2,58,4,Pirmskara projekts,79000,1362.07,1,56.94962,24.13156,26.0,Ernesta Birznieka-Upīša iela,07/06/2019 08:01,16/06/2019 08:01
460,Latvia,Riga,Pļavnieki,Salnas 21,2,41,1,Jaunais projekts,63000,1536.59,1,56.94229,24.22901,21.0,Salnas iela,07/06/2019 08:01,16/06/2019 08:01
461,Latvia,Riga,Purvciems,Ieriķu 44,2,60,1,Staļina projekts,65000,1083.33,1,56.96569,24.17906,44.0,Ieriķu iela,07/06/2019 08:01,16/06/2019 08:01
462,Latvia,Riga,Purvciems,Pūces 45,2,82,1,Jaunais projekts,97000,1182.93,1,56.95258,24.19018,45.0,Pūces iela,07/06/2019 08:01,16/06/2019 08:01
464,Latvia,Riga,Pļavnieki,Jasmuižas 9,4,75,3,467. sērija,73500,980.0,1,56.93695,24.21042,9.0,Jasmuižas iela,07/06/2019 08:01,16/06/2019 08:01
466,Latvia,Riga,Teika,Bērzpils 1,2,47,4,Hruščova projekts,40000,851.06,1,56.9792,24.17073,1.0,Bērzpils iela,07/06/2019 08:01,16/06/2019 08:01
468,Latvia,Riga,Imanta,Zentenes 37,3,55,1,Lietuviešu projekts,64200,1167.27,1,56.95983,24.00127,37.0,Zentenes iela,07/06/2019 08:01,16/06/2019 08:01
469,Latvia,Riga,Ķengarags,Lokomotīves 88,2,36,1,Lietuviešu projekts,31500,875.0,1,56.90221,24.21424,88.0,Lokomotīves iela,07/06/2019 08:01,16/06/2019 08:01
471,Latvia,Riga,Zolitūde,Gramzdas 78,2,64,1,Jaunais projekts,97000,1515.63,1,56.9427,24.00621,78.0,Gramzdas iela,07/06/2019 08:01,16/06/2019 08:01
472,Latvia,Riga,Āgenskalns,Dreiliņu 18,2,41,3,Hruščova projekts,51900,1265.85,1,56.94348,24.05944,18.0,Dreiliņu iela,07/06/2019 08:01,16/06/2019 08:01
473,Latvia,Riga,Imanta,Kleistu 2,3,65,2,Specprojekts,76000,1169.23,1,56.95986,24.02149,2.0,Kleistu iela,07/06/2019 08:01,16/06/2019 08:01
474,Latvia,Riga,Pļavnieki,Salnas 21,3,92,1,Jaunais projekts,149000,1619.57,1,56.94229,24.22901,21.0,Salnas iela,07/06/2019 08:01,16/06/2019 08:01
475,Latvia,Riga,Pļavnieki,Keldiša 1,1,40,2,Mazģimeņu projekts,37300,932.5,1,56.94117,24.19662,1.0,Akadēmiķa Mstislava Keldiša iela,07/06/2019 08:01,16/06/2019 08:01
476,Latvia,Riga,Centrs,Valdemāra 77,3,72,1,Pirmskara projekts,84000,1166.67,1,56.96295,24.12405,77.0,Krišjāņa Valdemāra iela,07/06/2019 08:01,16/06/2019 08:01
477,Latvia,Riga,Pļavnieki,Rudens 2,4,79,4,602. sērija,73000,924.05,1,56.93747,24.19624,2.0,Rudens iela,07/06/2019 08:01,15/06/2019 08:01
478,Latvia,Riga,Krasta rajons,Maskavas 231,4,95,2,Pirmskara projekts,22500,236.84,1,56.92822,24.16547,231.0,Maskavas iela,07/06/2019 08:01,16/06/2019 08:01
479,Latvia,Riga,Āgenskalns,Kokles 6,2,54,1,Staļina projekts,48000,888.89,1,56.9336,24.08213,6.0,Kokles iela,07/06/2019 08:01,16/06/2019 08:01
480,Latvia,Riga,Citi,Tapešu 43,2,37,2,Lietuviešu projekts,35000,945.95,1,56.95538,24.04646,43.0,Tapešu iela,07/06/2019 08:01,16/06/2019 08:01
481,Latvia,Riga,Centrs,Skanstes 29,3,87,6,Jaunais projekts,174000,2000.0,1,56.97232,24.12367,29.0,Skanstes iela,07/06/2019 08:01,16/06/2019 08:01
482,Latvia,Riga,Sarkandaugava,Viestura pr. 19,2,49,2,Hruščova projekts,65000,1326.53,1,56.99854,24.1308,19.0,Viestura prospekts,07/06/2019 08:01,16/06/2019 08:01
483,Latvia,Riga,Citi,Daugavgrīvas 56,2,48,3,Specprojekts,46000,958.33,1,56.95432,24.06923,56.0,Daugavgrīvas iela,07/06/2019 08:01,16/06/2019 08:01
484,Latvia,Riga,Citi,Zeltiņu 56,1,43,4,Mazģimeņu projekts,34500,802.33,1,56.94609,24.17601,56.0,Zeltiņu iela,07/06/2019 08:01,16/06/2019 08:01
485,Latvia,Riga,Pļavnieki,Rembates 8,3,77,4,Jaunais projekts,86800,1127.27,1,56.94105,24.2299,8.0,Rembates iela,07/06/2019 08:01,16/06/2019 08:01
486,Latvia,Riga,Teika,Kastrānes 16,3,74,1,Staļina projekts,103500,1398.65,1,56.96789,24.17696,16.0,Kastrānes iela,07/06/2019 08:01,12/06/2019 08:01
487,Latvia,Riga,Citi,Robežu 15,1,24,2,Pirmskara projekts,24200,1008.33,1,56.92316,24.0754,15.0,Robežu iela,07/06/2019 08:01,16/06/2019 08:01
488,Latvia,Riga,Bolderāja,Dolomīta 4,2,51,4,Specprojekts,32000,627.45,1,57.02614,24.03865,4.0,Dolomīta iela,07/06/2019 08:01,16/06/2019 08:01
489,Latvia,Riga,Citi,Jaunciema g. 137,2,65,2,Pirmskara projekts,16700,256.92,1,57.04306,24.173,137.0,Jaunciema gatve,07/06/2019 08:01,16/06/2019 08:01
490,Latvia,Riga,Zolitūde,Ruses 20,1,46,6,119. sērija,47500,1032.61,1,56.94655,24.00579,20.0,Ruses iela,07/06/2019 08:01,16/06/2019 08:01
491,Latvia,Riga,Ķengarags,Lokomotīves 64,2,49,4,Lietuviešu projekts,45000,918.37,1,56.90646,24.206,64.0,Lokomotīves iela,07/06/2019 08:01,16/06/2019 08:01
492,Latvia,Riga,Citi,Dzirciema 31,3,82,1,Čehu projekts,97000,1182.93,1,56.9554,24.05232,31.0,Dzirciema iela,07/06/2019 08:01,16/06/2019 08:01
493,Latvia,Riga,Citi,Dzirciema 31,1,37,1,Čehu projekts,45000,1216.22,1,56.9554,24.05232,31.0,Dzirciema iela,07/06/2019 08:01,16/06/2019 08:01
494,Latvia,Riga,Citi,Nīcgales 38,2,55,5,103. sērija,65000,1181.82,1,56.9479,24.17152,38.0,Nīcgales iela,07/06/2019 08:01,16/06/2019 08:01
495,Latvia,Riga,Zolitūde,Lejiņa 20,2,59,2,119. sērija,62800,1064.41,1,56.94715,24.02134,20.0,Paula Lejiņa iela,07/06/2019 08:01,16/06/2019 08:01
496,Latvia,Riga,Purvciems,Ilūkstes 60,2,50,5,Lietuviešu projekts,57000,1140.0,1,56.95316,24.19959,60.0,Ilūkstes iela,07/06/2019 08:01,16/06/2019 08:01
497,Latvia,Riga,Vecmīlgrāvis,Sniega 2,3,56,5,Lietuviešu projekts,54000,964.29,1,57.03401,24.09907,2.0,Sniega iela,07/06/2019 08:01,16/06/2019 08:01
498,Latvia,Riga,Āgenskalns,Alīses 10,2,45,3,Hruščova projekts,43900,975.56,1,56.94734,24.06595,10.0,Alīses iela,07/06/2019 08:01,16/06/2019 08:01
499,Latvia,Riga,Vecmīlgrāvis,Stiebru 11,4,135,1,Jaunais projekts,180000,1333.33,1,57.0354,24.09567,11.0,Stiebru iela,07/06/2019 08:01,16/06/2019 08:01
500,Latvia,Riga,Mežciems,Biķernieku 126,2,60,2,Jaunais projekts,99000,1650.0,1,56.97033,24.1821,18.0,Biķernieku iela,07/06/2019 08:01,09/06/2019 08:01
501,Latvia,Riga,Iļģuciems,Riekstu 23,3,67,5,Lietuviešu projekts,60000,895.52,1,56.96789,24.05898,23.0,Riekstu iela,07/06/2019 08:01,16/06/2019 08:01
502,Latvia,Riga,Āgenskalns,Slokas 32,4,132,2,Pirmskara projekts,165000,1250.0,1,56.94965,24.07167,32.0,Slokas iela,07/06/2019 08:01,16/06/2019 08:01
503,Latvia,Riga,Āgenskalns,Mūkusalas 25,1,31,2,Jaunais projekts,75000,2419.35,1,56.93753,24.10056,25.0,Mūkusalas iela,07/06/2019 08:01,16/06/2019 08:01
504,Latvia,Riga,Citi,Ģimnastikas 6,1,31,4,Lietuviešu projekts,29500,951.61,1,56.91607,24.08942,6.0,Ģimnastikas iela,07/06/2019 08:01,16/06/2019 08:01
505,Latvia,Riga,Vecmīlgrāvis,Ziemeļblāzmas 51,2,51,8,602. sērija,44000,862.75,1,57.0377,24.09711,51.0,Ziemeļblāzmas iela,07/06/2019 08:01,16/06/2019 08:01
506,Latvia,Riga,Maskavas priekšpilsēta,Lomonosova 3,2,49,5,Pirmskara projekts,77000,1571.43,1,56.93689,24.15847,3.0,Lomonosova iela,07/06/2019 08:01,16/06/2019 08:01
507,Latvia,Riga,Pļavnieki,Ulbrokas 12,1,20,1,Mazģimeņu projekts,15500,775.0,1,56.94147,24.21738,12.0,Ulbrokas iela,07/06/2019 08:01,14/06/2019 08:01
508,Latvia,Riga,Purvciems,Purvciema 24,2,61,7,119. sērija,67000,1098.36,1,56.95325,24.17288,24.0,Purvciema iela,07/06/2019 08:01,16/06/2019 08:01
510,Latvia,Riga,Pļavnieki,Ulbrokas 12,2,86,9,Jaunais projekts,88500,1029.07,1,56.94147,24.21738,12.0,Ulbrokas iela,07/06/2019 08:01,16/06/2019 08:01
511,Latvia,Riga,Maskavas priekšpilsēta,Maskavas 137,4,70,2,Specprojekts,23890,341.29,1,56.938,24.15207,137.0,Maskavas iela,07/06/2019 08:01,16/06/2019 08:01
512,Latvia,Riga,Teika,Bērzpils 73,1,23,2,Pirmskara projekts,22500,978.26,1,56.98469,24.19984,73.0,Bērzpils iela,07/06/2019 08:01,16/06/2019 08:01
513,Latvia,Riga,Āgenskalns,Nometņu 57,1,23,1,Pirmskara projekts,14000,608.7,1,56.93748,24.0716,57.0,Nometņu iela,07/06/2019 08:01,16/06/2019 08:01
514,Latvia,Riga,Grīziņkalns,Asara 12,1,25,1,Renovēts,37000,1480.0,1,56.95524,24.14978,12.0,Jāņa Asara iela,07/06/2019 08:01,16/06/2019 08:01
515,Latvia,Riga,Centrs,Avotu 63,3,48,2,Mazģimeņu projekts,50000,1041.67,1,56.95301,24.14328,63.0,Avotu iela,07/06/2019 08:01,16/06/2019 08:01
516,Latvia,Riga,Jugla,Kvēles 21,3,60,1,Hruščova projekts,52000,866.67,1,56.98188,24.24541,21.0,Kvēles iela,07/06/2019 08:01,16/06/2019 08:01
517,Latvia,Riga,Centrs,Matīsa 19,2,42,3,Pirmskara projekts,69800,1661.9,1,56.9576,24.13255,19.0,Matīsa iela,07/06/2019 08:01,16/06/2019 08:01
519,Latvia,Riga,Zolitūde,Lejiņa 9,2,58,2,119. sērija,67000,1155.17,1,56.94812,24.01927,9.0,Paula Lejiņa iela,07/06/2019 08:01,16/06/2019 08:01
520,Latvia,Riga,Vecmīlgrāvis,Emmas 28,1,18,4,Jaunais projekts,21900,1216.67,1,57.03219,24.11679,28.0,Emmas iela,07/06/2019 08:01,16/06/2019 08:01
521,Latvia,Riga,Centrs,Riepnieku 2,2,51,4,Staļina projekts,63000,1235.29,1,56.94482,24.12397,2.0,Riepnieku iela,07/06/2019 08:01,16/06/2019 08:01
522,Latvia,Riga,Centrs,Tērbatas 4,2,68,6,Pirmskara projekts,275000,4044.12,1,56.95303,24.12002,4.0,Tērbatas iela,07/06/2019 08:01,16/06/2019 08:01
523,Latvia,Riga,Centrs,Valmieras 30,2,61,1,Pirmskara projekts,42500,696.72,1,56.95216,24.15154,30.0,Valmieras iela,07/06/2019 08:01,16/06/2019 08:01
524,Latvia,Riga,Centrs,Blaumaņa 26,4,99,6,Pirmskara projekts,94900,958.59,1,56.95313,24.12366,26.0,Blaumaņa iela,07/06/2019 08:01,16/06/2019 08:01
526,Latvia,Riga,Āgenskalns,Vīlipa 12,4,145,8,Jaunais projekts,195075,1345.34,1,56.94841,24.0555,12.0,Vīlipa iela,07/06/2019 08:01,16/06/2019 08:01
527,Latvia,Riga,Iļģuciems,Bēnes 10,2,62,6,Jaunais projekts,84000,1354.84,1,56.96666,24.06454,10.0,Bēnes iela,07/06/2019 08:01,16/06/2019 08:01
529,Latvia,Riga,Šampēteris-Pleskodāle,Lielirbes 11,3,101,21,Jaunais projekts,190000,1881.19,1,56.93415,24.04373,11.0,Lielirbes iela,07/06/2019 08:01,16/06/2019 08:01
530,Latvia,Riga,Pļavnieki,Salnas 11,3,63,6,602. sērija,66900,1061.9,1,56.94274,24.22462,11.0,Salnas iela,07/06/2019 08:01,16/06/2019 08:01
531,Latvia,Riga,Imanta,Kurzemes pr. 94,2,51,9,602. sērija,40000,784.31,1,56.96906,24.01352,94.0,Kurzemes prospekts,07/06/2019 08:01,16/06/2019 08:01
532,Latvia,Riga,Purvciems,Burtnieku 35,1,25,4,Hruščova projekts,18000,720.0,1,56.96729,24.18113,35.0,Burtnieku iela,07/06/2019 08:01,11/06/2019 08:00
533,Latvia,Riga,Maskavas priekšpilsēta,Rēznas 7,2,42,1,Hruščova projekts,32000,761.9,1,56.93663,24.16231,7.0,Rēznas iela,07/06/2019 08:01,16/06/2019 08:01
534,Latvia,Riga,Centrs,Čaka 82,2,44,2,Pirmskara projekts,75000,1704.55,1,56.95667,24.13745,82.0,Aleksandra Čaka iela,07/06/2019 08:01,16/06/2019 08:01
535,Latvia,Riga,Grīziņkalns,Asara 12,1,22,1,Renovēts,37000,1681.82,1,56.95524,24.14978,12.0,Jāņa Asara iela,07/06/2019 08:01,16/06/2019 08:01
536,Latvia,Riga,Jugla,Kvēles 23,2,45,4,Lietuviešu projekts,43300,962.22,1,56.98297,24.24518,23.0,Kvēles iela,07/06/2019 08:01,16/06/2019 08:01
537,Latvia,Riga,Āgenskalns,Valentīna 16,2,44,1,Renovēts,69000,1568.18,1,56.94103,24.05391,16.0,Valentīna iela,07/06/2019 08:01,16/06/2019 08:01
538,Latvia,Riga,Āgenskalns,Valentīna 16,2,49,1,Renovēts,79800,1628.57,1,56.94103,24.05391,16.0,Valentīna iela,07/06/2019 08:01,16/06/2019 08:01
540,Latvia,Riga,Pļavnieki,Grestes 8,4,75,6,467. sērija,72000,960.0,1,56.93586,24.208,8.0,JAAa Grestes iela,07/06/2019 08:01,16/06/2019 08:01
541,Latvia,Riga,Centrs,Mednieku 6,4,100,1,Pirmskara projekts,117000,1170.0,1,56.96026,24.10771,6.0,Mednieku iela,07/06/2019 08:01,16/06/2019 08:01
543,Latvia,Riga,Zolitūde,Lejiņa 5,2,60,9,119. sērija,71000,1183.33,1,56.94745,24.01685,5.0,Paula Lejiņa iela,07/06/2019 08:01,16/06/2019 08:01
544,Latvia,Riga,Maskavas priekšpilsēta,Maskavas 223,2,62,1,Pirmskara projekts,55000,887.1,1,56.93051,24.16308,223.0,Maskavas iela,07/06/2019 08:01,16/06/2019 08:01
546,Latvia,Riga,Grīziņkalns,Asara 12,2,45,1,Renovēts,90000,2000.0,1,56.95524,24.14978,12.0,Jāņa Asara iela,07/06/2019 08:01,16/06/2019 08:01
547,Latvia,Riga,Vecrīga,Kungu 25,3,138,3,Jaunais projekts,350000,2536.23,1,56.94561,24.10951,25.0,Kungu iela,07/06/2019 08:01,16/06/2019 08:01
548,Latvia,Riga,Centrs,Ģertrūdes 93,3,115,5,Pirmskara projekts,163000,1417.39,1,56.95027,24.13578,93.0,Ģertrūdes iela,07/06/2019 08:01,16/06/2019 08:01
549,Latvia,Riga,Jugla,Murjāņu 38,2,46,1,Lietuviešu projekts,37000,804.35,1,56.97829,24.24732,38.0,Murjāņu iela,07/06/2019 08:01,16/06/2019 08:01
550,Latvia,Riga,Mežciems,Mežciema 23,1,49,6,104. sērija,54000,1102.04,1,56.9712,24.23441,23.0,Mežciema iela,07/06/2019 08:01,16/06/2019 08:01
552,Latvia,Riga,Mežciems,Hipokrāta 11,2,60,12,104. sērija,62000,1033.33,1,56.9672,24.23758,11.0,Hipokrāta iela,07/06/2019 08:01,16/06/2019 08:01
553,Latvia,Riga,Pļavnieki,Salnas 20,1,35,1,602. sērija,35500,1014.29,1,56.94211,24.22654,20.0,Salnas iela,07/06/2019 08:01,11/06/2019 08:00
554,Latvia,Riga,Citi,Rusova 9,2,56,7,Jaunais projekts,89000,1589.29,1,56.98863,24.16984,9.0,Rusova iela,07/06/2019 08:01,16/06/2019 08:01
555,Latvia,Riga,Jugla,Juglas 49,3,60,3,Lietuviešu projekts,61900,1031.67,1,56.97701,24.25309,49.0,Juglas iela,07/06/2019 08:01,16/06/2019 08:01
556,Latvia,Riga,Ziepniekkalns,Valdeķu 55,3,77,1,119. sērija,74900,972.73,1,56.90179,24.09134,55.0,Valdeķu iela,07/06/2019 08:01,16/06/2019 08:01
557,Latvia,Riga,Centrs,Pērnavas 18,1,33,1,Pirmskara projekts,39950,1210.61,1,56.96638,24.14752,4.0,Pērnavas iela,07/06/2019 08:01,16/06/2019 08:01
559,Latvia,Riga,Purvciems,Zvaigznāja g. 7,1,27,4,Lietuviešu projekts,30500,1129.63,1,56.95285,24.20659,7.0,Zvaigznāja gatve,07/06/2019 08:01,10/06/2019 08:01
560,Latvia,Riga,Citi,Atlantijas 52,2,35,2,Privātmāja,50000,1428.57,1,57.04898,24.09936,52.0,Atlantijas iela,07/06/2019 08:01,16/06/2019 08:01
561,Latvia,Riga,Centrs,Blaumaņa 12,1,33,7,Renovēts,86369,2617.24,1,56.95464,24.12233,12.0,Blaumaņa iela,07/06/2019 08:01,16/06/2019 08:01
562,Latvia,Riga,Centrs,Čaka 33,4,80,6,Renovēts,270000,3375.0,1,56.95227,24.12768,33.0,Aleksandra Čaka iela,07/06/2019 08:01,16/06/2019 08:01
563,Latvia,Riga,Imanta,Kurzemes pr. 164,3,66,1,602. sērija,78000,1181.82,1,56.95428,23.99813,164.0,Kurzemes prospekts,07/06/2019 08:01,16/06/2019 08:01
564,Latvia,Riga,Centrs,Skanstes 29,2,66,9,Jaunais projekts,157900,2392.42,1,56.97232,24.12367,29.0,Skanstes iela,07/06/2019 08:01,16/06/2019 08:01
565,Latvia,Riga,Citi,Vecāķu pr. 191,5,171,3,Jaunais projekts,310000,1812.87,1,57.04725,24.1059,32.0,Vecāķu prospekts,07/06/2019 08:01,16/06/2019 08:01
566,Latvia,Riga,Centrs,Ģertrūdes 78,1,34,2,Specprojekts,39500,1161.76,1,56.94951,24.1365,78.0,Ģertrūdes iela,07/06/2019 08:01,16/06/2019 08:01
567,Latvia,Riga,Centrs,Briāna 4,1,41,1,Renovēts,71925,1754.27,1,56.96281,24.12863,4.0,Aristida Briāna iela,07/06/2019 08:01,16/06/2019 08:01
569,Latvia,Riga,Centrs,Bruņinieku 28,3,124,6,Pirmskara projekts,197000,1588.71,1,56.95587,24.132,28.0,Bruņinieku iela,07/06/2019 08:01,16/06/2019 08:01
570,Latvia,Riga,Iļģuciems,Dagmāras 4,2,57,2,Staļina projekts,57000,1000.0,1,56.96066,24.05898,4.0,Dagmāras iela,07/06/2019 08:01,13/06/2019 08:01
571,Latvia,Riga,Pļavnieki,J. Vācieša 12,3,61,4,602. sērija,60000,983.61,1,56.92576,24.07705,12.0,Ojāra Vācieša iela,07/06/2019 08:01,16/06/2019 08:01
572,Latvia,Riga,Centrs,Mēness 22,4,87,4,Jaunais projekts,179000,2057.47,1,56.9662,24.13837,16.0,Mēness iela,07/06/2019 08:01,16/06/2019 08:01
573,Latvia,Riga,Purvciems,Braslas 23,1,39,1,Mazģimeņu projekts,27000,692.31,1,56.96252,24.16576,23.0,Braslas iela,07/06/2019 08:01,16/06/2019 08:01
574,Latvia,Riga,Imanta,Jūrmalas g. 101,3,62,1,602. sērija,44800,722.58,1,56.95354,23.99938,101.0,Jūrmalas gatve,07/06/2019 08:01,09/06/2019 08:01
575,Latvia,Riga,Ziepniekkalns,Saulkalnes 9,2,44,4,Hruščova projekts,45000,1022.73,1,56.91435,24.09915,9.0,Saulkalnes iela,07/06/2019 08:01,16/06/2019 08:01
578,Latvia,Riga,Centrs,Visvalža 7,2,46,6,Renovēts,87000,1891.3,1,56.94791,24.13039,7.0,Visvalža iela,07/06/2019 08:01,16/06/2019 08:01
579,Latvia,Riga,Centrs,Miera 105,3,72,6,Renovēts,120870,1678.75,1,56.97541,24.14373,105.0,Miera iela,07/06/2019 08:01,16/06/2019 08:01
581,Latvia,Riga,Pļavnieki,Salnas 24,1,40,5,Mazģimeņu projekts,32000,800.0,1,56.94183,24.22626,24.0,Salnas iela,07/06/2019 08:01,16/06/2019 08:01
582,Latvia,Riga,Mežaparks,Viestura pr. 55,3,99,9,Specprojekts,90000,909.09,1,57.00096,24.12737,55.0,Viestura prospekts,07/06/2019 08:01,14/06/2019 08:01
584,Latvia,Riga,Pļavnieki,Sesku 63,3,78,5,119. sērija,77000,987.18,1,56.94616,24.19187,63.0,Sesku iela,07/06/2019 08:01,16/06/2019 08:01
585,Latvia,Riga,Citi,Ezera 13,2,36,2,Pirmskara projekts,22000,611.11,1,57.02064,24.12972,13.0,Ezera iela,07/06/2019 08:01,16/06/2019 08:01
586,Latvia,Riga,Imanta,Slokas 163,2,52,4,Čehu projekts,64800,1246.15,1,56.96005,24.03172,163.0,Slokas iela,07/06/2019 08:01,16/06/2019 08:01
587,Latvia,Riga,Centrs,Avotu 5,1,29,4,Renovēts,65475,2257.76,1,56.95087,24.12797,5.0,Avotu iela,07/06/2019 08:01,16/06/2019 08:01
588,Latvia,Riga,Purvciems,Zvaigznāja g. 7,3,63,4,Lietuviešu projekts,66500,1055.56,1,56.95285,24.20659,7.0,Zvaigznāja gatve,07/06/2019 08:01,16/06/2019 08:01
590,Latvia,Riga,Jugla,Ciemupes 1,4,172,9,Jaunais projekts,228000,1325.58,1,56.98807,24.24669,1.0,Ciemupes iela,07/06/2019 08:01,16/06/2019 08:01
591,Latvia,Riga,Vecrīga,Kalēju 47,2,42,3,Pirmskara projekts,79500,1892.86,1,56.94643,24.11281,47.0,Kalēju iela,07/06/2019 08:01,16/06/2019 08:01
592,Latvia,Riga,Āgenskalns,Valentīna 16,1,34,2,Renovēts,70000,2058.82,1,56.94103,24.05391,16.0,Valentīna iela,07/06/2019 08:01,16/06/2019 08:01
593,Latvia,Riga,Āgenskalns,Altonavas 19,2,39,2,Pirmskara projekts,11700,300.0,1,56.92656,24.08154,19.0,Altonavas iela,07/06/2019 08:01,16/06/2019 08:01
595,Latvia,Riga,Mežciems,Biķernieku 218,2,54,5,103. sērija,40000,740.74,1,56.95744,24.29115,218.0,Biķernieku iela,07/06/2019 08:01,16/06/2019 08:01
596,Latvia,Riga,Āgenskalns,Gardenes 9,3,54,2,Hruščova projekts,55000,1018.52,1,56.9279,24.07259,1.0,Gardenes iela,07/06/2019 08:01,16/06/2019 08:01
597,Latvia,Riga,Pļavnieki,Salnas 17,3,62,8,602. sērija,77300,1246.77,1,56.87097,24.1307,17.0,Salnas iela,07/06/2019 08:01,16/06/2019 08:01
598,Latvia,Riga,Centrs,Grostonas 19,2,66,7,Jaunais projekts,165000,2500.0,1,56.97036,24.12423,19.0,Grostonas iela,07/06/2019 08:01,16/06/2019 08:01
599,Latvia,Riga,Centrs,Miera 105,2,42,6,Renovēts,71230,1695.95,1,56.97541,24.14373,105.0,Miera iela,07/06/2019 08:01,16/06/2019 08:01
600,Latvia,Riga,Centrs,Klijānu 16,3,79,7,Jaunais projekts,130000,1645.57,1,56.97133,24.14974,21.0,Klijānu iela,07/06/2019 08:01,16/06/2019 08:01
601,Latvia,Riga,Šampēteris-Pleskodāle,Kalnciema 97,2,40,2,Hruščova projekts,42700,1067.5,1,56.93798,24.04411,97.0,Kalnciema iela,07/06/2019 08:01,16/06/2019 08:01
602,Latvia,Riga,Ziepniekkalns,Bauskas 203,2,50,9,602. sērija,55000,1100.0,1,56.90154,24.14574,203.0,Bauskas iela,07/06/2019 08:01,16/06/2019 08:01
604,Latvia,Riga,Ķengarags,Višķu 5,2,45,3,Lietuviešu projekts,39500,877.78,1,56.8984,24.21245,5.0,Višķu iela,07/06/2019 08:01,16/06/2019 08:01
607,Latvia,Riga,Ziepniekkalns,Vienības g. 75,1,31,2,Pirmskara projekts,10500,338.71,1,56.91724,24.08761,75.0,Vienības gatve,07/06/2019 08:01,16/06/2019 08:01
608,Latvia,Riga,Krasta rajons,Maskavas 180,1,40,1,Specprojekts,38000,950.0,1,56.93215,24.16054,180.0,Maskavas iela,07/06/2019 08:01,16/06/2019 08:01
610,Latvia,Riga,Jugla,Ciemupes 1,3,102,1,Jaunais projekts,130000,1274.51,1,56.98807,24.24669,1.0,Ciemupes iela,07/06/2019 08:01,16/06/2019 08:01
613,Latvia,Riga,Iļģuciems,Lidoņu 19,2,49,5,Lietuviešu projekts,33999,693.86,1,56.97072,24.06127,19.0,Lidoņu iela,07/06/2019 08:01,16/06/2019 08:01
614,Latvia,Riga,Centrs,Brīvības 82,4,139,6,Renovēts,154750,1113.31,1,56.95879,24.12779,82.0,Brīvības iela,07/06/2019 08:01,16/06/2019 08:01
616,Latvia,Riga,Centrs,Artilērijas 19,4,84,4,Pirmskara projekts,146000,1738.1,1,56.95935,24.13906,19.0,Artilērijas iela,07/06/2019 08:01,16/06/2019 08:01
617,Latvia,Riga,Purvciems,Burtnieku 33,1,18,4,Mazģimeņu projekts,19900,1105.56,1,56.96907,24.18228,33.0,Burtnieku iela,07/06/2019 08:01,16/06/2019 08:01
618,Latvia,Riga,Krasta rajons,Maskavas 243,2,49,5,467. sērija,44900,916.33,1,56.9258,24.16824,243.0,Maskavas iela,07/06/2019 08:01,16/06/2019 08:01
619,Latvia,Riga,Šampēteris-Pleskodāle,Lielirbes 13,2,69,19,Jaunais projekts,109900,1592.75,1,56.93334,24.04343,13.0,Lielirbes iela,07/06/2019 08:01,16/06/2019 08:01
620,Latvia,Riga,Centrs,Ausekļa 5,4,161,2,Pirmskara projekts,430000,2670.81,1,56.96072,24.09983,5.0,Ausekļa iela,07/06/2019 08:01,16/06/2019 08:01
621,Latvia,Riga,Centrs,Kalniņa 1,1,19,2,Renovēts,54590,2873.16,1,56.94935,24.12075,1.0,Alfrēda Kalniņa iela,07/06/2019 08:01,10/06/2019 08:01
623,Latvia,Riga,Centrs,Kalniņa 1,1,26,4,Renovēts,76690,2949.62,1,56.94935,24.12075,1.0,Alfrēda Kalniņa iela,07/06/2019 08:01,16/06/2019 08:01
624,Latvia,Riga,Centrs,Kalniņa 1,1,23,2,Renovēts,62990,2738.7,1,56.94935,24.12075,1.0,Alfrēda Kalniņa iela,07/06/2019 08:01,10/06/2019 08:01
626,Latvia,Riga,Ķengarags,Lokomotīves 60,2,49,4,Lietuviešu projekts,44000,897.96,1,56.90669,24.20323,60.0,Lokomotīves iela,07/06/2019 08:01,16/06/2019 08:01
627,Latvia,Riga,Pļavnieki,Dzeņu 4,3,64,9,602. sērija,87000,1359.38,1,56.94011,24.21029,4.0,Dzeņu iela,07/06/2019 08:01,16/06/2019 08:01
628,Latvia,Riga,Ķengarags,Višķu 9,1,30,5,Lietuviešu projekts,33500,1116.67,1,56.8993,24.21449,9.0,Višķu iela,07/06/2019 08:01,16/06/2019 08:01
629,Latvia,Riga,Grīziņkalns,Dārzaugļu 1,2,64,7,Renovēts,62000,968.75,1,56.96494,24.15072,1.0,Dārzaugļu iela,07/06/2019 08:01,16/06/2019 08:01
630,Latvia,Riga,Sarkandaugava,Patversmes 7,2,35,5,Hruščova projekts,28000,800.0,1,56.99389,24.12897,7.0,Patversmes iela,07/06/2019 08:01,16/06/2019 08:01
632,Latvia,Riga,Centrs,Miera 27,3,103,4,Pirmskara projekts,159000,1543.69,1,56.96364,24.13168,27.0,Miera iela,07/06/2019 08:01,16/06/2019 08:01
633,Latvia,Riga,Jugla,Vidzemes al. 3,2,48,5,Čehu projekts,56500,1177.08,1,56.99286,24.24274,3.0,Vidzemes aleja,07/06/2019 08:01,10/06/2019 08:01
634,Latvia,Riga,Iļģuciems,Palangas 8,3,69,5,Lietuviešu projekts,47200,684.06,1,56.9697,24.05518,8.0,Palangas iela,07/06/2019 08:01,16/06/2019 08:01
635,Latvia,Riga,Purvciems,Ieriķu 46,2,40,1,Staļina projekts,38500,962.5,1,56.96572,24.17987,46.0,Ieriķu iela,07/06/2019 08:01,16/06/2019 08:01
636,Latvia,Riga,Centrs,Bruņinieku 12,3,90,4,Pirmskara projekts,166500,1850.0,1,56.95813,24.12757,12.0,Bruņinieku iela,07/06/2019 08:01,16/06/2019 08:01
637,Latvia,Riga,Teika,Burtnieku 33,1,18,4,Mazģimeņu projekts,19900,1105.56,1,56.96907,24.18228,33.0,Burtnieku iela,07/06/2019 08:01,16/06/2019 08:01
638,Latvia,Riga,Pļavnieki,Pavasara g. 1,4,76,9,602. sērija,58000,763.16,1,56.93516,24.19678,1.0,Pavasara gatve,07/06/2019 08:01,16/06/2019 08:01
639,Latvia,Riga,Purvciems,Stārķu 4,2,46,5,Jaunais projekts,78000,1695.65,1,56.9662,24.16899,4.0,Stārķu iela,07/06/2019 08:01,16/06/2019 08:01
640,Latvia,Riga,Ķengarags,Bultu 4,2,49,4,Lietuviešu projekts,45500,928.57,1,56.95536,24.00574,4.0,Dubultu iela,07/06/2019 08:01,16/06/2019 08:01
641,Latvia,Riga,Purvciems,Pūces 45,3,87,1,Jaunais projekts,97000,1114.94,1,56.95258,24.19018,45.0,Pūces iela,07/06/2019 08:01,16/06/2019 08:01
642,Latvia,Riga,Purvciems,Madonas 27,4,99,7,119. sērija,90000,909.09,1,56.95947,24.17321,27.0,Madonas iela,07/06/2019 08:01,16/06/2019 08:01
643,Latvia,Riga,Centrs,Barona 60,2,38,2,Pirmskara projekts,60000,1578.95,1,56.95509,24.12942,60.0,Krišjāņa Barona iela,07/06/2019 08:01,16/06/2019 08:01
645,Latvia,Riga,Bolderāja,Lemešu 9,3,65,8,602. sērija,54900,844.62,1,57.03336,24.05539,9.0,Lemešu iela,07/06/2019 08:01,16/06/2019 08:01
646,Latvia,Riga,Vecrīga,Kalēju 74,3,75,6,Jaunais projekts,185000,2466.67,1,56.94553,24.11165,74.0,Kalēju iela,07/06/2019 08:01,16/06/2019 08:01
647,Latvia,Riga,Vecmīlgrāvis,Emmas 28,2,34,2,Renovēts,42500,1250.0,1,57.03219,24.11679,28.0,Emmas iela,07/06/2019 08:01,16/06/2019 08:01
648,Latvia,Riga,Citi,Stopiņu 14,2,49,1,Jaunais projekts,61000,1244.9,1,56.94868,24.16925,14.0,Stopiņu iela,07/06/2019 08:01,16/06/2019 08:01
649,Latvia,Riga,Āgenskalns,Raņķa d. 9,3,115,6,Jaunais projekts,178250,1550.0,1,56.94232,24.08864,9.0,Raņķa dambis,07/06/2019 08:01,16/06/2019 08:01
651,Latvia,Riga,Āgenskalns,Valguma 35,2,43,2,Hruščova projekts,58000,1348.84,1,56.94351,24.09043,35.0,Valguma iela,07/06/2019 08:01,16/06/2019 08:01
652,Latvia,Riga,Citi,Valguma 35,2,43,2,Hruščova projekts,58000,1348.84,1,56.94351,24.09043,35.0,Valguma iela,07/06/2019 08:01,16/06/2019 08:01
653,Latvia,Riga,Mežciems,Hipokrāta 13,3,73,4,104. sērija,82000,1123.29,1,56.96676,24.23703,13.0,Hipokrāta iela,07/06/2019 08:01,16/06/2019 08:01
654,Latvia,Riga,Šampēteris-Pleskodāle,Zalves 43,2,67,1,Jaunais projekts,93000,1388.06,1,56.93791,24.03477,43.0,Zalves iela,07/06/2019 08:01,16/06/2019 08:01
655,Latvia,Riga,Pļavnieki,Dravnieku 7,3,71,1,602. sērija,48000,676.06,1,56.94426,24.21238,7.0,Dravnieku iela,07/06/2019 08:01,16/06/2019 08:01
656,Latvia,Riga,Imanta,Kurzemes pr. 88,3,67,3,Lietuviešu projekts,61500,917.91,1,56.96853,24.01518,88.0,Kurzemes prospekts,07/06/2019 08:01,16/06/2019 08:01
657,Latvia,Riga,Pļavnieki,Salnas 36,2,50,2,602. sērija,56500,1130.0,1,56.94156,24.22989,36.0,Salnas iela,07/06/2019 08:01,16/06/2019 08:01
658,Latvia,Riga,Purvciems,Lielvārdes 101,1,49,11,104. sērija,45990,938.57,1,56.9607,24.19957,101.0,Lielvārdes iela,07/06/2019 08:01,16/06/2019 08:01
659,Latvia,Riga,Centrs,Blaumaņa 21,2,78,1,Pirmskara projekts,115000,1474.36,1,56.95264,24.12593,21.0,Blaumaņa iela,07/06/2019 08:01,16/06/2019 08:01
660,Latvia,Riga,Āgenskalns,Alīses 5,1,28,1,Jaunais projekts,48500,1732.14,1,56.94512,24.06892,5.0,Alīses iela,07/06/2019 08:01,16/06/2019 08:01
661,Latvia,Riga,Teika,Ropažu 14,4,93,2,Jaunais projekts,140000,1505.38,1,56.97618,24.16842,14.0,Ropažu iela,07/06/2019 08:01,16/06/2019 08:01
662,Latvia,Riga,Purvciems,Upeņu 11,2,62,6,Jaunais projekts,105000,1693.55,1,56.95955,24.19082,11.0,Upeņu iela,07/06/2019 08:01,16/06/2019 08:01
663,Latvia,Riga,Krasta rajons,Maskavas 198,2,56,5,Staļina projekts,45500,812.5,1,56.92829,24.16452,198.0,Maskavas iela,07/06/2019 08:01,16/06/2019 08:01
665,Latvia,Riga,Purvciems,Vaidavas 15,2,45,5,Lietuviešu projekts,54000,1200.0,1,56.90081,24.05302,15.0,Vaidavas iela,07/06/2019 08:01,16/06/2019 08:01
666,Latvia,Riga,Ķengarags,Maskavas 273,3,60,4,Lietuviešu projekts,45000,750.0,1,56.92078,24.17589,273.0,Maskavas iela,07/06/2019 08:01,16/06/2019 08:01
668,Latvia,Riga,Ziepniekkalns,Valdeķu 54,4,79,5,602. sērija,79999,1012.65,1,56.90305,24.09878,54.0,Valdeķu iela,07/06/2019 08:01,16/06/2019 08:01
669,Latvia,Riga,Imanta,Kurzemes pr. 130,3,64,2,602. sērija,56000,875.0,1,56.96313,24.00045,130.0,Kurzemes prospekts,07/06/2019 08:01,16/06/2019 08:01
670,Latvia,Riga,Maskavas priekšpilsēta,Ebreju 8,1,34,5,103. sērija,33000,970.59,1,56.93808,24.15438,1.0,Ebreju iela,07/06/2019 08:01,16/06/2019 08:01
672,Latvia,Riga,Imanta,Rigondas g. 6,3,63,5,602. sērija,60000,952.38,1,56.96542,24.02029,6.0,Rigondas gatve,07/06/2019 08:01,16/06/2019 08:01
673,Latvia,Riga,Centrs,Stabu 61,4,124,3,Pirmskara projekts,145000,1169.35,1,56.9533,24.13503,61.0,Stabu iela,07/06/2019 08:01,16/06/2019 08:01
674,Latvia,Riga,Maskavas priekšpilsēta,Lomonosova 12,2,45,2,Staļina projekts,61000,1355.56,1,56.93538,24.16003,12.0,Lomonosova iela,07/06/2019 08:01,16/06/2019 08:01
675,Latvia,Riga,Ķengarags,Kaņiera 10,2,38,5,Lietuviešu projekts,38500,1013.16,1,56.9147,24.16849,10.0,Kaņiera iela,07/06/2019 08:01,16/06/2019 08:01
679,Latvia,Riga,Citi,Morica 16,1,42,1,Mazģimeņu projekts,29500,702.38,1,56.95257,24.04869,16.0,Morica iela,07/06/2019 08:01,16/06/2019 08:01
680,Latvia,Riga,Citi,Rumbulas 7,3,69,2,103. sērija,72000,1043.48,1,56.94365,24.173,7.0,Rumbulas iela,07/06/2019 08:01,10/06/2019 08:01
681,Latvia,Riga,Purvciems,Brantkalna 3,4,92,8,119. sērija,78000,847.83,1,56.95007,24.19145,3.0,Detlava Brantkalna iela,07/06/2019 08:01,16/06/2019 08:01
682,Latvia,Riga,Jugla,Ciemupes 1,3,100,4,Jaunais projekts,145000,1450.0,1,56.98807,24.24669,1.0,Ciemupes iela,07/06/2019 08:01,16/06/2019 08:01
683,Latvia,Riga,Centrs,Artilērijas 1,3,96,3,Pirmskara projekts,115000,1197.92,1,56.95808,24.14124,1.0,Artilērijas iela,07/06/2019 08:01,16/06/2019 08:01
686,Latvia,Riga,Krasta rajons,Rītupes 29,3,72,2,Staļina projekts,50000,694.44,1,56.92897,24.17193,29.0,Rītupes iela,07/06/2019 08:01,16/06/2019 08:01
687,Latvia,Riga,Āgenskalns,Dreiliņu 16,2,43,1,Hruščova projekts,49000,1139.53,1,56.94317,24.05973,16.0,Dreiliņu iela,07/06/2019 08:01,16/06/2019 08:01
688,Latvia,Riga,Pļavnieki,Deglava 164,3,62,5,602. sērija,62500,1008.06,1,56.94309,24.22725,164.0,Augusta Deglava iela,07/06/2019 08:01,16/06/2019 08:01
690,Latvia,Riga,Ķengarags,Aglonas 31,2,41,5,Hruščova projekts,44000,1073.17,1,56.91244,24.18461,31.0,Aglonas iela,07/06/2019 08:01,13/06/2019 08:01
691,Latvia,Riga,Mežciems,Kaivas 31,3,108,1,Jaunais projekts,145000,1342.59,1,56.95125,24.24832,31.0,Kaivas iela,07/06/2019 08:01,08/06/2019 08:01
693,Latvia,Riga,Iļģuciems,Lidoņu 15,2,49,5,Lietuviešu projekts,35500,724.49,1,56.97126,24.0632,15.0,Lidoņu iela,07/06/2019 08:01,16/06/2019 08:01
694,Latvia,Riga,Purvciems,Upeņu 15,4,140,8,Jaunais projekts,225000,1607.14,1,56.96007,24.19116,15.0,Upeņu iela,07/06/2019 08:01,16/06/2019 08:01
695,Latvia,Riga,Citi,Aplokciema 14,2,47,1,Hruščova projekts,29000,617.02,1,57.02385,24.14059,14.0,Aplokciema iela,07/06/2019 08:01,16/06/2019 08:01
697,Latvia,Riga,Centrs,Strēlnieku 19,2,40,1,Pirmskara projekts,69900,1747.5,1,56.96109,24.11085,19.0,Strēlnieku iela,07/06/2019 08:01,16/06/2019 08:01
698,Latvia,Riga,Sarkandaugava,Sīmaņa 9,1,32,1,Pirmskara projekts,18000,562.5,1,56.99403,24.12926,9.0,Sīmaņa iela,07/06/2019 08:01,16/06/2019 08:01
699,Latvia,Riga,Centrs,Ganu 6,3,82,1,Specprojekts,120000,1463.41,1,56.96167,24.10954,6.0,Ganu iela,07/06/2019 08:01,16/06/2019 08:01
701,Latvia,Riga,Citi,Preiļu 4,3,64,2,Specprojekts,73000,1140.63,1,56.93715,24.18805,4.0,Preiļu iela,07/06/2019 08:01,16/06/2019 08:01
702,Latvia,Riga,Iļģuciems,Baltā 16,2,55,8,Specprojekts,57000,1036.36,1,56.9691,24.06476,16.0,Baltā iela,07/06/2019 08:01,16/06/2019 08:01
703,Latvia,Riga,Centrs,Kalniņa 1,1,21,5,Renovēts,62990,2999.52,1,56.94935,24.12075,1.0,Alfrēda Kalniņa iela,07/06/2019 08:01,09/06/2019 08:01
704,Latvia,Riga,Centrs,Kalniņa 1,1,21,4,Renovēts,57790,2751.9,1,56.94935,24.12075,1.0,Alfrēda Kalniņa iela,07/06/2019 08:01,16/06/2019 08:01
705,Latvia,Riga,Centrs,Kalniņa 1,1,26,2,Renovēts,68290,2626.54,1,56.94935,24.12075,1.0,Alfrēda Kalniņa iela,07/06/2019 08:01,09/06/2019 08:01
706,Latvia,Riga,Sarkandaugava,Sarkandaugavas 25,2,57,2,Pirmskara projekts,26500,464.91,1,57.00158,24.1231,25.0,Sarkandaugavas iela,07/06/2019 08:01,16/06/2019 08:01
707,Latvia,Riga,Sarkandaugava,Sarkandaugavas 31,2,65,5,Specprojekts,63000,969.23,1,57.00264,24.12288,31.0,Sarkandaugavas iela,07/06/2019 08:01,16/06/2019 08:01
708,Latvia,Riga,Centrs,Ģertrūdes 103,3,70,3,Pirmskara projekts,99000,1414.29,1,56.94956,24.13711,103.0,Ģertrūdes iela,07/06/2019 08:01,16/06/2019 08:01
710,Latvia,Riga,Imanta,Jūrmalas g. 109,2,62,3,Jaunais projekts,92250,1487.9,1,56.95398,23.99068,109.0,Jūrmalas gatve,07/06/2019 08:01,16/06/2019 08:01
711,Latvia,Riga,Ziepniekkalns,Tadaiķu 18,2,41,4,Mazģimeņu projekts,37900,924.39,1,56.91718,24.09913,18.0,Tadaiķu iela,07/06/2019 08:01,16/06/2019 08:01
712,Latvia,Riga,Teika,Ropažu 14,3,74,2,Jaunais projekts,121000,1635.14,1,56.97618,24.16842,14.0,Ropažu iela,07/06/2019 08:01,16/06/2019 08:01
713,Latvia,Riga,Centrs,Valdemāra 69,3,53,4,Renovēts,88990,1679.06,1,56.96186,24.12278,69.0,Krišjāņa Valdemāra iela,07/06/2019 08:01,16/06/2019 08:01
714,Latvia,Riga,Ķengarags,Rušonu 30,2,50,5,Specprojekts,45000,900.0,1,56.91566,24.18719,30.0,Rušonu iela,07/06/2019 08:01,16/06/2019 08:01
716,Latvia,Riga,Purvciems,Dudajeva g. 12,3,66,5,Lietuviešu projekts,95000,1439.39,1,56.95706,24.19662,12.0,Džohara Dudajeva gatve,07/06/2019 08:01,16/06/2019 08:01
717,Latvia,Riga,Āgenskalns,Kalnciema 81,2,52,2,Pirmskara projekts,35800,688.46,1,56.93863,24.05188,81.0,Kalnciema iela,07/06/2019 08:01,16/06/2019 08:01
718,Latvia,Riga,Imanta,Kleistu 6,2,50,1,Lietuviešu projekts,43900,878.0,1,56.96041,24.02376,6.0,Kleistu iela,07/06/2019 08:01,16/06/2019 08:01
719,Latvia,Riga,Zolitūde,Lejiņa 10,3,76,2,119. sērija,76800,1010.53,1,56.94726,24.01813,10.0,Paula Lejiņa iela,07/06/2019 08:01,11/06/2019 08:00
720,Latvia,Riga,Centrs,Blaumaņa 12,3,77,4,Renovēts,179723,2334.06,1,56.95464,24.12233,12.0,Blaumaņa iela,07/06/2019 08:01,16/06/2019 08:01
721,Latvia,Riga,Mežciems,Hipokrāta 11,1,45,12,104. sērija,55000,1222.22,1,56.9672,24.23758,11.0,Hipokrāta iela,07/06/2019 08:01,16/06/2019 08:01
722,Latvia,Riga,Šampēteris-Pleskodāle,Ķemeru 2,3,71,1,Pirmskara projekts,57000,802.82,1,56.94048,24.05081,2.0,Ķemeru iela,07/06/2019 08:01,15/06/2019 08:01
723,Latvia,Riga,Centrs,Avotu 54,2,63,4,Pirmskara projekts,66500,1055.56,1,56.95223,24.14075,54.0,Avotu iela,07/06/2019 08:01,16/06/2019 08:01
724,Latvia,Riga,Centrs,Valdemāra 69,2,40,4,Jaunais projekts,71990,1799.75,1,56.96186,24.12278,69.0,Krišjāņa Valdemāra iela,07/06/2019 08:01,16/06/2019 08:01
725,Latvia,Riga,Vecrīga,Meistaru 8,4,82,4,Pirmskara projekts,140000,1707.32,1,56.95042,24.1086,8.0,Meistaru iela,07/06/2019 08:01,16/06/2019 08:01
726,Latvia,Riga,Āgenskalns,Baložu 20,4,84,1,Pirmskara projekts,85900,1022.62,1,56.94664,24.07114,20.0,Baložu iela,07/06/2019 08:01,16/06/2019 08:01
727,Latvia,Riga,Citi,Valguma 17,1,28,1,Pirmskara projekts,33000,1178.57,1,56.94233,24.0941,17.0,Valguma iela,07/06/2019 08:01,16/06/2019 08:01
728,Latvia,Riga,Centrs,Miera 105,4,81,2,Renovēts,75000,925.93,1,56.97541,24.14373,105.0,Miera iela,07/06/2019 08:01,16/06/2019 08:01
729,Latvia,Riga,Maskavas priekšpilsēta,Viļānu 9,1,31,5,Hruščova projekts,27900,900.0,1,56.94049,24.15245,9.0,Viļānu iela,07/06/2019 08:01,16/06/2019 08:01
730,Latvia,Riga,Zolitūde,Rostokas 6,4,92,5,119. sērija,87000,945.65,1,56.94914,24.00329,6.0,Rostokas iela,07/06/2019 08:01,16/06/2019 08:01
731,Latvia,Riga,Iļģuciems,Šauļu 1,3,65,2,Staļina projekts,50000,769.23,1,56.96495,24.0591,1.0,Šauļu iela,07/06/2019 08:01,16/06/2019 08:01
732,Latvia,Riga,Mežaparks,Ķempes 4,3,92,7,Jaunais projekts,190000,2065.22,1,56.99447,24.16623,4.0,Mirdzas Ķempes iela,07/06/2019 08:01,16/06/2019 08:01
733,Latvia,Riga,Pļavnieki,Lubānas 123,3,68,7,Specprojekts,77000,1132.35,1,56.93272,24.20497,123.0,Lubānas iela,07/06/2019 08:01,16/06/2019 08:01
734,Latvia,Riga,Zolitūde,Lejiņa 6,2,54,1,119. sērija,59000,1092.59,1,56.94639,24.01734,6.0,Paula Lejiņa iela,07/06/2019 08:01,16/06/2019 08:01
735,Latvia,Riga,Citi,Jūrmalas g. 1,3,75,11,Čehu projekts,88900,1185.33,1,56.95204,24.06167,1.0,Jūrmalas gatve,07/06/2019 08:01,16/06/2019 08:01
736,Latvia,Riga,Teika,Aizkraukles 30,2,49,3,Hruščova projekts,56000,1142.86,1,56.97696,24.1905,30.0,Aizkraukles iela,07/06/2019 08:01,16/06/2019 08:01
737,Latvia,Riga,Citi,Nīcgales 46,3,62,3,602. sērija,65000,1048.39,1,56.9449,24.17208,46.0,Nīcgales iela,07/06/2019 08:01,16/06/2019 08:01
738,Latvia,Riga,Purvciems,Nīcgales 46,3,62,3,602. sērija,65000,1048.39,1,56.9449,24.17208,46.0,Nīcgales iela,07/06/2019 08:01,16/06/2019 08:01
739,Latvia,Riga,Sarkandaugava,Viestura pr. 41,1,33,2,Specprojekts,32000,969.7,1,57.00165,24.12951,41.0,Viestura prospekts,07/06/2019 08:01,15/06/2019 08:01
740,Latvia,Riga,Purvciems,Madonas 19,2,57,1,119. sērija,65900,1156.14,1,56.96076,24.16993,19.0,Madonas iela,07/06/2019 08:01,16/06/2019 08:01
741,Latvia,Riga,Pļavnieki,Dzeņu 4,2,51,7,602. sērija,54500,1068.63,1,56.94011,24.21029,4.0,Dzeņu iela,07/06/2019 08:01,16/06/2019 08:01
742,Latvia,Riga,Imanta,Progresa 6,3,55,2,Lietuviešu projekts,46500,845.45,1,56.95459,24.03312,6.0,Progresa iela,07/06/2019 08:01,16/06/2019 08:01
743,Latvia,Riga,Imanta,Slokas 215,2,50,2,Lietuviešu projekts,59000,1180.0,1,56.96262,24.00332,215.0,Slokas iela,07/06/2019 08:01,16/06/2019 08:01
744,Latvia,Riga,Purvciems,Kastrānes 1,2,43,3,Renovēts,58500,1360.47,1,56.966,24.17666,1.0,Kastrānes iela,07/06/2019 08:01,16/06/2019 08:01
745,Latvia,Riga,Centrs,Kalniņa 1,1,17,1,Renovēts,52490,3087.65,1,56.94935,24.12075,1.0,Alfrēda Kalniņa iela,07/06/2019 08:01,08/06/2019 08:01
746,Latvia,Riga,Centrs,Kalniņa 1,1,18,4,Renovēts,54590,3032.78,1,56.94935,24.12075,1.0,Alfrēda Kalniņa iela,07/06/2019 08:01,16/06/2019 08:01
747,Latvia,Riga,Centrs,Valdemāra 76,3,80,7,Specprojekts,180000,2250.0,1,56.96896,24.13255,76.0,Krišjāņa Valdemāra iela,07/06/2019 08:01,16/06/2019 08:01
748,Latvia,Riga,Centrs,Kalniņa 1,1,29,5,Renovēts,79790,2751.38,1,56.94935,24.12075,1.0,Alfrēda Kalniņa iela,07/06/2019 08:01,16/06/2019 08:01
749,Latvia,Riga,Pļavnieki,Slāvu 13,3,63,2,602. sērija,69000,1095.24,1,56.92994,24.17469,13.0,Slāvu iela,07/06/2019 08:01,16/06/2019 08:01
750,Latvia,Riga,Āgenskalns,Kuldīgas 39,2,51,1,Specprojekts,53000,1039.22,1,56.94652,24.05799,39.0,Kuldīgas iela,07/06/2019 08:01,16/06/2019 08:01
753,Latvia,Riga,Zolitūde,Skrīnes 4,2,58,3,Jaunais projekts,99450,1714.66,1,56.94134,24.02249,1.0,Skrīnes iela,07/06/2019 08:01,16/06/2019 08:01
754,Latvia,Riga,Zolitūde,Apuzes 51,3,76,2,Jaunais projekts,124646,1640.08,1,56.94202,24.02075,51.0,Apuzes iela,07/06/2019 08:01,16/06/2019 08:01
755,Latvia,Riga,Šampēteris-Pleskodāle,Apuzes 51,3,76,3,Jaunais projekts,127180,1673.42,1,56.94202,24.02075,51.0,Apuzes iela,07/06/2019 08:01,16/06/2019 08:01
756,Latvia,Riga,Centrs,Brīvības 101,3,83,4,Renovēts,139000,1674.7,1,56.96133,24.13287,101.0,Brīvības iela,07/06/2019 08:01,16/06/2019 08:01
758,Latvia,Riga,Centrs,Maskavas 84,2,48,6,Pirmskara projekts,38400,800.0,1,56.93934,24.13279,84.0,Maskavas iela,07/06/2019 08:01,16/06/2019 08:01
759,Latvia,Riga,Purvciems,Braslas 53,3,67,6,Specprojekts,69000,1029.85,1,56.95759,24.1667,53.0,Braslas iela,07/06/2019 08:01,16/06/2019 08:01
760,Latvia,Riga,Jugla,Vidzemes al. 3,2,47,5,Čehu projekts,59000,1255.32,1,56.99286,24.24274,3.0,Vidzemes aleja,07/06/2019 08:01,11/06/2019 08:00
762,Latvia,Riga,Centrs,Avotu 40,4,85,5,Pirmskara projekts,67000,788.24,1,56.95141,24.13678,40.0,Avotu iela,07/06/2019 08:01,16/06/2019 08:01
763,Latvia,Riga,Ziepniekkalns,Ķekavas 5,2,52,4,103. sērija,61500,1182.69,1,56.91274,24.11359,5.0,Ķekavas iela,07/06/2019 08:01,16/06/2019 08:01
766,Latvia,Riga,Vecmīlgrāvis,Meldru 24,3,60,4,Lietuviešu projekts,49500,825.0,1,57.03262,24.09531,24.0,Meldru iela,07/06/2019 08:01,16/06/2019 08:01
767,Latvia,Riga,Teika,Palmu 18,2,47,1,Specprojekts,42000,893.62,1,56.98076,24.17841,18.0,Palmu iela,07/06/2019 08:01,16/06/2019 08:01
768,Latvia,Riga,Ziepniekkalns,Valdeķu 59,3,74,4,119. sērija,75000,1013.51,1,56.90028,24.08942,59.0,Valdeķu iela,07/06/2019 08:01,09/06/2019 08:01
770,Latvia,Riga,Purvciems,Ilūkstes 56,3,53,3,Lietuviešu projekts,63500,1198.11,1,56.95101,24.19869,56.0,Ilūkstes iela,07/06/2019 08:01,15/06/2019 08:01
771,Latvia,Riga,Jugla,Juglas 47,2,45,2,Lietuviešu projekts,43500,966.67,1,56.97747,24.25345,47.0,Juglas iela,07/06/2019 08:01,15/06/2019 08:01
774,Latvia,Riga,Vecmīlgrāvis,Meldru 26,3,61,4,Lietuviešu projekts,55000,901.64,1,57.03301,24.09452,26.0,Meldru iela,07/06/2019 08:01,16/06/2019 08:01
776,Latvia,Riga,Centrs,Stabu 20,2,63,4,Pirmskara projekts,95000,1507.94,1,56.95721,24.1261,20.0,Stabu iela,07/06/2019 08:01,16/06/2019 08:01
777,Latvia,Riga,Centrs,Čaka 130,1,28,3,Pirmskara projekts,53000,1892.86,1,56.96139,24.14722,130.0,Aleksandra Čaka iela,07/06/2019 08:01,16/06/2019 08:01
779,Latvia,Riga,Teika,Bērzpils 61,2,45,1,Hruščova projekts,42000,933.33,1,56.98441,24.19609,61.0,Bērzpils iela,07/06/2019 08:01,16/06/2019 08:01
780,Latvia,Riga,Centrs,Blaumaņa 25,2,37,2,Pirmskara projekts,69900,1889.19,1,56.95214,24.126,25.0,Blaumaņa iela,07/06/2019 08:01,16/06/2019 08:01
781,Latvia,Riga,Ziepniekkalns,Sērenes 4,2,50,2,104. sērija,60500,1210.0,1,56.90468,24.0841,4.0,Sērenes iela,07/06/2019 08:01,10/06/2019 08:01
782,Latvia,Riga,Teika,Ropažu 14,3,60,1,Jaunais projekts,123000,2050.0,1,56.97618,24.16842,14.0,Ropažu iela,07/06/2019 08:01,16/06/2019 08:01
783,Latvia,Riga,Purvciems,Pūces 49,2,86,5,Jaunais projekts,127000,1476.74,1,56.95379,24.19153,49.0,Pūces iela,07/06/2019 08:01,16/06/2019 08:01
784,Latvia,Riga,Imanta,Progresa 3,3,55,5,Lietuviešu projekts,50900,925.45,1,56.95373,24.03266,3.0,Progresa iela,07/06/2019 08:01,16/06/2019 08:01
785,Latvia,Riga,Ķengarags,Višķu 13,1,32,2,Lietuviešu projekts,32000,1000.0,1,56.8999,24.21246,13.0,Višķu iela,07/06/2019 08:01,16/06/2019 08:01
786,Latvia,Riga,Centrs,Katrīnas d. 17,3,84,3,Jaunais projekts,120000,1428.57,1,56.97063,24.10159,17.0,Katrīnas dambis,07/06/2019 08:01,16/06/2019 08:01
787,Latvia,Riga,Bolderāja,Gobas 23,2,37,5,Hruščova projekts,24400,659.46,1,57.03187,24.05116,23.0,Gobas iela,07/06/2019 08:01,16/06/2019 08:01
788,Latvia,Riga,Centrs,Skanstes 29,4,167,21,Jaunais projekts,320000,1916.17,1,56.97232,24.12367,29.0,Skanstes iela,07/06/2019 08:01,16/06/2019 08:01
789,Latvia,Riga,Purvciems,Ieriķu 16,2,47,2,Staļina projekts,59000,1255.32,1,56.96465,24.17081,16.0,Ieriķu iela,07/06/2019 08:01,16/06/2019 08:01
790,Latvia,Riga,Imanta,Anniņmuižas 38,2,106,1,Jaunais projekts,87000,820.75,1,56.96097,24.01567,38.0,Anniņmuižas bulvāris,07/06/2019 08:01,14/06/2019 08:01
792,Latvia,Riga,Imanta,Anniņmuižas 86,4,76,6,467. sērija,78000,1026.32,1,56.9543,24.00783,86.0,Anniņmuižas bulvāris,07/06/2019 08:01,16/06/2019 08:01
793,Latvia,Riga,Centrs,Briāna 4,2,73,3,Renovēts,167900,2300.0,1,56.96281,24.12863,4.0,Aristida Briāna iela,07/06/2019 08:01,16/06/2019 08:01
794,Latvia,Riga,Centrs,Blaumaņa 12,3,68,3,Renovēts,166845,2453.6,1,56.95464,24.12233,12.0,Blaumaņa iela,07/06/2019 08:01,16/06/2019 08:01
797,Latvia,Riga,Pļavnieki,Rudens 10,3,63,4,602. sērija,69000,1095.24,1,56.93747,24.20099,10.0,Rudens iela,07/06/2019 08:01,16/06/2019 08:01
798,Latvia,Riga,Imanta,Zentenes 5,3,63,7,602. sērija,52900,839.68,1,56.95828,24.0074,5.0,Zentenes iela,07/06/2019 08:01,16/06/2019 08:01
799,Latvia,Riga,Purvciems,Ūnijas 82,4,97,2,Jaunais projekts,155000,1597.94,1,56.96037,24.18284,82.0,Ūnijas iela,07/06/2019 08:01,16/06/2019 08:01
800,Latvia,Riga,Purvciems,Nīcgales 54,1,34,3,103. sērija,37000,1088.24,1,56.94258,24.16949,54.0,Nīcgales iela,07/06/2019 08:01,16/06/2019 08:01
803,Latvia,Riga,Pļavnieki,Salnas 21,2,42,1,Jaunais projekts,63000,1500.0,1,56.94229,24.22901,21.0,Salnas iela,07/06/2019 08:01,16/06/2019 08:01
807,Latvia,Riga,Purvciems,Madonas 8,2,40,1,Hruščova projekts,37000,925.0,1,56.95964,24.16779,8.0,Madonas iela,07/06/2019 08:01,16/06/2019 08:01
809,Latvia,Riga,Centrs,Strēlnieku 13,3,109,2,Renovēts,279000,2559.63,1,56.9607,24.11006,13.0,Strēlnieku iela,07/06/2019 08:01,16/06/2019 08:01
811,Latvia,Riga,Centrs,Barona 14,2,32,2,Renovēts,79000,2468.75,1,56.95085,24.12078,14.0,Krišjāņa Barona iela,07/06/2019 08:01,16/06/2019 08:01
812,Latvia,Riga,Centrs,Barona 14,2,40,3,Renovēts,87000,2175.0,1,56.95085,24.12078,14.0,Krišjāņa Barona iela,07/06/2019 08:01,16/06/2019 08:01
813,Latvia,Riga,Centrs,Barona 14,2,41,3,Renovēts,91000,2219.51,1,56.95085,24.12078,14.0,Krišjāņa Barona iela,07/06/2019 08:01,16/06/2019 08:01
814,Latvia,Riga,Centrs,Barona 14,2,40,3,Renovēts,99000,2475.0,1,56.95085,24.12078,14.0,Krišjāņa Barona iela,07/06/2019 08:01,16/06/2019 08:01
815,Latvia,Riga,Centrs,Barona 14,2,36,3,Renovēts,108500,3013.89,1,56.95085,24.12078,14.0,Krišjāņa Barona iela,07/06/2019 08:01,16/06/2019 08:01
816,Latvia,Riga,Centrs,Barona 14,2,52,3,Renovēts,109500,2105.77,1,56.95085,24.12078,14.0,Krišjāņa Barona iela,07/06/2019 08:01,16/06/2019 08:01
817,Latvia,Riga,Centrs,Barona 14,1,17,3,Renovēts,46500,2735.29,1,56.95085,24.12078,14.0,Krišjāņa Barona iela,07/06/2019 08:01,16/06/2019 08:01
818,Latvia,Riga,Centrs,Barona 14,1,18,3,Renovēts,56000,3111.11,1,56.95085,24.12078,14.0,Krišjāņa Barona iela,07/06/2019 08:01,16/06/2019 08:01
819,Latvia,Riga,Centrs,Barona 14,2,37,3,Renovēts,112000,3027.03,1,56.95085,24.12078,14.0,Krišjāņa Barona iela,07/06/2019 08:01,16/06/2019 08:01
820,Latvia,Riga,Centrs,Barona 14,1,22,5,Renovēts,59500,2704.55,1,56.95085,24.12078,14.0,Krišjāņa Barona iela,07/06/2019 08:01,16/06/2019 08:01
821,Latvia,Riga,Centrs,Barona 14,2,39,3,Renovēts,116500,2987.18,1,56.95085,24.12078,14.0,Krišjāņa Barona iela,07/06/2019 08:01,16/06/2019 08:01
822,Latvia,Riga,Centrs,Barona 14,1,21,3,Renovēts,61500,2928.57,1,56.95085,24.12078,14.0,Krišjāņa Barona iela,07/06/2019 08:01,16/06/2019 08:01
823,Latvia,Riga,Centrs,Barona 14,1,21,4,Renovēts,63500,3023.81,1,56.95085,24.12078,14.0,Krišjāņa Barona iela,07/06/2019 08:01,16/06/2019 08:01
824,Latvia,Riga,Centrs,Barona 14,3,73,3,Renovēts,213000,2917.81,1,56.95085,24.12078,14.0,Krišjāņa Barona iela,07/06/2019 08:01,16/06/2019 08:01
826,Latvia,Riga,Centrs,Ausekļa 11,3,124,1,Renovēts,170000,1370.97,1,56.96174,24.09989,11.0,Ausekļa iela,07/06/2019 08:01,16/06/2019 08:01
827,Latvia,Riga,Grīziņkalns,Asara 12,3,64,4,Renovēts,97000,1515.63,1,56.95524,24.14978,12.0,Jāņa Asara iela,07/06/2019 08:01,16/06/2019 08:01
828,Latvia,Riga,Grīziņkalns,Asara 12,2,45,1,Renovēts,90000,2000.0,1,56.95524,24.14978,12.0,Jāņa Asara iela,07/06/2019 08:01,16/06/2019 08:01
830,Latvia,Riga,Ziepniekkalns,Tadaiķu 8,5,70,1,Hruščova projekts,53000,757.14,1,56.91617,24.09461,8.0,Tadaiķu iela,07/06/2019 08:01,16/06/2019 08:01
832,Latvia,Riga,Centrs,Stabu 48,3,65,6,Pirmskara projekts,69800,1073.85,1,56.95618,24.12953,33.0,Stabu iela,07/06/2019 08:01,16/06/2019 08:01
833,Latvia,Riga,Citi,Jelgavas 63,5,140,6,Jaunais projekts,229000,1635.71,1,56.92827,24.09294,63.0,Jelgavas iela,07/06/2019 08:01,16/06/2019 08:01
834,Latvia,Riga,Purvciems,Rubeņu 9,2,60,1,Staļina projekts,42000,700.0,1,56.96545,24.18084,9.0,Rubeņu iela,07/06/2019 08:01,16/06/2019 08:01
835,Latvia,Riga,Centrs,Kalniņa 1,1,26,3,Renovēts,70390,2707.31,1,56.94935,24.12075,1.0,Alfrēda Kalniņa iela,07/06/2019 08:01,16/06/2019 08:01
836,Latvia,Riga,Vecmīlgrāvis,Emmas 10,3,50,2,Staļina projekts,39800,796.0,1,57.02848,24.10992,10.0,Emmas iela,07/06/2019 08:01,16/06/2019 08:01
837,Latvia,Riga,Centrs,Kalniņa 1,2,34,5,Renovēts,94490,2779.12,1,56.94935,24.12075,1.0,Alfrēda Kalniņa iela,07/06/2019 08:01,16/06/2019 08:01
838,Latvia,Riga,Centrs,Valdemāra 73,3,101,3,Pirmskara projekts,270000,2673.27,1,56.96218,24.12324,73.0,Krišjāņa Valdemāra iela,07/06/2019 08:01,14/06/2019 08:01
839,Latvia,Riga,Centrs,Kalniņa 1,1,22,3,Renovēts,60890,2767.73,1,56.94935,24.12075,1.0,Alfrēda Kalniņa iela,07/06/2019 08:01,16/06/2019 08:01
841,Latvia,Riga,Ķengarags,Višķu 7,3,61,4,Lietuviešu projekts,51800,849.18,1,56.89899,24.21327,7.0,Višķu iela,07/06/2019 08:01,16/06/2019 08:01
842,Latvia,Riga,Zolitūde,Lejiņa 5,3,72,9,119. sērija,79000,1097.22,1,56.94745,24.01685,5.0,Paula Lejiņa iela,07/06/2019 08:01,16/06/2019 08:01
843,Latvia,Riga,Centrs,Blaumaņa 34,5,122,3,Renovēts,207230,1698.61,1,56.95195,24.12559,34.0,Blaumaņa iela,07/06/2019 08:01,16/06/2019 08:01
844,Latvia,Riga,Imanta,Jūrmalas g. 101,3,62,1,602. sērija,45600,735.48,1,56.95354,23.99938,101.0,Jūrmalas gatve,07/06/2019 08:01,16/06/2019 08:01
845,Latvia,Riga,Citi,Rātsupītes 3,3,82,3,Jaunais projekts,120000,1463.41,1,56.9834,24.02993,3.0,Rātsupītes iela,07/06/2019 08:01,16/06/2019 08:01
846,Latvia,Riga,Vecrīga,Grēcinieku 22,5,168,5,Jaunais projekts,390000,2321.43,1,56.94669,24.10787,22.0,Grēcinieku iela,07/06/2019 08:01,16/06/2019 08:01
847,Latvia,Riga,Centrs,Antonijas 15,3,77,5,Pirmskara projekts,165000,2142.86,1,56.95951,24.11284,15.0,Antonijas iela,07/06/2019 08:01,16/06/2019 08:01
849,Latvia,Riga,Grīziņkalns,Rūdolfa 1,1,28,6,Pirmskara projekts,51300,1832.14,1,56.96203,24.15218,1.0,Rūdolfa iela,07/06/2019 08:01,16/06/2019 08:01
850,Latvia,Riga,Centrs,Klijānu 16,3,99,7,Jaunais projekts,145000,1464.65,1,56.97133,24.14974,21.0,Klijānu iela,07/06/2019 08:01,16/06/2019 08:01
851,Latvia,Riga,Mežaparks,Viestura pr. 95,3,117,10,Jaunais projekts,168000,1435.9,1,57.00926,24.1282,95.0,Viestura prospekts,07/06/2019 08:01,15/06/2019 08:01
852,Latvia,Riga,Iļģuciems,Dagmāras 14,2,44,4,Hruščova projekts,37000,840.91,1,56.96435,24.06195,14.0,Dagmāras iela,07/06/2019 08:01,16/06/2019 08:01
854,Latvia,Riga,Vecmīlgrāvis,Kreimeņu 5,1,26,3,Specprojekts,22900,880.77,1,57.03527,24.09178,5.0,Kreimeņu iela,07/06/2019 08:01,16/06/2019 08:01
856,Latvia,Riga,Āgenskalns,Kalnciema 146,3,74,1,Jaunais projekts,114900,1552.7,1,56.93317,24.03152,146.0,Kalnciema iela,07/06/2019 08:01,16/06/2019 08:01
857,Latvia,Riga,Āgenskalns,Kalnciema 106,1,36,5,103. sērija,33500,930.56,1,56.93664,24.04322,106.0,Kalnciema iela,07/06/2019 08:01,16/06/2019 08:01
858,Latvia,Riga,Imanta,Anniņmuižas 43,2,46,9,Jaunais projekts,79000,1717.39,1,56.9591,24.01397,43.0,Anniņmuižas bulvāris,07/06/2019 08:01,16/06/2019 08:01
859,Latvia,Riga,Vecmīlgrāvis,Stiebru 3,1,42,5,Mazģimeņu projekts,32000,761.9,1,57.03431,24.09448,3.0,Stiebru iela,07/06/2019 08:01,16/06/2019 08:01
860,Latvia,Riga,Vecmīlgrāvis,Emmas 11,3,68,4,Lietuviešu projekts,57800,850.0,1,57.02942,24.10928,11.0,Emmas iela,07/06/2019 08:01,16/06/2019 08:01
862,Latvia,Riga,Maskavas priekšpilsēta,Katoļu 9,3,59,6,Renovēts,88950,1507.63,1,56.94148,24.13706,9.0,Katoļu iela,07/06/2019 08:01,16/06/2019 08:01
863,Latvia,Riga,Purvciems,Dzelzavas 74,3,73,10,Jaunais projekts,125000,1712.33,1,56.95477,24.19169,74.0,Dzelzavas iela,07/06/2019 08:01,16/06/2019 08:01
864,Latvia,Riga,Ķengarags,Maskavas 429,2,47,3,Lietuviešu projekts,55000,1170.21,1,56.89673,24.21229,429.0,Maskavas iela,07/06/2019 08:01,16/06/2019 08:01
865,Latvia,Riga,Teika,Ropažu 93,2,41,1,Pirmskara projekts,15000,365.85,1,56.98279,24.19167,93.0,Ropažu iela,07/06/2019 08:01,16/06/2019 08:01
866,Latvia,Riga,Teika,Caunes 11,5,180,2,Jaunais projekts,255000,1416.67,1,56.98087,24.18957,11.0,Caunes iela,07/06/2019 08:01,16/06/2019 08:01
867,Latvia,Riga,Purvciems,Ilūkstes 109,3,59,9,467. sērija,63000,1067.8,1,56.95479,24.19613,109.0,Ilūkstes iela,07/06/2019 08:01,16/06/2019 08:01
868,Latvia,Riga,Jugla,Silciema 13,1,31,3,Lietuviešu projekts,26000,838.71,1,56.98584,24.23998,13.0,Silciema iela,07/06/2019 08:01,16/06/2019 08:01
869,Latvia,Riga,Imanta,M. Krūmu 20,2,50,3,602. sērija,56000,1120.0,1,56.96108,24.00509,20.0,Mazā Krūmu iela,07/06/2019 08:01,14/06/2019 08:01
871,Latvia,Riga,Imanta,Zentenes 20,2,50,8,602. sērija,56000,1120.0,1,56.96136,24.00237,20.0,Zentenes iela,07/06/2019 08:01,14/06/2019 08:01
873,Latvia,Riga,Purvciems,Dudajeva g. 7,3,67,1,Lietuviešu projekts,51200,764.18,1,56.95757,24.19577,7.0,Džohara Dudajeva gatve,07/06/2019 08:01,16/06/2019 08:01
874,Latvia,Riga,Jugla,Juglas 47,3,57,3,Lietuviešu projekts,70000,1228.07,1,56.97747,24.25345,47.0,Juglas iela,07/06/2019 08:01,16/06/2019 08:01
875,Latvia,Riga,Imanta,Slokas 108,2,45,1,Hruščova projekts,55900,1242.22,1,56.96133,24.04927,108.0,Slokas iela,07/06/2019 08:01,16/06/2019 08:01
876,Latvia,Riga,Citi,Daugavgrīvas 70,2,48,3,Hruščova projekts,48500,1010.42,1,56.95715,24.07033,70.0,Daugavgrīvas iela,07/06/2019 08:01,09/06/2019 08:01
877,Latvia,Riga,Centrs,Tērbatas 65,2,74,6,Pirmskara projekts,110000,1486.49,1,56.95819,24.13066,65.0,Tērbatas iela,07/06/2019 08:01,16/06/2019 08:01
878,Latvia,Riga,Centrs,Grostonas 17,2,66,1,Jaunais projekts,135000,2045.45,1,56.96999,24.12392,17.0,Grostonas iela,07/06/2019 08:01,16/06/2019 08:01
880,Latvia,Riga,Teika,Ropažu 12,3,96,10,Jaunais projekts,195000,2031.25,1,56.97745,24.16728,12.0,Ropažu iela,07/06/2019 08:01,16/06/2019 08:01
881,Latvia,Riga,Centrs,Upes 3,1,31,4,Staļina projekts,30000,967.74,1,56.94596,24.13693,3.0,Kalupes iela,07/06/2019 08:01,13/06/2019 08:01
882,Latvia,Riga,Centrs,Eksporta 14,2,56,2,Pirmskara projekts,88000,1571.43,1,56.96972,24.09823,14.0,Eksporta iela,07/06/2019 08:01,16/06/2019 08:01
883,Latvia,Riga,Vecmīlgrāvis,Baltāsbaznīcas 36,1,36,3,Mazģimeņu projekts,29000,805.56,1,57.03663,24.09264,36.0,Baltāsbaznīcas iela,07/06/2019 08:01,16/06/2019 08:01
884,Latvia,Riga,Sarkandaugava,Viestura pr. 37,1,35,8,Specprojekts,30000,857.14,1,57.00021,24.12851,37.0,Viestura prospekts,07/06/2019 08:01,16/06/2019 08:01
886,Latvia,Riga,Zolitūde,Anniņmuižas 7,2,76,6,Jaunais projekts,112000,1473.68,1,56.94649,24.01297,7.0,Anniņmuižas iela,07/06/2019 08:01,16/06/2019 08:01
887,Latvia,Riga,Centrs,Brīvības 133,3,57,4,Pirmskara projekts,84500,1482.46,1,56.96427,24.13958,133.0,Brīvības iela,07/06/2019 08:01,12/06/2019 08:01
888,Latvia,Riga,Citi,Ķīpsalas 49,2,71,1,Jaunais projekts,262000,3690.14,1,56.95473,24.08248,49.0,Ķīpsalas iela,07/06/2019 08:01,16/06/2019 08:01
889,Latvia,Riga,Citi,Ķīpsalas 49,2,60,1,Jaunais projekts,181000,3016.67,1,56.95473,24.08248,49.0,Ķīpsalas iela,07/06/2019 08:01,16/06/2019 08:01
890,Latvia,Riga,Citi,Ķīpsalas 49,2,60,2,Jaunais projekts,178000,2966.67,1,56.95473,24.08248,49.0,Ķīpsalas iela,07/06/2019 08:01,16/06/2019 08:01
891,Latvia,Riga,Citi,Ķīpsalas 49,3,76,1,Jaunais projekts,276000,3631.58,1,56.95473,24.08248,49.0,Ķīpsalas iela,07/06/2019 08:01,16/06/2019 08:01
892,Latvia,Riga,Centrs,Blaumaņa 34,3,62,2,Renovēts,99040,1597.42,1,56.95195,24.12559,34.0,Blaumaņa iela,07/06/2019 08:01,16/06/2019 08:01
893,Latvia,Riga,Pļavnieki,Jasmuižas 2,3,63,5,602. sērija,73400,1165.08,1,56.93716,24.20661,2.0,Jasmuižas iela,07/06/2019 08:01,16/06/2019 08:01
894,Latvia,Riga,Teika,Ropažu 12,3,124,5,Jaunais projekts,200000,1612.9,1,56.97745,24.16728,12.0,Ropažu iela,07/06/2019 08:01,16/06/2019 08:01
896,Latvia,Riga,Teika,Apes 5,2,49,4,Hruščova projekts,55000,1122.45,1,57.02305,24.14372,5.0,Krapes iela,07/06/2019 08:01,12/06/2019 08:01
897,Latvia,Riga,Centrs,M. Piena 6,3,96,5,Renovēts,145000,1510.42,1,56.96975,24.10403,6.0,Mazā Piena iela,07/06/2019 08:01,10/06/2019 08:01
898,Latvia,Riga,Purvciems,Stirnu 22,1,37,4,Specprojekts,35450,958.11,1,56.95596,24.18336,22.0,Stirnu iela,07/06/2019 08:01,16/06/2019 08:01
899,Latvia,Riga,Teika,Ropažu 14,2,44,1,Jaunais projekts,93000,2113.64,1,56.97618,24.16842,14.0,Ropažu iela,07/06/2019 08:01,16/06/2019 08:01
900,Latvia,Riga,Mežciems,Kaivas 50,2,61,3,Jaunais projekts,75000,1229.51,1,56.95557,24.24257,50.0,Kaivas iela,07/06/2019 08:01,13/06/2019 08:01
901,Latvia,Riga,Purvciems,Astras 8,4,105,21,Jaunais projekts,215000,2047.62,1,56.92988,24.05259,8.0,Astras iela,07/06/2019 08:01,16/06/2019 08:01
902,Latvia,Riga,Citi,M. Stacijas 4,1,30,3,Lietuviešu projekts,31500,1050.0,1,56.95979,24.05033,4.0,Mazā Stacijas iela,07/06/2019 08:01,16/06/2019 08:01
903,Latvia,Riga,Citi,Zeltiņu 20,3,63,6,602. sērija,70700,1122.22,1,56.94719,24.1693,20.0,Zeltiņu iela,07/06/2019 08:01,16/06/2019 08:01
904,Latvia,Riga,Purvciems,Pūces 53,3,74,2,467. sērija,72700,982.43,1,56.95287,24.19239,53.0,Pūces iela,07/06/2019 08:01,16/06/2019 08:01
906,Latvia,Riga,Jugla,Vidzemes al. 4,2,36,3,Hruščova projekts,39900,1108.33,1,56.99261,24.24177,4.0,Vidzemes aleja,07/06/2019 08:01,16/06/2019 08:01
907,Latvia,Riga,Ķengarags,Maskavas 419,2,36,1,Lietuviešu projekts,31500,875.0,1,56.89908,24.20666,419.0,Maskavas iela,07/06/2019 08:01,16/06/2019 08:01
908,Latvia,Riga,Centrs,Vāgnera 12,3,76,2,Renovēts,175000,2302.63,1,56.94875,24.11127,12.0,Riharda Vāgnera iela,07/06/2019 08:01,16/06/2019 08:01
909,Latvia,Riga,Centrs,Katrīnas d. 26,1,29,3,Hruščova projekts,33000,1137.93,1,56.97361,24.10668,26.0,Katrīnas dambis,07/06/2019 08:01,16/06/2019 08:01
910,Latvia,Riga,Centrs,Lāčplēša 114,2,53,3,Pirmskara projekts,68000,1283.02,1,56.94123,24.13009,114.0,Lāčplēša iela,07/06/2019 08:01,16/06/2019 08:01
911,Latvia,Riga,Centrs,M. Krasta 39,2,53,4,Pirmskara projekts,45000,849.06,1,56.9394,24.12707,39.0,Mazā Krasta iela,07/06/2019 08:01,16/06/2019 08:01
912,Latvia,Riga,Mežciems,Hipokrāta 47,4,77,7,602. sērija,72500,941.56,1,56.96149,24.23565,47.0,Hipokrāta iela,07/06/2019 08:01,16/06/2019 08:01
914,Latvia,Riga,Ziepniekkalns,Tīraines 2,2,62,1,Privātmāja,39600,638.71,1,56.89322,24.07546,2.0,Tīraines iela,07/06/2019 08:01,16/06/2019 08:01
915,Latvia,Riga,Ziepniekkalns,Valdeķu 54,2,50,7,602. sērija,54000,1080.0,1,56.90305,24.09878,54.0,Valdeķu iela,07/06/2019 08:01,13/06/2019 08:01
918,Latvia,Riga,Ziepniekkalns,Liesmas 4,2,62,1,Jaunais projekts,102000,1645.16,1,56.89702,24.08669,4.0,Liesmas iela,07/06/2019 08:01,16/06/2019 08:01
919,Latvia,Riga,Pļavnieki,Sesku 10,1,42,2,Mazģimeņu projekts,37500,892.86,1,56.94429,24.17569,10.0,Sesku iela,07/06/2019 08:01,16/06/2019 08:01
924,Latvia,Riga,Teika,Ropažu 14,3,74,2,Jaunais projekts,121000,1635.14,1,56.97618,24.16842,14.0,Ropažu iela,07/06/2019 08:01,16/06/2019 08:01
925,Latvia,Riga,Purvciems,Vaidavas 8,2,42,3,Hruščova projekts,52100,1240.48,1,56.90074,24.05097,8.0,Vaidavas iela,07/06/2019 08:01,16/06/2019 08:01
926,Latvia,Riga,Vecrīga,Vecpilsētas 5,3,138,4,Pirmskara projekts,272000,1971.01,1,56.94658,24.11141,5.0,Vecpilsētas iela,07/06/2019 08:01,16/06/2019 08:01
927,Latvia,Riga,Ķengarags,Maskavas 252,3,61,2,Hruščova projekts,57000,934.43,1,56.91291,24.173,252.0,Maskavas iela,07/06/2019 08:01,16/06/2019 08:01
929,Latvia,Riga,Sarkandaugava,Kaķasēkļa d. 22,2,36,2,Pirmskara projekts,17000,472.22,1,56.97926,24.09972,22.0,Kaķasēkļa dambis,07/06/2019 08:01,14/06/2019 08:01
930,Latvia,Riga,Centrs,Katrīnas d. 1,2,36,2,Pirmskara projekts,17000,472.22,1,56.97308,24.10305,1.0,Katrīnas dambis,07/06/2019 08:01,14/06/2019 08:01
931,Latvia,Riga,Āgenskalns,Ulmaņa g. 3,2,48,1,Hruščova projekts,39000,812.5,1,56.92155,24.10329,3.0,Kārļa Ulmaņa gatve,07/06/2019 08:01,16/06/2019 08:01
932,Latvia,Riga,Ziepniekkalns,Bauskas 45,2,68,4,Jaunais projekts,92500,1360.29,1,56.9158,24.13769,145.0,Bauskas iela,07/06/2019 08:01,16/06/2019 08:01
933,Latvia,Riga,Purvciems,Ieriķu 41,2,47,4,Lietuviešu projekts,43000,914.89,1,56.96622,24.18247,41.0,Ieriķu iela,07/06/2019 08:01,16/06/2019 08:01
935,Latvia,Riga,Centrs,Vesetas 8,4,118,6,Specprojekts,269999,2288.13,1,56.96399,24.12272,8.0,Vesetas iela,07/06/2019 08:01,16/06/2019 08:01
936,Latvia,Riga,Pļavnieki,Salnas 21,2,41,1,Jaunais projekts,63500,1548.78,1,56.94229,24.22901,21.0,Salnas iela,07/06/2019 08:01,16/06/2019 08:01
937,Latvia,Riga,Centrs,Visvalža 7,4,113,5,Pirmskara projekts,136999,1212.38,1,56.94791,24.13039,7.0,Visvalža iela,07/06/2019 08:01,16/06/2019 08:01
938,Latvia,Riga,Citi,Robežu 3,2,47,1,Hruščova projekts,39000,829.79,1,56.92334,24.08097,3.0,Robežu iela,07/06/2019 08:01,16/06/2019 08:01
939,Latvia,Riga,Pļavnieki,Salnas 4,4,76,2,602. sērija,68500,901.32,1,56.87218,24.13109,4.0,Salnas iela,07/06/2019 08:01,16/06/2019 08:01
940,Latvia,Riga,Šampēteris-Pleskodāle,Lielirbes 6,1,39,1,Specprojekts,47500,1217.95,1,56.93546,24.04329,6.0,Lielirbes iela,07/06/2019 08:01,16/06/2019 08:01
942,Latvia,Riga,Vecrīga,Pils 9,3,76,2,Renovēts,153000,2013.16,1,56.95018,24.10234,9.0,Pils iela,07/06/2019 08:01,16/06/2019 08:01
944,Latvia,Riga,Centrs,Marijas 16,1,45,1,Pirmskara projekts,56000,1244.44,1,56.95053,24.12549,16.0,Marijas iela,07/06/2019 08:01,16/06/2019 08:01
945,Latvia,Riga,Jugla,Murjāņu 56,2,44,5,Hruščova projekts,33200,754.55,1,56.97784,24.25237,56.0,Murjāņu iela,07/06/2019 08:01,16/06/2019 08:01
946,Latvia,Riga,Centrs,Čaka 49,3,90,3,Pirmskara projekts,117000,1300.0,1,56.95388,24.1315,49.0,Aleksandra Čaka iela,07/06/2019 08:01,16/06/2019 08:01
947,Latvia,Riga,Sarkandaugava,Sofijas 6,2,31,1,103. sērija,14900,480.65,1,56.99917,24.12064,6.0,Sofijas iela,07/06/2019 08:01,16/06/2019 08:01
948,Latvia,Riga,Centrs,Republikas laukums 3,3,118,4,Jaunais projekts,255000,2161.02,1,56.95495,24.09919,3.0,Republikas laukums,07/06/2019 08:01,16/06/2019 08:01
949,Latvia,Riga,Centrs,Brīvības 93,5,111,5,Pirmskara projekts,139000,1252.25,1,56.96126,24.13126,93.0,Brīvības iela,07/06/2019 08:01,16/06/2019 08:01
951,Latvia,Riga,Jugla,Malienas 74,2,45,1,Lietuviešu projekts,41000,911.11,1,56.97588,24.2512,74.0,Malienas iela,07/06/2019 08:01,16/06/2019 08:01
952,Latvia,Riga,Centrs,Avotu 53,2,46,1,Pirmskara projekts,67500,1467.39,1,56.95245,24.14053,53.0,Avotu iela,07/06/2019 08:01,11/06/2019 08:00
953,Latvia,Riga,Jugla,Juglas 29,2,43,2,Hruščova projekts,34800,809.3,1,56.9821,24.25123,29.0,Juglas iela,07/06/2019 08:01,16/06/2019 08:01
954,Latvia,Riga,Mežaparks,Ezermalas 13,4,126,2,Jaunais projekts,152000,1206.35,1,56.99667,24.17068,13.0,Ezermalas iela,07/06/2019 08:01,16/06/2019 08:01
955,Latvia,Riga,Pļavnieki,Salnas 12,4,76,8,602. sērija,62800,826.32,1,56.87114,24.13028,12.0,Salnas iela,07/06/2019 08:01,10/06/2019 08:01
956,Latvia,Riga,Centrs,Blaumaņa 8,3,107,5,Jaunais projekts,265000,2476.64,1,56.95518,24.1216,8.0,Blaumaņa iela,07/06/2019 08:01,16/06/2019 08:01
957,Latvia,Riga,Iļģuciems,Vaidelotes 17,2,42,5,Hruščova projekts,35000,833.33,1,56.96706,24.05061,17.0,Vaidelotes iela,07/06/2019 08:01,16/06/2019 08:01
958,Latvia,Riga,Āgenskalns,Tapešu 51,1,30,4,Lietuviešu projekts,31000,1033.33,1,56.95842,24.04668,51.0,Tapešu iela,07/06/2019 08:01,16/06/2019 08:01
959,Latvia,Riga,Vecrīga,Skārņu 25,3,85,5,Pirmskara projekts,150000,1764.71,1,56.94732,24.11058,25.0,Skārņu iela,07/06/2019 08:01,16/06/2019 08:01
960,Latvia,Riga,Jugla,Lilastes 1,1,30,3,Lietuviešu projekts,34000,1133.33,1,56.98084,24.24884,1.0,Lilastes iela,07/06/2019 08:01,16/06/2019 08:01
961,Latvia,Riga,Centrs,Duntes 28,2,57,5,Jaunais projekts,85000,1491.23,1,56.98778,24.13353,28.0,Duntes iela,07/06/2019 08:01,16/06/2019 08:01
962,Latvia,Riga,Vecmīlgrāvis,Melīdas 4,2,39,5,Lietuviešu projekts,27000,692.31,1,57.02962,24.10649,4.0,Melīdas iela,07/06/2019 08:01,16/06/2019 08:01
963,Latvia,Riga,Centrs,Lugažu 12,3,83,1,Staļina projekts,64100,772.29,1,56.97469,24.10622,12.0,Lugažu iela,07/06/2019 08:01,16/06/2019 08:01
965,Latvia,Riga,Centrs,Valdemāra 41,5,175,6,Jaunais projekts,494000,2822.86,1,56.95875,24.11747,41.0,Krišjāņa Valdemāra iela,07/06/2019 08:01,16/06/2019 08:01
966,Latvia,Riga,Ķengarags,Maskavas 323,2,39,4,Lietuviešu projekts,35000,897.44,1,56.90693,24.18838,323.0,Maskavas iela,07/06/2019 08:01,16/06/2019 08:01
967,Latvia,Riga,Zolitūde,Augšzemes 5,3,92,2,Jaunais projekts,130000,1413.04,1,56.94432,24.02374,5.0,Augšzemes iela,07/06/2019 08:01,16/06/2019 08:01
968,Latvia,Riga,Āgenskalns,Kalnciema 81,4,81,2,Pirmskara projekts,59500,734.57,1,56.93863,24.05188,81.0,Kalnciema iela,07/06/2019 08:01,16/06/2019 08:01
970,Latvia,Riga,Āgenskalns,Gardenes 3,5,91,4,Specprojekts,105000,1153.85,1,56.9279,24.07259,1.0,Gardenes iela,07/06/2019 08:01,16/06/2019 08:01
971,Latvia,Riga,Centrs,Brīvības 46,2,106,6,Renovēts,250000,2358.49,1,56.95526,24.11979,46.0,Brīvības iela,07/06/2019 08:01,16/06/2019 08:01
972,Latvia,Riga,Centrs,Maskavas 57,2,58,2,Pirmskara projekts,71500,1232.76,1,56.93967,24.1324,57.0,Maskavas iela,07/06/2019 08:01,16/06/2019 08:01
973,Latvia,Riga,Purvciems,Ieriķu 58,4,68,1,Specprojekts,58000,852.94,1,56.96553,24.18168,58.0,Ieriķu iela,07/06/2019 08:01,16/06/2019 08:01
975,Latvia,Riga,Iļģuciems,Garā 22,3,66,3,Lietuviešu projekts,55000,833.33,1,56.96803,24.05512,22.0,Garā iela,07/06/2019 08:01,16/06/2019 08:01
976,Latvia,Riga,Āgenskalns,Olgas 3,4,100,1,Pirmskara projekts,59000,590.0,1,56.94193,24.0747,3.0,Olgas iela,07/06/2019 08:01,16/06/2019 08:01
977,Latvia,Riga,Imanta,Anniņmuižas 82,2,50,3,602. sērija,55700,1114.0,1,56.95542,24.00801,82.0,Anniņmuižas bulvāris,07/06/2019 08:01,16/06/2019 08:01
978,Latvia,Riga,Imanta,Anniņmuižas 82,2,50,3,467. sērija,55700,1114.0,1,56.95542,24.00801,82.0,Anniņmuižas bulvāris,07/06/2019 08:01,16/06/2019 08:01
979,Latvia,Riga,Purvciems,Ūnijas 32,1,18,1,Renovēts,10850,602.78,1,56.96672,24.1736,32.0,Ūnijas iela,07/06/2019 08:01,16/06/2019 08:01
980,Latvia,Riga,Jugla,Kvēles 21,2,49,5,Lietuviešu projekts,36000,734.69,1,56.98188,24.24541,21.0,Kvēles iela,07/06/2019 08:01,10/06/2019 08:01
981,Latvia,Riga,Centrs,Bruņinieku 68,2,49,1,Pirmskara projekts,23000,469.39,1,56.95271,24.13839,68.0,Bruņinieku iela,07/06/2019 08:01,16/06/2019 08:01
982,Latvia,Riga,Purvciems,Pūces 51,3,63,6,602. sērija,65000,1031.75,1,56.95295,24.1918,51.0,Pūces iela,07/06/2019 08:01,16/06/2019 08:01
983,Latvia,Riga,Zolitūde,Rostokas 2,2,57,1,119. sērija,57000,1000.0,1,56.94941,24.00143,2.0,Rostokas iela,07/06/2019 08:01,16/06/2019 08:01
984,Latvia,Riga,Purvciems,Ilūkstes 107,4,75,2,467. sērija,85000,1133.33,1,56.95403,24.19499,107.0,Ilūkstes iela,07/06/2019 08:01,16/06/2019 08:01
985,Latvia,Riga,Centrs,Marijas 16,3,89,6,Renovēts,175000,1966.29,1,56.95053,24.12549,16.0,Marijas iela,07/06/2019 08:01,16/06/2019 08:01
986,Latvia,Riga,Ķengarags,Aviācijas 13,1,38,8,Mazģimeņu projekts,26950,709.21,1,56.90449,24.19774,13.0,Aviācijas iela,07/06/2019 08:01,16/06/2019 08:01
988,Latvia,Riga,Centrs,Pētersalas 17,2,39,2,Pirmskara projekts,17300,443.59,1,56.96808,24.10152,17.0,Pētersalas iela,07/06/2019 08:01,16/06/2019 08:01
990,Latvia,Riga,Centrs,Tomsona 39,3,119,3,Jaunais projekts,230000,1932.77,1,56.96913,24.1297,39.0,Tomsona iela,07/06/2019 08:01,16/06/2019 08:01
991,Latvia,Riga,Āgenskalns,Grīna bulv. 9,1,26,5,Specprojekts,40000,1538.46,1,56.93997,24.0806,9.0,Aleksandra Grīna bulvāris,07/06/2019 08:01,16/06/2019 08:01
992,Latvia,Riga,Pļavnieki,Lubānas 45,1,37,2,Staļina projekts,29800,805.41,1,56.93191,24.17611,45.0,Lubānas iela,07/06/2019 08:01,16/06/2019 08:01
993,Latvia,Riga,Centrs,Tallinas 86,2,35,4,Renovēts,70800,2022.86,1,56.95654,24.14794,86.0,Tallinas iela,07/06/2019 08:01,16/06/2019 08:01
994,Latvia,Riga,Daugavgrīva,Lēpju 5,2,46,2,Specprojekts,35000,760.87,1,57.04141,24.02744,5.0,Lēpju iela,07/06/2019 08:01,16/06/2019 08:01
996,Latvia,Riga,Centrs,Tallinas 86,3,61,2,Renovēts,125000,2049.18,1,56.95654,24.14794,86.0,Tallinas iela,07/06/2019 08:01,16/06/2019 08:01
997,Latvia,Riga,Iļģuciems,Slokas 106,2,44,1,Specprojekts,20900,475.0,1,56.96141,24.05017,106.0,Slokas iela,07/06/2019 08:01,16/06/2019 08:01
998,Latvia,Riga,Šampēteris-Pleskodāle,Rucavas 1,2,48,3,Hruščova projekts,35000,729.17,1,56.93661,24.03456,1.0,Rucavas iela,07/06/2019 08:01,16/06/2019 08:01
999,Latvia,Riga,Centrs,Čaka 36,4,87,4,Pirmskara projekts,163688,1881.47,1,56.95272,24.13,36.0,Aleksandra Čaka iela,07/06/2019 08:01,16/06/2019 08:01
1001,Latvia,Riga,Šampēteris-Pleskodāle,Apuzes 51,4,103,3,Jaunais projekts,173160,1681.17,1,56.94202,24.02075,51.0,Apuzes iela,07/06/2019 08:01,16/06/2019 08:01
1002,Latvia,Riga,Centrs,Valdemāra 103,3,62,5,Staļina projekts,105000,1693.55,1,56.96487,24.12765,103.0,Krišjāņa Valdemāra iela,07/06/2019 08:01,16/06/2019 08:01
1003,Latvia,Riga,Mežciems,Eizenšteina 75,4,76,7,602. sērija,65950,867.76,1,56.96019,24.23267,75.0,Sergeja Eizenšteina iela,07/06/2019 08:01,16/06/2019 08:01
1004,Latvia,Riga,Centrs,Čaka 36,2,47,4,Pirmskara projekts,94568,2012.09,1,56.95272,24.13,36.0,Aleksandra Čaka iela,07/06/2019 08:01,16/06/2019 08:01
1005,Latvia,Riga,Iļģuciems,Lilijas 22,2,65,3,Jaunais projekts,87000,1338.46,1,56.96501,24.06168,22.0,Lilijas iela,07/06/2019 08:01,16/06/2019 08:01
1006,Latvia,Riga,Centrs,Marijas 18,2,60,6,Pirmskara projekts,73500,1225.0,1,56.95065,24.12588,18.0,Marijas iela,07/06/2019 08:01,16/06/2019 08:01
1007,Latvia,Riga,Centrs,Stabu 29,3,76,5,Pirmskara projekts,125000,1644.74,1,56.9564,24.12866,29.0,Stabu iela,07/06/2019 08:01,16/06/2019 08:01
1008,Latvia,Riga,Centrs,Cēsu 8,3,87,4,Pirmskara projekts,135000,1551.72,1,56.96413,24.13811,8.0,Cēsu iela,07/06/2019 08:01,16/06/2019 08:01
1009,Latvia,Riga,Centrs,Marijas 16,3,95,6,Pirmskara projekts,198000,2084.21,1,56.95053,24.12549,16.0,Marijas iela,07/06/2019 08:01,16/06/2019 08:01
1010,Latvia,Riga,Centrs,M. Piena 6,2,36,2,Jaunais projekts,59500,1652.78,1,56.96975,24.10403,6.0,Mazā Piena iela,07/06/2019 08:01,16/06/2019 08:01
1011,Latvia,Riga,Mežciems,Druvienas 36,3,63,5,602. sērija,64500,1023.81,1,56.97008,24.23294,36.0,Druvienas iela,07/06/2019 08:01,16/06/2019 08:01
1012,Latvia,Riga,Centrs,Tallinas 33,1,26,4,Pirmskara projekts,32000,1230.77,1,56.96272,24.13792,33.0,Tallinas iela,07/06/2019 08:01,16/06/2019 08:01
1013,Latvia,Riga,Iļģuciems,Buļļu 31,2,38,5,Lietuviešu projekts,60000,1578.95,1,56.96719,24.05551,31.0,Buļļu iela,07/06/2019 08:01,12/06/2019 08:01
1014,Latvia,Riga,Mežciems,Biķernieku 224,4,71,5,Specprojekts,44000,619.72,1,56.9591,24.29199,224.0,Biķernieku iela,07/06/2019 08:01,16/06/2019 08:01
1015,Latvia,Riga,Bolderāja,Lemešu 15,2,50,4,Lietuviešu projekts,42999,859.98,1,57.03227,24.0532,15.0,Lemešu iela,07/06/2019 08:01,16/06/2019 08:01
1016,Latvia,Riga,Citi,Daugavgrīvas 56,2,48,7,467. sērija,46300,964.58,1,56.95432,24.06923,56.0,Daugavgrīvas iela,07/06/2019 08:01,16/06/2019 08:01
1018,Latvia,Riga,Citi,Ogļu 32,3,79,1,Pirmskara projekts,265000,3354.43,1,56.96075,24.0817,32.0,Ogļu iela,07/06/2019 08:01,16/06/2019 08:01
1019,Latvia,Riga,Centrs,Lāčplēša 118,1,28,3,Pirmskara projekts,18000,642.86,1,56.94061,24.12956,118.0,Lāčplēša iela,07/06/2019 08:01,16/06/2019 08:01
1020,Latvia,Riga,Jugla,Brīvības 388,1,34,3,Mazģimeņu projekts,31500,926.47,1,56.9866,24.22245,388.0,Brīvības gatve,07/06/2019 08:01,16/06/2019 08:01
1021,Latvia,Riga,Ķengarags,Višķu 13,2,38,3,Lietuviešu projekts,31000,815.79,1,56.8999,24.21246,13.0,Višķu iela,07/06/2019 08:01,16/06/2019 08:01
1022,Latvia,Riga,Imanta,Kleistu 18,2,49,2,Lietuviešu projekts,52000,1061.22,1,56.96393,24.02509,18.0,Kleistu iela,07/06/2019 08:01,16/06/2019 08:01
1023,Latvia,Riga,Maskavas priekšpilsēta,Kalupes 15,1,25,4,Pirmskara projekts,25000,1000.0,1,56.94618,24.13841,15.0,Kalupes iela,07/06/2019 08:01,16/06/2019 08:01
1024,Latvia,Riga,Mežciems,Biķernieku 143,3,70,3,Jaunais projekts,91000,1300.0,1,56.95684,24.23943,143.0,Biķernieku iela,07/06/2019 08:01,16/06/2019 08:01
1025,Latvia,Riga,Ķengarags,Ikšķiles 7,2,49,5,Lietuviešu projekts,46500,948.98,1,56.9033,24.20473,7.0,Ikšķiles iela,07/06/2019 08:01,16/06/2019 08:01
1027,Latvia,Riga,Purvciems,Ieriķu 48,1,20,2,Staļina projekts,17200,860.0,1,56.96533,24.17911,48.0,Ieriķu iela,07/06/2019 08:01,16/06/2019 08:01
1029,Latvia,Riga,Krasta rajons,Maskavas 218,3,60,5,467. sērija,67000,1116.67,1,56.92562,24.167,218.0,Maskavas iela,07/06/2019 08:01,16/06/2019 08:01
1030,Latvia,Riga,Jugla,Juglas 47,3,58,4,Lietuviešu projekts,61500,1060.34,1,56.97747,24.25345,47.0,Juglas iela,07/06/2019 08:01,16/06/2019 08:01
1031,Latvia,Riga,Purvciems,Stirnu 41,1,30,5,Lietuviešu projekts,31500,1050.0,1,56.96169,24.1887,41.0,Stirnu iela,07/06/2019 08:01,16/06/2019 08:01
1032,Latvia,Riga,Centrs,Marijas 18,5,186,5,Pirmskara projekts,229000,1231.18,1,56.95065,24.12588,18.0,Marijas iela,07/06/2019 08:01,16/06/2019 08:01
1033,Latvia,Riga,Centrs,Ģertrūdes 22,3,75,1,Pirmskara projekts,179000,2386.67,1,56.95596,24.12476,22.0,Ģertrūdes iela,07/06/2019 08:01,16/06/2019 08:01
1034,Latvia,Riga,Centrs,Čaka 102,1,32,2,Pirmskara projekts,16990,530.94,1,56.95852,24.1412,102.0,Aleksandra Čaka iela,07/06/2019 08:01,16/06/2019 08:01
1035,Latvia,Riga,Ziepniekkalns,Valdeķu 66,2,50,4,602. sērija,50000,1000.0,1,56.90044,24.09489,66.0,Valdeķu iela,07/06/2019 08:01,14/06/2019 08:01
1036,Latvia,Riga,Maskavas priekšpilsēta,Maskavas 81,2,55,4,Pirmskara projekts,51500,936.36,1,56.93973,24.13804,81.0,Maskavas iela,07/06/2019 08:01,16/06/2019 08:01
1037,Latvia,Riga,Vecmīlgrāvis,Meldru 2,2,71,1,Hruščova projekts,25000,352.11,1,57.02775,24.10437,2.0,Meldru iela,07/06/2019 08:01,16/06/2019 08:01
1038,Latvia,Riga,Grīziņkalns,Vārnu 8,2,45,3,Pirmskara projekts,58000,1288.89,1,56.95803,24.14847,8.0,Vārnu iela,07/06/2019 08:01,16/06/2019 08:01
1039,Latvia,Riga,Centrs,Tallinas 79,2,45,3,Pirmskara projekts,58000,1288.89,1,56.95713,24.14783,79.0,Tallinas iela,07/06/2019 08:01,16/06/2019 08:01
1040,Latvia,Riga,Centrs,Valmieras 6,2,51,2,Pirmskara projekts,19500,382.35,1,56.94846,24.14497,6.0,Valmieras iela,07/06/2019 08:01,16/06/2019 08:01
1041,Latvia,Riga,Mežciems,Kaivas 50,3,92,2,Jaunais projekts,129000,1402.17,1,56.95557,24.24257,50.0,Kaivas iela,07/06/2019 08:01,16/06/2019 08:01
1043,Latvia,Riga,Centrs,Grostonas 25,4,107,3,Jaunais projekts,213200,1992.52,1,56.97221,24.1259,25.0,Grostonas iela,07/06/2019 08:01,16/06/2019 08:01
1044,Latvia,Riga,Ziepniekkalns,Komētas 26,2,65,1,Jaunais projekts,95900,1475.38,1,56.91445,24.13248,13.0,Komētas iela,07/06/2019 08:01,12/06/2019 08:01
1045,Latvia,Riga,Ziepniekkalns,Komētas 34,2,66,2,Jaunais projekts,101000,1530.3,1,56.91445,24.13248,13.0,Komētas iela,07/06/2019 08:01,16/06/2019 08:01
1046,Latvia,Riga,Ziepniekkalns,Komētas 30,3,76,2,Jaunais projekts,125000,1644.74,1,56.91445,24.13248,13.0,Komētas iela,07/06/2019 08:01,16/06/2019 08:01
1047,Latvia,Riga,Purvciems,Upeņu 11,2,63,2,Jaunais projekts,107000,1698.41,1,56.95955,24.19082,11.0,Upeņu iela,07/06/2019 08:01,16/06/2019 08:01
1049,Latvia,Riga,Purvciems,Purvciema 57,1,40,8,Specprojekts,31000,775.0,1,56.95495,24.18138,57.0,Purvciema iela,07/06/2019 08:01,16/06/2019 08:01
1050,Latvia,Riga,Citi,Balasta d. 72,3,131,1,Jaunais projekts,260000,1984.73,1,56.9587,24.08421,72.0,Balasta dambis,07/06/2019 08:01,16/06/2019 08:01
1051,Latvia,Riga,Purvciems,Rubeņu 9,2,43,1,Staļina projekts,32500,755.81,1,56.96545,24.18084,9.0,Rubeņu iela,07/06/2019 08:01,16/06/2019 08:01
1052,Latvia,Riga,Ziepniekkalns,Liesmas 4,5,177,5,Jaunais projekts,195000,1101.69,1,56.89702,24.08669,4.0,Liesmas iela,07/06/2019 08:01,16/06/2019 08:01
1055,Latvia,Riga,Centrs,Merķeļa 17,2,67,4,Renovēts,169250,2526.12,1,56.95141,24.11619,17.0,Merķeļa iela,07/06/2019 08:01,16/06/2019 08:01
1056,Latvia,Riga,Citi,Skultes 2,3,66,5,Specprojekts,64000,969.7,1,56.98531,24.18198,2.0,Skultes iela,07/06/2019 08:01,16/06/2019 08:01
1057,Latvia,Riga,Centrs,Merķeļa 17,3,60,5,Renovēts,147600,2460.0,1,56.95141,24.11619,17.0,Merķeļa iela,07/06/2019 08:01,16/06/2019 08:01
1059,Latvia,Riga,Centrs,Ģertrūdes 113,2,52,6,Pirmskara projekts,76000,1461.54,1,56.94875,24.13856,113.0,Ģertrūdes iela,07/06/2019 08:01,16/06/2019 08:01
1061,Latvia,Riga,Centrs,Ģertrūdes 113,3,72,6,Pirmskara projekts,102000,1416.67,1,56.94875,24.13856,113.0,Ģertrūdes iela,07/06/2019 08:01,16/06/2019 08:01
1062,Latvia,Riga,Grīziņkalns,Laboratorijas 22,1,25,1,Pirmskara projekts,15500,620.0,1,56.95814,24.1497,22.0,Laboratorijas iela,07/06/2019 08:01,16/06/2019 08:01
1064,Latvia,Riga,Maskavas priekšpilsēta,Jēkabpils 2,2,67,2,Specprojekts,83500,1246.27,1,56.94253,24.13326,2.0,Jēkabpils iela,07/06/2019 08:01,16/06/2019 08:01
1065,Latvia,Riga,Centrs,Sadovņikova 21,2,67,2,Specprojekts,83500,1246.27,1,56.94227,24.1328,21.0,Firsa Sadovņikova iela,07/06/2019 08:01,16/06/2019 08:01
1066,Latvia,Riga,Centrs,Valdemāra 77,2,55,3,Pirmskara projekts,125000,2272.73,1,56.96295,24.12405,77.0,Krišjāņa Valdemāra iela,07/06/2019 08:01,16/06/2019 08:01
1067,Latvia,Riga,Sarkandaugava,Sofijas 6,3,58,1,103. sērija,27400,472.41,1,56.99917,24.12064,6.0,Sofijas iela,07/06/2019 08:01,16/06/2019 08:01
1068,Latvia,Riga,Bolderāja,Gobas 23,2,45,4,Hruščova projekts,37000,822.22,1,57.03187,24.05116,23.0,Gobas iela,07/06/2019 08:01,16/06/2019 08:01
1069,Latvia,Riga,Jugla,Silciema 5,2,44,3,Hruščova projekts,37000,840.91,1,56.98777,24.23815,5.0,Silciema iela,07/06/2019 08:01,16/06/2019 08:01
1071,Latvia,Riga,Āgenskalns,Melnsila 10,3,80,1,Renovēts,96000,1200.0,1,56.94266,24.06813,10.0,Melnsila iela,07/06/2019 08:01,16/06/2019 08:01
1073,Latvia,Riga,Mežaparks,Viestura pr. 75,3,84,2,Renovēts,92300,1098.81,1,57.00637,24.12801,75.0,Viestura prospekts,07/06/2019 08:01,12/06/2019 08:01
1074,Latvia,Riga,Grīziņkalns,Terēzes 8,2,52,1,Renovēts,72000,1384.62,1,56.96189,24.15031,8.0,Terēzes iela,07/06/2019 08:01,16/06/2019 08:01
1075,Latvia,Riga,Āgenskalns,Melnsila 17,4,88,2,Pirmskara projekts,75000,852.27,1,56.94389,24.06603,17.0,Melnsila iela,07/06/2019 08:01,16/06/2019 08:01
1076,Latvia,Riga,Citi,Gaujas 32,2,48,5,Hruščova projekts,46000,958.33,1,56.9874,24.16635,32.0,Gaujas iela,07/06/2019 08:01,16/06/2019 08:01
1077,Latvia,Riga,Centrs,Ģertrūdes 63,3,123,3,Pirmskara projekts,160000,1300.81,1,56.95217,24.13228,63.0,Ģertrūdes iela,07/06/2019 08:01,16/06/2019 08:01
1079,Latvia,Riga,Centrs,Lāčplēša 23,5,168,4,Pirmskara projekts,295000,1755.95,1,56.9554,24.12345,23.0,Lāčplēša iela,07/06/2019 08:01,16/06/2019 08:01
1080,Latvia,Riga,Sarkandaugava,Alekša 7,2,57,3,Renovēts,59100,1036.84,1,56.99287,24.12533,7.0,Alekša iela,07/06/2019 08:01,16/06/2019 08:01
1081,Latvia,Riga,Teika,Brīvības 280,4,117,6,Pirmskara projekts,115000,982.91,1,56.97683,24.17919,280.0,Brīvības gatve,07/06/2019 08:01,16/06/2019 08:01
1082,Latvia,Riga,Purvciems,Varavīksnes g. 8,3,62,4,602. sērija,72000,1161.29,1,56.95307,24.20281,8.0,Varavīksnes gatve,07/06/2019 08:01,16/06/2019 08:01
1083,Latvia,Riga,Purvciems,Dzelzavas 69,3,58,1,467. sērija,63000,1086.21,1,56.95618,24.1978,69.0,Dzelzavas iela,07/06/2019 08:01,07/06/2019 08:01
1084,Latvia,Riga,Āgenskalns,Melnsila 20,2,43,4,Hruščova projekts,49900,1160.47,1,56.94603,24.06595,20.0,Melnsila iela,07/06/2019 08:01,16/06/2019 08:01
1085,Latvia,Riga,Iļģuciems,Slokas 84,2,53,1,Jaunais projekts,89000,1679.25,1,56.9609,24.05642,84.0,Slokas iela,07/06/2019 08:01,16/06/2019 08:01
1086,Latvia,Riga,Maskavas priekšpilsēta,Balvu 15,2,51,11,Čehu projekts,48000,941.18,1,56.93404,24.15175,15.0,Balvu iela,07/06/2019 08:01,16/06/2019 08:01
1087,Latvia,Riga,Ķengarags,Ikšķiles 13,1,36,12,Čehu projekts,27900,775.0,1,56.90348,24.20758,13.0,Ikšķiles iela,07/06/2019 08:01,12/06/2019 08:01
1089,Latvia,Riga,Pļavnieki,Pavasara g. 4,4,76,8,602. sērija,69500,914.47,1,56.9342,24.19827,4.0,Pavasara gatve,07/06/2019 08:01,16/06/2019 08:01
1090,Latvia,Riga,Purvciems,Dzelzavas 82,3,61,3,Lietuviešu projekts,55000,901.64,1,56.95426,24.20372,82.0,Dzelzavas iela,07/06/2019 08:01,16/06/2019 08:01
1092,Latvia,Riga,Ķengarags,Maskavas 307,2,38,1,Lietuviešu projekts,34500,907.89,1,56.91115,24.17948,307.0,Maskavas iela,07/06/2019 08:01,16/06/2019 08:01
1093,Latvia,Riga,Jugla,Juglas 33,3,59,2,Lietuviešu projekts,49500,838.98,1,56.98124,24.25208,33.0,Juglas iela,07/06/2019 08:01,16/06/2019 08:01
1096,Latvia,Riga,Centrs,J. Daliņa 4,2,41,5,Hruščova projekts,42000,1024.39,1,56.97171,24.12468,8.0,Jāņa Daliņa iela,07/06/2019 08:01,10/06/2019 08:01
1097,Latvia,Riga,Ķengarags,Lokomotīves 42,2,45,1,Pirmskara projekts,42000,933.33,1,56.91099,24.19642,42.0,Lokomotīves iela,07/06/2019 08:01,16/06/2019 08:01
1099,Latvia,Riga,Ķengarags,Maskavas 250,1,31,4,Hruščova projekts,29500,951.61,1,56.91633,24.17035,250.0,Maskavas iela,07/06/2019 08:01,16/06/2019 08:01
1100,Latvia,Riga,Centrs,Vēžu 14,4,116,3,Jaunais projekts,185000,1594.83,1,56.97115,24.10076,14.0,Vēžu iela,07/06/2019 08:01,16/06/2019 08:01
1101,Latvia,Riga,Ķengarags,Maskavas 383,3,75,1,Staļina projekts,79500,1060.0,1,56.90176,24.20137,383.0,Maskavas iela,07/06/2019 08:01,16/06/2019 08:01
1102,Latvia,Riga,Centrs,Miera 28,2,46,1,Pirmskara projekts,50000,1086.96,1,56.96351,24.13204,28.0,Miera iela,07/06/2019 08:01,16/06/2019 08:01
1103,Latvia,Riga,Centrs,Klijānu 16,3,59,7,Jaunais projekts,99000,1677.97,1,56.97133,24.14974,21.0,Klijānu iela,07/06/2019 08:01,16/06/2019 08:01
1104,Latvia,Riga,Centrs,Stabu 61,3,120,5,Pirmskara projekts,160000,1333.33,1,56.9533,24.13503,61.0,Stabu iela,07/06/2019 08:01,16/06/2019 08:01
1105,Latvia,Riga,Ķengarags,Maskavas 321,2,49,1,Lietuviešu projekts,44900,916.33,1,56.90853,24.1855,321.0,Maskavas iela,07/06/2019 08:01,16/06/2019 08:01
1106,Latvia,Riga,Citi,Daugavgrīvas 60,2,60,1,Specprojekts,58980,983.0,1,56.95629,24.0685,60.0,Daugavgrīvas iela,07/06/2019 08:01,16/06/2019 08:01
1107,Latvia,Riga,Āgenskalns,Lielirbes 13,2,68,4,Jaunais projekts,89900,1322.06,1,56.93334,24.04343,13.0,Lielirbes iela,07/06/2019 08:01,16/06/2019 08:01
1108,Latvia,Riga,Āgenskalns,Daugavgrīvas 60,2,60,1,Specprojekts,58980,983.0,1,56.95629,24.0685,60.0,Daugavgrīvas iela,07/06/2019 08:01,16/06/2019 08:01
1109,Latvia,Riga,Mežciems,Mežciema 23,3,71,8,Specprojekts,69950,985.21,1,56.9712,24.23441,23.0,Mežciema iela,07/06/2019 08:01,16/06/2019 08:01
1111,Latvia,Riga,Centrs,Valdemāra 135,2,58,2,Staļina projekts,72500,1250.0,1,56.96839,24.13109,135.0,Krišjāņa Valdemāra iela,07/06/2019 08:01,16/06/2019 08:01
1112,Latvia,Riga,Jugla,Baltezera 2,2,49,4,Specprojekts,39999,816.31,1,56.99273,24.23912,2.0,Baltezera iela,07/06/2019 08:01,16/06/2019 08:01
1114,Latvia,Riga,Bolderāja,Tekstilnieku 1,2,53,1,Specprojekts,35999,679.23,1,57.02745,24.0451,1.0,Tekstilnieku iela,07/06/2019 08:01,16/06/2019 08:01
1115,Latvia,Riga,Āgenskalns,Valentīna 16,3,68,2,Jaunais projekts,98000,1441.18,1,56.94103,24.05391,16.0,Valentīna iela,07/06/2019 08:01,16/06/2019 08:01
1116,Latvia,Riga,Jugla,Malienas 72,3,63,2,Lietuviešu projekts,55000,873.02,1,56.97559,24.25175,72.0,Malienas iela,07/06/2019 08:01,16/06/2019 08:01
1117,Latvia,Riga,Centrs,Blaumaņa 21,2,64,1,Pirmskara projekts,110000,1718.75,1,56.95264,24.12593,21.0,Blaumaņa iela,07/06/2019 08:01,16/06/2019 08:01
1118,Latvia,Riga,Ķengarags,Rasas 2,1,31,2,Lietuviešu projekts,28500,919.35,1,56.90359,24.19999,2.0,Rasas iela,07/06/2019 08:01,16/06/2019 08:01
1119,Latvia,Riga,Teika,Vairoga 32,2,37,1,Renovēts,69900,1889.19,1,56.96893,24.17178,32.0,Vairoga iela,07/06/2019 08:01,16/06/2019 08:01
1120,Latvia,Riga,Teika,Vairoga 32,3,86,2,Renovēts,149800,1741.86,1,56.96893,24.17178,32.0,Vairoga iela,07/06/2019 08:01,12/06/2019 08:01
1121,Latvia,Riga,Teika,Vairoga 32,2,23,3,Renovēts,49500,2152.17,1,56.96893,24.17178,32.0,Vairoga iela,07/06/2019 08:01,16/06/2019 08:01
1122,Latvia,Riga,Centrs,Barona 25,5,143,2,Pirmskara projekts,199000,1391.61,1,56.95281,24.12408,25.0,Krišjāņa Barona iela,07/06/2019 08:01,16/06/2019 08:01
1125,Latvia,Riga,Vecrīga,Vāgnera 12,1,20,2,Pirmskara projekts,69900,3495.0,1,56.94875,24.11127,12.0,Riharda Vāgnera iela,07/06/2019 08:01,16/06/2019 08:01
1126,Latvia,Riga,Centrs,M. Krasta 39,4,77,4,Pirmskara projekts,55000,714.29,1,56.9394,24.12707,39.0,Mazā Krasta iela,07/06/2019 08:01,16/06/2019 08:01
1127,Latvia,Riga,Centrs,Miera 105,3,72,6,Renovēts,130312,1809.89,1,56.97541,24.14373,105.0,Miera iela,07/06/2019 08:01,16/06/2019 08:01
1128,Latvia,Riga,Purvciems,Madonas 21,3,75,9,Specprojekts,84000,1120.0,1,56.9609,24.171,21.0,Madonas iela,07/06/2019 08:01,16/06/2019 08:01
1129,Latvia,Riga,Vecmīlgrāvis,Emmas 28,2,37,4,Jaunais projekts,42300,1143.24,1,57.03219,24.11679,28.0,Emmas iela,07/06/2019 08:01,16/06/2019 08:01
1130,Latvia,Riga,Centrs,Valdemāra 39,3,97,4,Pirmskara projekts,160000,1649.48,1,56.95854,24.11717,39.0,Krišjāņa Valdemāra iela,07/06/2019 08:01,13/06/2019 08:01
1131,Latvia,Riga,Ķengarags,Lokomotīves 64,2,50,4,Lietuviešu projekts,40000,800.0,1,56.90646,24.206,64.0,Lokomotīves iela,07/06/2019 08:01,12/06/2019 08:01
1132,Latvia,Riga,Āgenskalns,Mūkusalas 25,1,31,2,Jaunais projekts,75000,2419.35,1,56.93753,24.10056,25.0,Mūkusalas iela,07/06/2019 08:01,16/06/2019 08:01
1133,Latvia,Riga,Centrs,Brīvības 91,1,30,6,Renovēts,69565,2318.83,1,56.96077,24.13144,91.0,Brīvības iela,07/06/2019 08:01,16/06/2019 08:01
1134,Latvia,Riga,Centrs,Brīvības 91,3,57,3,Renovēts,126060,2211.58,1,56.96077,24.13144,91.0,Brīvības iela,07/06/2019 08:01,16/06/2019 08:01
1135,Latvia,Riga,Imanta,Akāciju 6,1,46,8,Jaunais projekts,68000,1478.26,1,56.95163,24.00124,6.0,Akāciju iela,07/06/2019 08:01,16/06/2019 08:01
1136,Latvia,Riga,Jugla,Tirzas 3,2,40,3,Hruščova projekts,37000,925.0,1,56.98859,24.2258,3.0,Tirzas iela,07/06/2019 08:01,16/06/2019 08:01
1137,Latvia,Riga,Mežaparks,Ezermalas 2,1,32,5,Čehu projekts,33600,1050.0,1,56.99268,24.19243,2.0,Ezermalas iela,07/06/2019 08:01,16/06/2019 08:01
1138,Latvia,Riga,Jugla,Juglas 49,3,62,3,Lietuviešu projekts,61900,998.39,1,56.97701,24.25309,49.0,Juglas iela,07/06/2019 08:01,16/06/2019 08:01
1139,Latvia,Riga,Centrs,Indrānu 17,4,108,4,Renovēts,194000,1796.3,1,56.96898,24.14486,17.0,Indrānu iela,07/06/2019 08:01,16/06/2019 08:01
1140,Latvia,Riga,Centrs,Indrānu 17,4,101,4,Renovēts,189000,1871.29,1,56.96898,24.14486,17.0,Indrānu iela,07/06/2019 08:01,16/06/2019 08:01
1141,Latvia,Riga,Vecmīlgrāvis,Baltāsbaznīcas 21,2,43,3,Specprojekts,25000,581.4,1,57.03593,24.09298,21.0,Baltāsbaznīcas iela,07/06/2019 08:01,16/06/2019 08:01
1142,Latvia,Riga,Purvciems,Ķeguma 43,1,39,3,Mazģimeņu projekts,41500,1064.1,1,56.96428,24.19587,43.0,Ķeguma iela,07/06/2019 08:01,16/06/2019 08:01
1143,Latvia,Riga,Centrs,Hospitāļu 28,1,34,2,Pirmskara projekts,30000,882.35,1,56.97382,24.13811,28.0,Hospitāļu iela,07/06/2019 08:01,16/06/2019 08:01
1144,Latvia,Riga,Pļavnieki,Pavasara g. 5,2,51,2,602. sērija,44600,874.51,1,56.93521,24.19923,5.0,Pavasara gatve,07/06/2019 08:01,16/06/2019 08:01
1146,Latvia,Riga,Sarkandaugava,Sarkandaugavas 3,2,44,1,Staļina projekts,37500,852.27,1,56.99656,24.12348,3.0,Sarkandaugavas iela,07/06/2019 08:01,16/06/2019 08:01
1147,Latvia,Riga,Vecrīga,Palasta 9,4,103,3,Pirmskara projekts,200000,1941.75,1,56.94795,24.1044,9.0,Palasta iela,07/06/2019 08:01,16/06/2019 08:01
1148,Latvia,Riga,Zolitūde,Zolitūdes 75,3,80,1,Jaunais projekts,99950,1249.38,1,56.94107,24.00455,75.0,Zolitūdes iela,07/06/2019 08:01,16/06/2019 08:01
1149,Latvia,Riga,Mežciems,Gaiļezera 4,4,118,9,602. sērija,115000,974.58,1,56.96793,24.23516,4.0,Gaiļezera iela,07/06/2019 08:01,16/06/2019 08:01
1151,Latvia,Riga,Iļģuciems,Spilves 25,3,77,13,Specprojekts,88990,1155.71,1,56.97223,24.05809,25.0,Spilves iela,07/06/2019 08:01,16/06/2019 08:01
1152,Latvia,Riga,Citi,Briežu 7,3,55,1,Jaunais projekts,76450,1390.0,1,57.0223,24.13797,7.0,Briežu iela,07/06/2019 08:01,16/06/2019 08:01
1153,Latvia,Riga,Imanta,Kurzemes pr. 164,2,50,2,602. sērija,46000,920.0,1,56.95428,23.99813,164.0,Kurzemes prospekts,07/06/2019 08:01,14/06/2019 08:01
1154,Latvia,Riga,Centrs,Avotu 66,2,26,5,Pirmskara projekts,23000,884.62,1,56.95286,24.14368,66.0,Avotu iela,07/06/2019 08:01,16/06/2019 08:01
1155,Latvia,Riga,Centrs,Tallinas 79,3,68,1,Pirmskara projekts,53480,786.47,1,56.95713,24.14783,79.0,Tallinas iela,07/06/2019 08:01,16/06/2019 08:01
1156,Latvia,Riga,Centrs,Tallinas 79,2,69,1,Pirmskara projekts,54340,787.54,1,56.95713,24.14783,79.0,Tallinas iela,07/06/2019 08:01,16/06/2019 08:01
1157,Latvia,Riga,Citi,Jaunrozes 9,2,48,2,Hruščova projekts,36000,750.0,1,56.94616,24.1659,9.0,Jaunrozes iela,07/06/2019 08:01,16/06/2019 08:01
1159,Latvia,Riga,Teika,Ropažu 12,4,103,1,Jaunais projekts,165000,1601.94,1,56.97745,24.16728,12.0,Ropažu iela,07/06/2019 08:01,16/06/2019 08:01
1160,Latvia,Riga,Pļavnieki,Jasmuižas 10,1,34,1,602. sērija,38500,1132.35,1,56.9363,24.21089,10.0,Jasmuižas iela,07/06/2019 08:01,16/06/2019 08:01
1161,Latvia,Riga,Pļavnieki,Salnas 34,2,51,9,602. sērija,43200,847.06,1,56.94177,24.22933,34.0,Salnas iela,07/06/2019 08:01,15/06/2019 08:01
1162,Latvia,Riga,Imanta,Anniņmuižas 38,2,56,4,Jaunais projekts,80000,1428.57,1,56.96097,24.01567,38.0,Anniņmuižas bulvāris,07/06/2019 08:01,16/06/2019 08:01
1163,Latvia,Riga,Ziepniekkalns,Bauskas 98,3,51,1,Renovēts,27888,546.82,1,56.91434,24.11498,98.0,Bauskas iela,07/06/2019 08:01,16/06/2019 08:01
1164,Latvia,Riga,Citi,Bauskas 98,3,51,1,Renovēts,27888,546.82,1,56.91434,24.11498,98.0,Bauskas iela,07/06/2019 08:01,16/06/2019 08:01
1165,Latvia,Riga,Mežciems,Kaivas 50,3,70,2,Jaunais projekts,76560,1093.71,1,56.95557,24.24257,50.0,Kaivas iela,07/06/2019 08:01,16/06/2019 08:01
1166,Latvia,Riga,Zolitūde,Endzelīna 7,2,61,6,119. sērija,58777,963.56,1,56.94679,24.02472,7.0,Jāņa Endzelīna iela,07/06/2019 08:01,16/06/2019 08:01
1167,Latvia,Riga,Pļavnieki,Slāvu 13,3,61,4,467. sērija,57000,934.43,1,56.92994,24.17469,13.0,Slāvu iela,07/06/2019 08:01,16/06/2019 08:01
1168,Latvia,Riga,Ķengarags,Maskavas 311,3,67,3,Lietuviešu projekts,48888,729.67,1,56.91025,24.18244,311.0,Maskavas iela,07/06/2019 08:01,16/06/2019 08:01
1170,Latvia,Riga,Krasta rajons,Salacas 21,3,58,6,467. sērija,56999,982.74,1,56.92734,24.17242,21.0,Salacas iela,07/06/2019 08:01,16/06/2019 08:01
1171,Latvia,Riga,Centrs,Brīvības 168,4,173,7,Specprojekts,325000,1878.61,1,56.96586,24.14437,168.0,Brīvības iela,07/06/2019 08:01,10/06/2019 08:01
1174,Latvia,Riga,Centrs,Blaumaņa 5,5,118,3,Pirmskara projekts,285000,2415.25,1,56.95487,24.12257,5.0,Blaumaņa iela,07/06/2019 08:01,16/06/2019 08:01
1175,Latvia,Riga,Āgenskalns,Elvīras 9,3,60,5,Lietuviešu projekts,47000,783.33,1,56.94649,24.05562,9.0,Elvīras iela,07/06/2019 08:01,16/06/2019 08:01
1176,Latvia,Riga,Zolitūde,Anniņmuižas 6,1,45,3,104. sērija,72000,1600.0,1,56.94631,24.01003,6.0,Anniņmuižas iela,07/06/2019 08:01,14/06/2019 08:01
1177,Latvia,Riga,Vecmīlgrāvis,Stiebru 7,1,44,5,Mazģimeņu projekts,27500,625.0,1,57.03482,24.09529,7.0,Stiebru iela,07/06/2019 08:01,16/06/2019 08:01
1179,Latvia,Riga,Pļavnieki,Deglava 126,3,76,8,119. sērija,83000,1092.11,1,56.94664,24.20026,126.0,Augusta Deglava iela,07/06/2019 08:01,16/06/2019 08:01
1180,Latvia,Riga,Imanta,Jūrmalas g. 92,2,45,3,Jaunais projekts,95500,2122.22,1,56.952,24.00367,92.0,Jūrmalas gatve,07/06/2019 08:01,16/06/2019 08:01
1181,Latvia,Riga,Imanta,Jūrmalas g. 92,2,50,3,Jaunais projekts,109900,2198.0,1,56.952,24.00367,92.0,Jūrmalas gatve,07/06/2019 08:01,16/06/2019 08:01
1182,Latvia,Riga,Imanta,Jūrmalas g. 92,4,78,3,Jaunais projekts,159950,2050.64,1,56.952,24.00367,92.0,Jūrmalas gatve,07/06/2019 08:01,16/06/2019 08:01
1183,Latvia,Riga,Centrs,Dagdas 1,2,55,3,Pirmskara projekts,65000,1181.82,1,56.94146,24.12938,1.0,Dagdas iela,07/06/2019 08:01,16/06/2019 08:01
1184,Latvia,Riga,Citi,Āpšu 5,3,73,1,Jaunais projekts,120000,1643.84,1,56.92366,24.09147,5.0,Āpšu iela,07/06/2019 08:01,16/06/2019 08:01
1185,Latvia,Riga,Centrs,Miera 95,2,69,5,Pirmskara projekts,99000,1434.78,1,56.97349,24.14188,95.0,Miera iela,07/06/2019 08:01,16/06/2019 08:01
1186,Latvia,Riga,Maskavas priekšpilsēta,Krāslavas 14,1,17,2,Jaunais projekts,37000,2176.47,1,56.94306,24.13451,14.0,Krāslavas iela,07/06/2019 08:01,16/06/2019 08:01
1187,Latvia,Riga,Purvciems,Ūnijas 72,2,45,4,Lietuviešu projekts,39500,877.78,1,56.96168,24.18037,72.0,Ūnijas iela,07/06/2019 08:01,16/06/2019 08:01
1188,Latvia,Riga,Citi,Ogļu 34,1,27,1,Pirmskara projekts,16740,620.0,1,56.96111,24.0817,34.0,Ogļu iela,07/06/2019 08:01,16/06/2019 08:01
1190,Latvia,Riga,Imanta,Kleistu 6,3,60,4,Lietuviešu projekts,51500,858.33,1,56.96041,24.02376,6.0,Kleistu iela,07/06/2019 08:01,16/06/2019 08:01
1191,Latvia,Riga,Centrs,Pērnavas 10,2,54,1,Staļina projekts,97200,1800.0,1,56.96471,24.14892,10.0,Pērnavas iela,07/06/2019 08:01,16/06/2019 08:01
1192,Latvia,Riga,Citi,Rusova 30,1,40,2,Mazģimeņu projekts,25000,625.0,1,56.98642,24.17414,30.0,Rusova iela,07/06/2019 08:01,16/06/2019 08:01
1193,Latvia,Riga,Imanta,Jūrmalas g. 82,2,47,9,Jaunais projekts,76999,1638.28,1,56.95249,24.00783,82.0,Jūrmalas gatve,07/06/2019 08:01,16/06/2019 08:01
1194,Latvia,Riga,Vecrīga,Kungu 25,3,78,5,Jaunais projekts,155200,1989.74,1,56.94561,24.10951,25.0,Kungu iela,07/06/2019 08:01,16/06/2019 08:01
1195,Latvia,Riga,Teika,Āraišu 38,3,90,2,Jaunais projekts,143000,1588.89,1,56.97246,24.1719,38.0,Āraišu iela,07/06/2019 08:01,16/06/2019 08:01
1197,Latvia,Riga,Maskavas priekšpilsēta,Krāslavas 14,3,55,6,Jaunais projekts,99540,1809.82,1,56.94306,24.13451,14.0,Krāslavas iela,07/06/2019 08:01,16/06/2019 08:01
1200,Latvia,Riga,Jugla,Silciema 13,3,59,4,Hruščova projekts,65000,1101.69,1,56.98584,24.23998,13.0,Silciema iela,07/06/2019 08:01,16/06/2019 08:01
1201,Latvia,Riga,Centrs,Ganu 4,5,145,4,Pirmskara projekts,239000,1648.28,1,56.96149,24.10921,4.0,Ganu iela,07/06/2019 08:01,16/06/2019 08:01
1203,Latvia,Riga,Citi,Deglava 104,3,75,7,119. sērija,81000,1080.0,1,56.94777,24.18944,104.0,Augusta Deglava iela,07/06/2019 08:01,16/06/2019 08:01
1204,Latvia,Riga,Ziepniekkalns,Ozolciema 32,3,62,3,602. sērija,72000,1161.29,1,56.90079,24.09733,32.0,Ozolciema iela,07/06/2019 08:01,16/06/2019 08:01
1207,Latvia,Riga,Centrs,Maskavas 84,2,46,3,Pirmskara projekts,38910,845.87,1,56.93934,24.13279,84.0,Maskavas iela,07/06/2019 08:01,07/06/2019 08:01
1208,Latvia,Riga,Centrs,Tallinas 66,2,50,5,Specprojekts,55000,1100.0,1,56.95804,24.14496,66.0,Tallinas iela,07/06/2019 08:01,16/06/2019 08:01
1209,Latvia,Riga,Centrs,Vesetas 26,3,67,9,Jaunais projekts,155300,2317.91,1,56.96983,24.12868,26.0,Vesetas iela,07/06/2019 08:01,16/06/2019 08:01
1210,Latvia,Riga,Centrs,Vesetas 25,2,50,5,Specprojekts,66000,1320.0,1,56.9736,24.13005,25.0,Vesetas iela,07/06/2019 08:01,16/06/2019 08:01
1211,Latvia,Riga,Purvciems,Purvciema 53,2,44,9,Mazģimeņu projekts,50900,1156.82,1,56.95456,24.17902,53.0,Purvciema iela,07/06/2019 08:01,16/06/2019 08:01
1214,Latvia,Riga,Centrs,Baznīcas 45,5,130,4,Renovēts,219000,1684.62,1,56.95981,24.1245,45.0,Baznīcas iela,07/06/2019 08:01,16/06/2019 08:01
1215,Latvia,Riga,Centrs,Hospitāļu 40,4,90,1,Staļina projekts,160650,1785.0,1,56.97586,24.13911,40.0,Hospitāļu iela,07/06/2019 08:01,16/06/2019 08:01
1216,Latvia,Riga,Āgenskalns,Bauskas 4,3,86,2,Pirmskara projekts,96000,1116.28,1,56.92578,24.09378,4.0,Bauskas iela,07/06/2019 08:01,10/06/2019 08:01
1217,Latvia,Riga,Citi,Koku 5,2,29,1,Pirmskara projekts,23500,810.34,1,56.92206,24.09175,5.0,Koku iela,07/06/2019 08:01,16/06/2019 08:01
1218,Latvia,Riga,Pļavnieki,Deglava 122,1,43,8,119. sērija,45500,1058.14,1,56.9471,24.19753,122.0,Augusta Deglava iela,07/06/2019 08:01,16/06/2019 08:01
1219,Latvia,Riga,Imanta,Kleistu 15,4,75,7,602. sērija,67500,900.0,1,56.96354,24.02301,15.0,Kleistu iela,07/06/2019 08:01,16/06/2019 08:01
1220,Latvia,Riga,Ķengarags,Maskavas 250,2,37,3,Lietuviešu projekts,34000,918.92,1,56.91633,24.17035,250.0,Maskavas iela,07/06/2019 08:01,16/06/2019 08:01
1224,Latvia,Riga,Zolitūde,Lejiņa 6,3,80,5,119. sērija,76500,956.25,1,56.94639,24.01734,6.0,Paula Lejiņa iela,07/06/2019 08:01,16/06/2019 08:01
1225,Latvia,Riga,Zolitūde,Rostokas 26,4,94,3,119. sērija,92000,978.72,1,56.94856,24.00769,26.0,Rostokas iela,07/06/2019 08:01,16/06/2019 08:01
1226,Latvia,Riga,Pļavnieki,Ilūkstes 4,1,40,5,Mazģimeņu projekts,34000,850.0,1,56.93393,24.19605,4.0,Ilūkstes iela,07/06/2019 08:01,16/06/2019 08:01
1229,Latvia,Riga,Citi,Viestura pr. 16,2,49,2,467. sērija,45499,928.55,1,57.01782,24.13184,16.0,Viestura prospekts,07/06/2019 08:01,16/06/2019 08:01
1230,Latvia,Riga,Mežaparks,Viestura pr. 16,2,49,2,467. sērija,45499,928.55,1,57.01782,24.13184,16.0,Viestura prospekts,07/06/2019 08:01,16/06/2019 08:01
1231,Latvia,Riga,Centrs,Zaļā 4,3,100,2,Specprojekts,155000,1550.0,1,56.95862,24.11428,4.0,Zaļā iela,07/06/2019 08:01,16/06/2019 08:01
1232,Latvia,Riga,Centrs,Valdemāra 39,3,81,6,Pirmskara projekts,117000,1444.44,1,56.95854,24.11717,39.0,Krišjāņa Valdemāra iela,07/06/2019 08:01,16/06/2019 08:01
1233,Latvia,Riga,Pļavnieki,Salnas 28,2,53,3,602. sērija,60000,1132.08,1,56.94115,24.22502,28.0,Salnas iela,07/06/2019 08:01,16/06/2019 08:01
1234,Latvia,Riga,Teika,Struktoru 7,2,36,3,Renovēts,72000,2000.0,1,56.9731,24.17375,7.0,Struktoru iela,07/06/2019 08:01,16/06/2019 08:01
1236,Latvia,Riga,Imanta,Kleistu 15,4,75,5,602. sērija,69000,920.0,1,56.96354,24.02301,15.0,Kleistu iela,07/06/2019 08:01,16/06/2019 08:01
1237,Latvia,Riga,Vecmīlgrāvis,Kāvu 8,2,51,2,Lietuviešu projekts,41000,803.92,1,57.03368,24.10054,8.0,Kāvu iela,07/06/2019 08:01,16/06/2019 08:01
1238,Latvia,Riga,Ziepniekkalns,Bruknas 8,3,77,2,119. sērija,76990,999.87,1,56.90252,24.08551,8.0,Bruknas iela,07/06/2019 08:01,16/06/2019 08:01
1239,Latvia,Riga,Grīziņkalns,Zvaigžņu 18,1,34,5,Specprojekts,36000,1058.82,1,56.96026,24.14868,18.0,Zvaigžņu iela,07/06/2019 08:01,07/06/2019 08:01
1240,Latvia,Riga,Citi,Skultes 2,2,52,1,Specprojekts,58000,1115.38,1,56.98531,24.18198,2.0,Skultes iela,07/06/2019 08:01,16/06/2019 08:01
1241,Latvia,Riga,Jugla,Silciema 2,1,35,1,Čehu projekts,34000,971.43,1,56.98829,24.23699,2.0,Silciema iela,07/06/2019 08:01,16/06/2019 08:01
1242,Latvia,Riga,Purvciems,Dudajeva g. 7,2,49,2,Lietuviešu projekts,43500,887.76,1,56.95757,24.19577,7.0,Džohara Dudajeva gatve,07/06/2019 08:01,16/06/2019 08:01
1243,Latvia,Riga,Centrs,Vēžu 1,2,64,2,Jaunais projekts,87000,1359.38,1,56.97015,24.09987,1.0,Vēžu iela,07/06/2019 08:01,16/06/2019 08:01
1244,Latvia,Riga,Centrs,Antonijas 15,3,75,2,Pirmskara projekts,154000,2053.33,1,56.95951,24.11284,15.0,Antonijas iela,07/06/2019 08:01,13/06/2019 08:01
1245,Latvia,Riga,Ķengarags,Rušonu 5,2,51,5,Lietuviešu projekts,39500,774.51,1,56.91114,24.18034,5.0,Rušonu iela,07/06/2019 08:01,16/06/2019 08:01
1246,Latvia,Riga,Centrs,Krāsotāju 11,3,59,2,Jaunais projekts,104900,1777.97,1,56.95483,24.14409,11.0,Krāsotāju iela,07/06/2019 08:01,16/06/2019 08:01
1247,Latvia,Riga,Centrs,Ganu 4,5,145,4,Pirmskara projekts,265000,1827.59,1,56.96149,24.10921,4.0,Ganu iela,07/06/2019 08:01,16/06/2019 08:01
1248,Latvia,Riga,Ziepniekkalns,Bauskas 45,4,101,4,Jaunais projekts,137999,1366.33,1,56.9158,24.13769,145.0,Bauskas iela,07/06/2019 08:01,16/06/2019 08:01
1249,Latvia,Riga,Purvciems,Kastrānes 1,2,54,2,Renovēts,65000,1203.7,1,56.966,24.17666,1.0,Kastrānes iela,07/06/2019 08:01,16/06/2019 08:01
1250,Latvia,Riga,Centrs,Dzirnavu 92,3,133,4,Renovēts,395000,2969.92,1,56.9505,24.12407,92.0,Dzirnavu iela,07/06/2019 08:01,16/06/2019 08:01
1251,Latvia,Riga,Daugavgrīva,Birzes 42,2,54,4,103. sērija,35100,650.0,1,57.0364,24.02768,42.0,Birzes iela,07/06/2019 08:01,11/06/2019 08:00
1253,Latvia,Riga,Jugla,Murjāņu 14,4,153,2,Jaunais projekts,174000,1137.25,1,56.98437,24.23609,14.0,Murjāņu iela,07/06/2019 08:01,16/06/2019 08:01
1254,Latvia,Riga,Purvciems,Lielvārdes 101,1,46,11,104. sērija,46000,1000.0,1,56.9607,24.19957,101.0,Lielvārdes iela,07/06/2019 08:01,16/06/2019 08:01
1255,Latvia,Riga,Centrs,Bruņinieku 47,2,36,1,Pirmskara projekts,32000,888.89,1,56.95556,24.1332,47.0,Bruņinieku iela,07/06/2019 08:01,16/06/2019 08:01
1256,Latvia,Riga,Citi,Valguma 17,2,54,1,Pirmskara projekts,69000,1277.78,1,56.94233,24.0941,17.0,Valguma iela,07/06/2019 08:01,16/06/2019 08:01
1257,Latvia,Riga,Krasta rajons,Balvu 3,1,19,1,Pirmskara projekts,12500,657.89,1,56.93598,24.15423,3.0,Balvu iela,07/06/2019 08:01,16/06/2019 08:01
1258,Latvia,Riga,Vecrīga,Laipu 6,1,25,3,Pirmskara projekts,85000,3400.0,1,56.94899,24.10815,6.0,Laipu iela,07/06/2019 08:01,16/06/2019 08:01
1259,Latvia,Riga,Šampēteris-Pleskodāle,Ķemeru 2,3,71,1,Privātmāja,57000,802.82,1,56.94048,24.05081,2.0,Ķemeru iela,07/06/2019 08:01,16/06/2019 08:01
1260,Latvia,Riga,Iļģuciems,Dzirciema 74,2,41,5,Hruščova projekts,36500,890.24,1,56.96679,24.05835,74.0,Dzirciema iela,07/06/2019 08:01,16/06/2019 08:01
1261,Latvia,Riga,Mežaparks,Ezermalas 13,3,95,3,Specprojekts,150000,1578.95,1,56.99667,24.17068,13.0,Ezermalas iela,07/06/2019 08:01,16/06/2019 08:01
1262,Latvia,Riga,Centrs,Alauksta 9,4,139,2,Jaunais projekts,198000,1424.46,1,56.96091,24.14937,9.0,Alauksta iela,07/06/2019 08:01,11/06/2019 08:00
1263,Latvia,Riga,Centrs,Barona 39,2,37,2,Pirmskara projekts,76800,2075.68,1,56.95475,24.12805,39.0,Krišjāņa Barona iela,07/06/2019 08:01,16/06/2019 08:01
1264,Latvia,Riga,Centrs,Alauksta 9,4,170,6,Jaunais projekts,185000,1088.24,1,56.96091,24.14937,9.0,Alauksta iela,07/06/2019 08:01,11/06/2019 08:00
1265,Latvia,Riga,Centrs,Alauksta 9,4,140,5,Jaunais projekts,175375,1252.68,1,56.96091,24.14937,9.0,Alauksta iela,07/06/2019 08:01,11/06/2019 08:00
1266,Latvia,Riga,Ķengarags,Lokomotīves 72,2,50,6,467. sērija,48300,966.0,1,56.90367,24.21107,72.0,Lokomotīves iela,07/06/2019 08:01,16/06/2019 08:01
1267,Latvia,Riga,Daugavgrīva,Lēpju 13,2,54,4,103. sērija,47000,870.37,1,57.03897,24.022,13.0,Lēpju iela,07/06/2019 08:01,16/06/2019 08:01
1268,Latvia,Riga,Centrs,Valmieras 28,4,91,2,Renovēts,135000,1483.52,1,56.95201,24.15077,28.0,Valmieras iela,07/06/2019 08:01,16/06/2019 08:01
1269,Latvia,Riga,Centrs,Elizabetes 4,4,156,3,Renovēts,411255,2636.25,1,56.95808,24.10844,4.0,Elizabetes iela,07/06/2019 08:01,11/06/2019 08:00
1270,Latvia,Riga,Iļģuciems,Grīvas 3,2,39,5,Hruščova projekts,35600,912.82,1,56.96544,24.05135,3.0,Grīvas iela,07/06/2019 08:01,16/06/2019 08:01
1271,Latvia,Riga,Centrs,Brīvības 285,5,180,2,Jaunais projekts,255000,1416.67,1,56.98062,24.18965,285.0,Brīvības gatve,07/06/2019 08:01,16/06/2019 08:01
1272,Latvia,Riga,Citi,Ādažu 11,4,158,2,Jaunais projekts,199000,1259.49,1,57.02156,24.12964,1.0,Ādažu iela,07/06/2019 08:01,16/06/2019 08:01
1273,Latvia,Riga,Iļģuciems,Garā 30,2,49,5,Lietuviešu projekts,45000,918.37,1,56.96892,24.05222,30.0,Garā iela,07/06/2019 08:01,16/06/2019 08:01
1274,Latvia,Riga,Maskavas priekšpilsēta,Daugavpils 5,1,25,2,Pirmskara projekts,20500,820.0,1,56.93999,24.14091,5.0,Daugavpils iela,07/06/2019 08:01,16/06/2019 08:01
1275,Latvia,Riga,Mežciems,Eizenšteina 75,3,78,9,602. sērija,71900,921.79,1,56.96019,24.23267,75.0,Sergeja Eizenšteina iela,07/06/2019 08:01,16/06/2019 08:01
1277,Latvia,Riga,Centrs,Barona 39,2,37,2,Pirmskara projekts,76800,2075.68,1,56.95475,24.12805,39.0,Krišjāņa Barona iela,07/06/2019 08:01,16/06/2019 08:01
1278,Latvia,Riga,Pļavnieki,Salnas 21,2,70,7,Čehu projekts,111700,1595.71,1,56.94229,24.22901,21.0,Salnas iela,07/06/2019 08:01,07/06/2019 08:01
1279,Latvia,Riga,Ziepniekkalns,Ozolciema 18,2,61,6,119. sērija,49000,803.28,1,56.89883,24.08506,18.0,Ozolciema iela,07/06/2019 08:01,16/06/2019 08:01
1280,Latvia,Riga,Ziepniekkalns,Ozolciema 18,3,78,6,119. sērija,58000,743.59,1,56.89883,24.08506,18.0,Ozolciema iela,07/06/2019 08:01,16/06/2019 08:01
1281,Latvia,Riga,Teika,Vairoga 32,3,48,1,Renovēts,94900,1977.08,1,56.96893,24.17178,32.0,Vairoga iela,07/06/2019 08:01,16/06/2019 08:01
1282,Latvia,Riga,Teika,Vairoga 32,3,37,3,Renovēts,75500,2040.54,1,56.96893,24.17178,32.0,Vairoga iela,07/06/2019 08:01,16/06/2019 08:01
1283,Latvia,Riga,Citi,Buru 13,1,26,1,Pirmskara projekts,19000,730.77,1,56.93005,24.10549,13.0,Buru iela,07/06/2019 08:01,16/06/2019 08:01
1284,Latvia,Riga,Pļavnieki,Slāvu 13,3,61,8,467. sērija,71500,1172.13,1,56.92994,24.17469,13.0,Slāvu iela,07/06/2019 08:01,16/06/2019 08:01
1285,Latvia,Riga,Purvciems,Astras 8,3,89,9,Jaunais projekts,215000,2415.73,1,56.92988,24.05259,8.0,Astras iela,07/06/2019 08:01,16/06/2019 08:01
1286,Latvia,Riga,Centrs,Lienes 9,1,34,3,Pirmskara projekts,36000,1058.82,1,56.9538,24.14634,9.0,Lienes iela,07/06/2019 08:01,16/06/2019 08:01
1287,Latvia,Riga,Purvciems,Madonas 23,1,53,4,Specprojekts,56000,1056.6,1,56.96102,24.17198,23.0,Madonas iela,07/06/2019 08:01,16/06/2019 08:01
1288,Latvia,Riga,Ķengarags,Maskavas 317,1,30,2,Mazģimeņu projekts,30000,1000.0,1,56.90886,24.18465,317.0,Maskavas iela,07/06/2019 08:01,16/06/2019 08:01
1289,Latvia,Riga,Ziepniekkalns,Ozolciema 40,3,62,4,602. sērija,61900,998.39,1,56.90191,24.09805,40.0,Ozolciema iela,07/06/2019 08:01,16/06/2019 08:01
1290,Latvia,Riga,Pļavnieki,Ulbrokas 7,2,61,6,104. sērija,61000,1000.0,1,56.94359,24.21585,7.0,Ulbrokas iela,07/06/2019 08:01,16/06/2019 08:01
1291,Latvia,Riga,Pļavnieki,Grestes 12,3,62,2,602. sērija,59900,966.13,1,56.93533,24.20947,12.0,JAAa Grestes iela,07/06/2019 08:01,16/06/2019 08:01
1292,Latvia,Riga,Imanta,Anniņmuižas 54,3,63,1,602. sērija,59000,936.51,1,56.95817,24.00876,54.0,Anniņmuižas bulvāris,07/06/2019 08:01,16/06/2019 08:01
1293,Latvia,Riga,Ķengarags,Prūšu 20,2,43,5,Hruščova projekts,42000,976.74,1,56.91402,24.18544,20.0,Prūšu iela,07/06/2019 08:01,16/06/2019 08:01
1294,Latvia,Riga,Centrs,Ausekļa 4,3,79,5,Specprojekts,319000,4037.97,1,56.96003,24.10037,4.0,Ausekļa iela,07/06/2019 08:01,16/06/2019 08:01
1295,Latvia,Riga,Imanta,Anniņmuižas 84,3,60,8,467. sērija,65000,1083.33,1,56.95472,24.00806,84.0,Anniņmuižas bulvāris,07/06/2019 08:01,16/06/2019 08:01
1297,Latvia,Riga,Teika,Pēkšēna 11,2,39,1,Pirmskara projekts,60450,1550.0,1,56.97537,24.17961,11.0,Pēkšēna iela,07/06/2019 08:01,16/06/2019 08:01
1298,Latvia,Riga,Vecmīlgrāvis,Emmas 28,2,38,2,Renovēts,39900,1050.0,1,57.03219,24.11679,28.0,Emmas iela,07/06/2019 08:01,16/06/2019 08:01
1299,Latvia,Riga,Centrs,Valdemāra 69,2,39,4,Renovēts,68990,1768.97,1,56.96186,24.12278,69.0,Krišjāņa Valdemāra iela,07/06/2019 08:01,16/06/2019 08:01
1301,Latvia,Riga,Vecmīlgrāvis,Baltāsbaznīcas 34,4,88,3,103. sērija,87000,988.64,1,57.03636,24.09422,34.0,Baltāsbaznīcas iela,07/06/2019 08:01,16/06/2019 08:01
1303,Latvia,Riga,Vecmīlgrāvis,Stiebru 7,1,43,3,Mazģimeņu projekts,28000,651.16,1,57.03482,24.09529,7.0,Stiebru iela,07/06/2019 08:01,16/06/2019 08:01
1304,Latvia,Riga,Vecmīlgrāvis,Kāvu 2,2,50,4,Lietuviešu projekts,37000,740.0,1,57.03287,24.09971,2.0,Kāvu iela,07/06/2019 08:01,16/06/2019 08:01
1306,Latvia,Riga,Purvciems,Purvciema 13,3,73,5,104. sērija,69000,945.21,1,56.95354,24.16747,13.0,Purvciema iela,07/06/2019 08:01,16/06/2019 08:01
1307,Latvia,Riga,Centrs,Brīvības 161,2,40,4,Renovēts,96000,2400.0,1,56.96674,24.14585,161.0,Brīvības iela,07/06/2019 08:01,16/06/2019 08:01
1308,Latvia,Riga,Zolitūde,Anniņmuižas 4,3,75,8,104. sērija,92000,1226.67,1,56.94675,24.00962,4.0,Anniņmuižas iela,07/06/2019 08:01,16/06/2019 08:01
1309,Latvia,Riga,Imanta,Kurzemes pr. 126,2,50,8,602. sērija,57000,1140.0,1,56.96423,24.00206,126.0,Kurzemes prospekts,07/06/2019 08:01,16/06/2019 08:01
1311,Latvia,Riga,Āgenskalns,Kalnciema 97,2,45,1,Specprojekts,37990,844.22,1,56.93798,24.04411,97.0,Kalnciema iela,07/06/2019 08:01,16/06/2019 08:01
1312,Latvia,Riga,Pļavnieki,Grestes 4,3,63,5,602. sērija,65800,1044.44,1,56.93639,24.20657,4.0,JAAa Grestes iela,07/06/2019 08:01,16/06/2019 08:01
1313,Latvia,Riga,Zolitūde,Lejiņa 14,4,83,1,119. sērija,85000,1024.1,1,56.94726,24.02072,14.0,Paula Lejiņa iela,07/06/2019 08:01,13/06/2019 08:01
1314,Latvia,Riga,Purvciems,Viršu 3,3,79,1,119. sērija,80000,1012.66,1,56.952,24.1766,3.0,Viršu iela,07/06/2019 08:01,16/06/2019 08:01
1315,Latvia,Riga,Mežciems,Biķernieku 126,4,118,1,Jaunais projekts,133900,1134.75,1,56.97033,24.1821,18.0,Biķernieku iela,07/06/2019 08:01,16/06/2019 08:01
1316,Latvia,Riga,Jugla,Juglas krastm. 79,2,38,1,Specprojekts,32000,842.11,1,56.97166,24.3189,79.0,Juglasciema bulvāris,07/06/2019 08:01,16/06/2019 08:01
1317,Latvia,Riga,Šampēteris-Pleskodāle,Volguntes 13,2,41,2,Pirmskara projekts,25000,609.76,1,56.93947,24.04597,13.0,Volguntes iela,07/06/2019 08:01,16/06/2019 08:01
1318,Latvia,Riga,Iļģuciems,Garā 33,3,67,3,Lietuviešu projekts,58500,873.13,1,56.96954,24.05209,33.0,Garā iela,07/06/2019 08:01,10/06/2019 08:01
1319,Latvia,Riga,Centrs,Eksporta 17,1,30,1,Hruščova projekts,41500,1383.33,1,56.97177,24.10002,17.0,Eksporta iela,07/06/2019 08:01,15/06/2019 08:01
1321,Latvia,Riga,Centrs,Maskavas 57,2,58,2,Pirmskara projekts,69800,1203.45,1,56.93967,24.1324,57.0,Maskavas iela,07/06/2019 08:01,16/06/2019 08:01
1322,Latvia,Riga,Centrs,Barona 64,4,123,4,Pirmskara projekts,280000,2276.42,1,56.95532,24.12989,64.0,Krišjāņa Barona iela,07/06/2019 08:01,16/06/2019 08:01
1323,Latvia,Riga,Centrs,Tomsona 4,3,72,2,Pirmskara projekts,129000,1791.67,1,56.96362,24.12433,4.0,Tomsona iela,07/06/2019 08:01,16/06/2019 08:01
1324,Latvia,Riga,Centrs,Valdemāra 57,4,94,3,Pirmskara projekts,235000,2500.0,1,56.96004,24.11979,57.0,Krišjāņa Valdemāra iela,07/06/2019 08:01,16/06/2019 08:01
1325,Latvia,Riga,Purvciems,Viršu 3,2,56,6,119. sērija,67000,1196.43,1,56.952,24.1766,3.0,Viršu iela,07/06/2019 08:01,16/06/2019 08:01
1326,Latvia,Riga,Jugla,Murjāņu 46,1,31,5,Hruščova projekts,40000,1290.32,1,56.97737,24.24914,46.0,Murjāņu iela,07/06/2019 08:01,16/06/2019 08:01
1327,Latvia,Riga,Ķengarags,Maskavas 423,2,38,5,Lietuviešu projekts,33500,881.58,1,56.9002,24.20836,423.0,Maskavas iela,07/06/2019 08:01,16/06/2019 08:01
1328,Latvia,Riga,Purvciems,Nīcgales 31,3,80,3,119. sērija,77000,962.5,1,56.95282,24.17569,31.0,Nīcgales iela,07/06/2019 08:01,16/06/2019 08:01
1329,Latvia,Riga,Āgenskalns,Melnsila 18,2,43,1,Hruščova projekts,47200,1097.67,1,56.94548,24.06642,18.0,Melnsila iela,07/06/2019 08:01,16/06/2019 08:01
1330,Latvia,Riga,Citi,Embūtes 4,4,81,1,Privātmāja,65000,802.47,1,56.96218,24.06622,4.0,Embūtes iela,07/06/2019 08:01,16/06/2019 08:01
1332,Latvia,Riga,Iļģuciems,Spilves 37,2,49,5,Lietuviešu projekts,36500,744.9,1,56.97038,24.05085,37.0,Spilves iela,07/06/2019 08:01,16/06/2019 08:01
1334,Latvia,Riga,Centrs,Pērses 13,4,97,4,Pirmskara projekts,175000,1804.12,1,56.95247,24.12477,1.0,Pērses iela,07/06/2019 08:01,16/06/2019 08:01
1335,Latvia,Riga,Imanta,Imantas 3,3,62,1,Lietuviešu projekts,45000,725.81,1,56.95384,24.02691,3.0,Imantas iela,07/06/2019 08:01,16/06/2019 08:01
1336,Latvia,Riga,Bolderāja,Gobas 20,1,41,7,Specprojekts,28000,682.93,1,57.02875,24.05289,20.0,Gobas iela,07/06/2019 08:01,16/06/2019 08:01
1337,Latvia,Riga,Krasta rajons,Slāvu 13,3,61,4,467. sērija,57000,934.43,1,56.92994,24.17469,13.0,Slāvu iela,07/06/2019 08:01,16/06/2019 08:01
1338,Latvia,Riga,Iļģuciems,Palangas 7,2,48,3,Lietuviešu projekts,41000,854.17,1,56.97055,24.05399,7.0,Palangas iela,07/06/2019 08:01,16/06/2019 08:01
1339,Latvia,Riga,Pļavnieki,Keldiša 6,3,63,4,602. sērija,64500,1023.81,1,56.93919,24.19873,6.0,Akadēmiķa Mstislava Keldiša iela,07/06/2019 08:01,16/06/2019 08:01
1340,Latvia,Riga,Grīziņkalns,Laboratorijas 1,3,60,1,Pirmskara projekts,39000,650.0,1,56.96039,24.14587,1.0,Laboratorijas iela,07/06/2019 08:01,16/06/2019 08:01
1342,Latvia,Riga,Grīziņkalns,Asara 12,2,37,4,Renovēts,74000,2000.0,1,56.95524,24.14978,12.0,Jāņa Asara iela,07/06/2019 08:01,16/06/2019 08:01
1343,Latvia,Riga,Maskavas priekšpilsēta,Ludzas 56,1,34,4,Renovēts,40000,1176.47,1,56.94037,24.14867,56.0,Ludzas iela,07/06/2019 08:01,16/06/2019 08:01
1344,Latvia,Riga,Purvciems,Nīcgales 16,3,60,4,Lietuviešu projekts,54000,900.0,1,56.95683,24.1736,16.0,Nīcgales iela,07/06/2019 08:01,16/06/2019 08:01
1345,Latvia,Riga,Purvciems,Madonas 19,4,90,1,119. sērija,97000,1077.78,1,56.96076,24.16993,19.0,Madonas iela,07/06/2019 08:01,13/06/2019 08:01
1346,Latvia,Riga,Centrs,Rūpniecības 22,3,92,2,Specprojekts,180000,1956.52,1,56.96144,24.10363,22.0,Rūpniecības iela,07/06/2019 08:01,16/06/2019 08:01
1347,Latvia,Riga,Vecmīlgrāvis,Meldru 2,2,47,5,Hruščova projekts,27000,574.47,1,57.02775,24.10437,2.0,Meldru iela,07/06/2019 08:01,14/06/2019 08:01
1348,Latvia,Riga,Centrs,M. Matīsa 91,2,38,1,Pirmskara projekts,27000,710.53,1,56.95187,24.14553,91.0,Matīsa iela,07/06/2019 08:01,16/06/2019 08:01
1350,Latvia,Riga,Mežciems,Biķernieku 126,2,60,2,Jaunais projekts,92000,1533.33,1,56.97033,24.1821,18.0,Biķernieku iela,07/06/2019 08:01,16/06/2019 08:01
1351,Latvia,Riga,Sarkandaugava,Tvaika 16,3,58,1,Specprojekts,51500,887.93,1,56.99981,24.11842,16.0,Tvaika iela,07/06/2019 08:01,16/06/2019 08:01
1352,Latvia,Riga,Ķengarags,Ikšķiles 3,2,49,5,Hruščova projekts,39900,814.29,1,56.90168,24.20565,3.0,Ikšķiles iela,07/06/2019 08:01,16/06/2019 08:01
1353,Latvia,Riga,Purvciems,Stirnu 22,2,71,3,Specprojekts,52800,743.66,1,56.95596,24.18336,22.0,Stirnu iela,07/06/2019 08:01,16/06/2019 08:01
1355,Latvia,Riga,Centrs,Ausekļa 3,2,50,4,Pirmskara projekts,89700,1794.0,1,56.96001,24.09978,3.0,Ausekļa iela,07/06/2019 08:01,16/06/2019 08:01
1356,Latvia,Riga,Teika,Apes 12,2,53,5,103. sērija,55440,1046.04,1,56.97799,24.17485,12.0,Apes iela,07/06/2019 08:01,16/06/2019 08:01
1357,Latvia,Riga,Centrs,Pētersalas 4,3,65,2,Pirmskara projekts,137000,2107.69,1,56.96789,24.10469,4.0,Pētersalas iela,07/06/2019 08:01,10/06/2019 08:01
1359,Latvia,Riga,Ziepniekkalns,Vienības g. 87,3,124,2,Renovēts,190500,1536.29,1,56.91469,24.08514,87.0,Vienības gatve,07/06/2019 08:01,16/06/2019 08:01
1360,Latvia,Riga,Bolderāja,Gobas 22,1,33,4,103. sērija,22000,666.67,1,57.02939,24.05503,22.0,Gobas iela,07/06/2019 08:01,16/06/2019 08:01
1362,Latvia,Riga,Imanta,Zentenes 20,1,36,9,602. sērija,36000,1000.0,1,56.96136,24.00237,20.0,Zentenes iela,07/06/2019 08:01,16/06/2019 08:01
1363,Latvia,Riga,Citi,Robežu 15,1,24,2,Pirmskara projekts,24200,1008.33,1,56.92316,24.0754,15.0,Robežu iela,07/06/2019 08:01,16/06/2019 08:01
1364,Latvia,Riga,Centrs,J. Daliņa 8,4,130,11,Jaunais projekts,255000,1961.54,1,56.97171,24.12468,8.0,Jāņa Daliņa iela,07/06/2019 08:01,16/06/2019 08:01
1365,Latvia,Riga,Purvciems,Ieriķu 60,1,53,1,Specprojekts,37000,698.11,1,56.96527,24.18597,60.0,Ieriķu iela,07/06/2019 08:01,16/06/2019 08:01
1366,Latvia,Riga,Vecmīlgrāvis,Meldru 10,2,32,1,Hruščova projekts,26900,840.63,1,57.02967,24.1004,10.0,Meldru iela,07/06/2019 08:01,16/06/2019 08:01
1367,Latvia,Riga,Centrs,Tomsona 34,1,30,2,Hruščova projekts,43500,1450.0,1,56.96769,24.1297,34.0,Tomsona iela,07/06/2019 08:01,16/06/2019 08:01
1368,Latvia,Riga,Centrs,Blaumaņa 27,3,100,5,Pirmskara projekts,125000,1250.0,1,56.95197,24.12621,27.0,Blaumaņa iela,07/06/2019 08:01,16/06/2019 08:01
1369,Latvia,Riga,Purvciems,Viršu 1,4,92,8,119. sērija,78000,847.83,1,56.95203,24.17947,1.0,Viršu iela,07/06/2019 08:01,16/06/2019 08:01
1370,Latvia,Riga,Purvciems,Dzelzavas 59,4,75,9,467. sērija,69800,930.67,1,56.95679,24.19267,59.0,Dzelzavas iela,07/06/2019 08:01,16/06/2019 08:01
1373,Latvia,Riga,Vecmīlgrāvis,Emmas 28,2,38,1,Jaunais projekts,38900,1023.68,1,57.03219,24.11679,28.0,Emmas iela,07/06/2019 08:01,16/06/2019 08:01
1374,Latvia,Riga,Imanta,Anniņmuižas 52,3,65,6,602. sērija,65500,1007.69,1,56.95909,24.00959,52.0,Anniņmuižas bulvāris,07/06/2019 08:01,16/06/2019 08:01
1375,Latvia,Riga,Centrs,Katrīnas d. 17,4,107,2,Jaunais projekts,139900,1307.48,1,56.97063,24.10159,17.0,Katrīnas dambis,07/06/2019 08:01,16/06/2019 08:01
1376,Latvia,Riga,Citi,Jelgavas 48,1,24,2,Pirmskara projekts,22800,950.0,1,56.92946,24.09738,48.0,Jelgavas iela,07/06/2019 08:01,10/06/2019 08:01
1377,Latvia,Riga,Maskavas priekšpilsēta,Maskavas 16,4,115,3,Jaunais projekts,197000,1713.04,1,56.9416,24.11916,16.0,Maskavas iela,07/06/2019 08:01,16/06/2019 08:01
1379,Latvia,Riga,Centrs,Rūpniecības 9,3,90,2,Pirmskara projekts,195000,2166.67,1,56.96058,24.10286,9.0,Rūpniecības iela,07/06/2019 08:01,16/06/2019 08:01
1380,Latvia,Riga,Centrs,Šķūņu 13,4,134,6,Renovēts,280000,2089.55,1,56.94923,24.10714,13.0,Šķūņu iela,07/06/2019 08:01,16/06/2019 08:01
1382,Latvia,Riga,Purvciems,Burtnieku 35,1,20,4,Hruščova projekts,19500,975.0,1,56.96729,24.18113,35.0,Burtnieku iela,07/06/2019 08:01,16/06/2019 08:01
1383,Latvia,Riga,Teika,Bērzpils 3,2,42,4,Hruščova projekts,73000,1738.1,1,56.97902,24.17156,3.0,Bērzpils iela,07/06/2019 08:01,16/06/2019 08:01
1384,Latvia,Riga,Centrs,Tallinas 86,1,30,2,Renovēts,59800,1993.33,1,56.95654,24.14794,86.0,Tallinas iela,07/06/2019 08:01,16/06/2019 08:01
1386,Latvia,Riga,Centrs,Elizabetes 9,2,56,5,Pirmskara projekts,159000,2839.29,1,56.95927,24.10101,9.0,Elizabetes iela,07/06/2019 08:01,16/06/2019 08:01
1388,Latvia,Riga,Vecrīga,Aldaru 11,3,109,3,Pirmskara projekts,170000,1559.63,1,56.95115,24.1062,11.0,Aldaru iela,07/06/2019 08:01,16/06/2019 08:01
1389,Latvia,Riga,Šampēteris-Pleskodāle,Volguntes 11,2,43,1,Specprojekts,45000,1046.51,1,56.93964,24.04692,11.0,Volguntes iela,07/06/2019 08:01,16/06/2019 08:01
1390,Latvia,Riga,Centrs,Zaubes 9,3,96,2,Specprojekts,198000,2062.5,1,56.96336,24.12165,9.0,Zaubes iela,07/06/2019 08:01,16/06/2019 08:01
1391,Latvia,Riga,Ķengarags,Maskavas 271,2,46,1,Lietuviešu projekts,44750,972.83,1,56.92135,24.1747,271.0,Maskavas iela,07/06/2019 08:01,16/06/2019 08:01
1392,Latvia,Riga,Centrs,Klijānu 16,2,50,7,Jaunais projekts,80000,1600.0,1,56.97133,24.14974,21.0,Klijānu iela,07/06/2019 08:01,16/06/2019 08:01
1393,Latvia,Riga,Purvciems,Ieriķu 29,2,46,1,Lietuviešu projekts,43000,934.78,1,56.96691,24.17776,29.0,Ieriķu iela,07/06/2019 08:01,16/06/2019 08:01
1394,Latvia,Riga,Pļavnieki,Ulbrokas 11,3,63,1,602. sērija,48500,769.84,1,56.94455,24.21654,11.0,Ulbrokas iela,07/06/2019 08:01,16/06/2019 08:01
1395,Latvia,Riga,Centrs,Pulkv. Brieža 35,3,68,4,Jaunais projekts,179350,2637.5,1,56.96606,24.10569,35.0,Pulkveža Brieža iela,07/06/2019 08:01,16/06/2019 08:01
1396,Latvia,Riga,Āgenskalns,Melnsila 17,5,83,1,Pirmskara projekts,70000,843.37,1,56.94389,24.06603,17.0,Melnsila iela,07/06/2019 08:01,16/06/2019 08:01
1398,Latvia,Riga,Āgenskalns,Dreiliņu 7,3,81,2,Renovēts,153000,1888.89,1,56.93948,24.06151,7.0,Dreiliņu iela,07/06/2019 08:01,10/06/2019 08:01
1399,Latvia,Riga,Ķengarags,Maskavas 411,2,47,2,Lietuviešu projekts,47000,1000.0,1,56.89967,24.20555,411.0,Maskavas iela,07/06/2019 08:01,16/06/2019 08:01
1400,Latvia,Riga,Purvciems,Braslas 53,3,87,6,Jaunais projekts,95000,1091.95,1,56.95759,24.1667,53.0,Braslas iela,07/06/2019 08:01,16/06/2019 08:01
1401,Latvia,Riga,Ziepniekkalns,Tīraines 1,2,46,5,Specprojekts,39000,847.83,1,56.88158,24.07283,1.0,Tīraines iela,07/06/2019 08:01,16/06/2019 08:01
1404,Latvia,Riga,Iļģuciems,Grīvas 25,2,50,1,Hruščova projekts,39500,790.0,1,56.96391,24.0475,25.0,Grīvas iela,07/06/2019 08:01,16/06/2019 08:01
1405,Latvia,Riga,Centrs,Valdemāra 89,3,104,5,Pirmskara projekts,135000,1298.08,1,56.96381,24.12592,89.0,Krišjāņa Valdemāra iela,07/06/2019 08:01,16/06/2019 08:01
1407,Latvia,Riga,Ziepniekkalns,Ozolciema 16,4,90,5,119. sērija,101000,1122.22,1,56.90083,24.08836,16.0,Ozolciema iela,07/06/2019 08:01,10/06/2019 08:01
1408,Latvia,Riga,Centrs,Tērbatas 86,5,160,4,Pirmskara projekts,210000,1312.5,1,56.96119,24.13802,86.0,Tērbatas iela,07/06/2019 08:01,16/06/2019 08:01
1410,Latvia,Riga,Ziepniekkalns,Īslīces 14,1,29,4,Specprojekts,25000,862.07,1,56.89999,24.0825,14.0,Īslīces iela,07/06/2019 08:01,10/06/2019 08:01
1411,Latvia,Riga,Centrs,Barona 60,2,36,2,Pirmskara projekts,60000,1666.67,1,56.95509,24.12942,60.0,Krišjāņa Barona iela,07/06/2019 08:01,16/06/2019 08:01
1412,Latvia,Riga,Centrs,Valdemāra 53,5,128,2,Pirmskara projekts,163000,1273.44,1,56.95956,24.11897,53.0,Krišjāņa Valdemāra iela,07/06/2019 08:01,16/06/2019 08:01
1413,Latvia,Riga,Purvciems,Braslas 53,3,69,4,Specprojekts,118909,1723.32,1,56.95759,24.1667,53.0,Braslas iela,07/06/2019 08:01,16/06/2019 08:01
1414,Latvia,Riga,Jugla,Malienas 68,2,43,3,Hruščova projekts,36000,837.21,1,56.97522,24.24895,64.0,Malienas iela,07/06/2019 08:01,16/06/2019 08:01
1416,Latvia,Riga,Grīziņkalns,Alauksta 1,2,29,4,Pirmskara projekts,56550,1950.0,1,56.9608,24.14936,1.0,Alauksta iela,07/06/2019 08:01,16/06/2019 08:01
1417,Latvia,Riga,Centrs,Stabu 29,3,72,4,Pirmskara projekts,159000,2208.33,1,56.9564,24.12866,29.0,Stabu iela,07/06/2019 08:01,16/06/2019 08:01
1419,Latvia,Riga,Centrs,Avotu 64,2,50,2,Pirmskara projekts,65000,1300.0,1,56.95255,24.14216,64.0,Avotu iela,07/06/2019 08:01,16/06/2019 08:01
1420,Latvia,Riga,Purvciems,Stirnu 55,1,30,5,Lietuviešu projekts,29500,983.33,1,56.96422,24.19398,55.0,Stirnu iela,07/06/2019 08:01,16/06/2019 08:01
1421,Latvia,Riga,Centrs,Blaumaņa 12,2,38,2,Renovēts,90480,2381.05,1,56.95464,24.12233,12.0,Blaumaņa iela,07/06/2019 08:01,16/06/2019 08:01
1422,Latvia,Riga,Citi,Rusova 7,2,36,2,Jaunais projekts,66500,1847.22,1,56.98877,24.16918,7.0,Rusova iela,07/06/2019 08:01,16/06/2019 08:01
1423,Latvia,Riga,Maskavas priekšpilsēta,Rēznas 7,2,39,4,Hruščova projekts,50000,1282.05,1,56.93663,24.16231,7.0,Rēznas iela,07/06/2019 08:01,16/06/2019 08:01
1424,Latvia,Riga,Centrs,Brīvības 134,4,92,2,Pirmskara projekts,98000,1065.22,1,56.96343,24.13857,134.0,Brīvības iela,07/06/2019 08:01,16/06/2019 08:01
1425,Latvia,Riga,Purvciems,Braslas 53,3,67,6,Specprojekts,69000,1029.85,1,56.95759,24.1667,53.0,Braslas iela,07/06/2019 08:01,16/06/2019 08:01
1426,Latvia,Riga,Centrs,Birznieka-Upīša 24,3,60,4,Pirmskara projekts,95000,1583.33,1,56.94956,24.13104,24.0,Ernesta Birznieka-Upīša iela,07/06/2019 08:01,16/06/2019 08:01
1427,Latvia,Riga,Centrs,Valdemāra 57,3,49,5,Renovēts,103000,2102.04,1,56.96004,24.11979,57.0,Krišjāņa Valdemāra iela,07/06/2019 08:01,16/06/2019 08:01
1429,Latvia,Riga,Centrs,Lāčplēša 127,2,40,2,Jaunais projekts,80000,2000.0,1,56.94344,24.13209,127.0,Lāčplēša iela,07/06/2019 08:01,16/06/2019 08:01
1430,Latvia,Riga,Citi,Bauskas 45,4,101,4,Jaunais projekts,138000,1366.34,1,56.9158,24.13769,145.0,Bauskas iela,07/06/2019 08:01,16/06/2019 08:01
1431,Latvia,Riga,Centrs,Merķeļa 17,3,66,4,Renovēts,167000,2530.3,1,56.95141,24.11619,17.0,Merķeļa iela,07/06/2019 08:01,16/06/2019 08:01
1432,Latvia,Riga,Maskavas priekšpilsēta,Katoļu 9,3,50,3,Renovēts,77800,1556.0,1,56.94148,24.13706,9.0,Katoļu iela,07/06/2019 08:01,16/06/2019 08:01
1433,Latvia,Riga,Centrs,Merķeļa 17,2,61,5,Renovēts,152750,2504.1,1,56.95141,24.11619,17.0,Merķeļa iela,07/06/2019 08:01,16/06/2019 08:01
1434,Latvia,Riga,Purvciems,Vaidavas 5,3,60,4,Lietuviešu projekts,55000,916.67,1,56.90116,24.05022,5.0,Vaidavas iela,07/06/2019 08:01,16/06/2019 08:01
1435,Latvia,Riga,Ziepniekkalns,Bauskas 45,4,101,4,Jaunais projekts,138000,1366.34,1,56.9158,24.13769,145.0,Bauskas iela,07/06/2019 08:01,16/06/2019 08:01
1436,Latvia,Riga,Āgenskalns,Nometņu 3,4,132,4,Jaunais projekts,259000,1962.12,1,56.94389,24.07891,3.0,Nometņu iela,07/06/2019 08:01,16/06/2019 08:01
1437,Latvia,Riga,Ziepniekkalns,Bauskas 45,4,102,4,Jaunais projekts,137999,1352.93,1,56.9158,24.13769,145.0,Bauskas iela,07/06/2019 08:01,16/06/2019 08:01
1438,Latvia,Riga,Centrs,Dzirnavu 6,2,56,1,Jaunais projekts,156000,2785.71,1,56.96119,24.10753,6.0,Dzirnavu iela,07/06/2019 08:01,16/06/2019 08:01
1439,Latvia,Riga,Bolderāja,Gobas 26,2,46,4,103. sērija,25900,563.04,1,57.02792,24.05675,26.0,Gobas iela,07/06/2019 08:01,16/06/2019 08:01
1441,Latvia,Riga,Zolitūde,Lejiņa 10,3,75,7,119. sērija,72000,960.0,1,56.94726,24.01813,10.0,Paula Lejiņa iela,07/06/2019 08:01,16/06/2019 08:01
1442,Latvia,Riga,Purvciems,Purvciema 57,1,44,2,Mazģimeņu projekts,42000,954.55,1,56.95495,24.18138,57.0,Purvciema iela,07/06/2019 08:01,16/06/2019 08:01
1443,Latvia,Riga,Centrs,Elku 4,3,108,6,Renovēts,180000,1666.67,1,56.96742,24.14439,4.0,Elku iela,07/06/2019 08:01,16/06/2019 08:01
1444,Latvia,Riga,Ziepniekkalns,Bauskas 45,2,68,4,Jaunais projekts,92000,1352.94,1,56.9158,24.13769,145.0,Bauskas iela,07/06/2019 08:01,16/06/2019 08:01
1445,Latvia,Riga,Grīziņkalns,Pērnavas 39,1,28,5,Pirmskara projekts,17300,617.86,1,56.95539,24.15341,39.0,Pērnavas iela,07/06/2019 08:01,16/06/2019 08:01
1448,Latvia,Riga,Citi,Mores 5,2,42,1,Lietuviešu projekts,27000,642.86,1,57.01893,24.13569,5.0,Mores iela,07/06/2019 08:01,07/06/2019 08:01
1449,Latvia,Riga,Centrs,Valdemāra 57,3,49,6,Pirmskara projekts,103000,2102.04,1,56.96004,24.11979,57.0,Krišjāņa Valdemāra iela,07/06/2019 08:01,16/06/2019 08:01
1450,Latvia,Riga,Sarkandaugava,Allažu 1,3,54,5,Hruščova projekts,43500,805.56,1,56.99782,24.12008,1.0,Allažu iela,07/06/2019 08:01,16/06/2019 08:01
1451,Latvia,Riga,Krasta rajons,Ogres 14,4,79,3,467. sērija,72000,911.39,1,56.92449,24.16504,14.0,Ogres iela,07/06/2019 08:01,16/06/2019 08:01
1452,Latvia,Riga,Jugla,Ciemupes 2,2,56,1,Jaunais projekts,65000,1160.71,1,56.98745,24.24725,2.0,Ciemupes iela,07/06/2019 08:01,10/06/2019 08:01
1453,Latvia,Riga,Pļavnieki,Grestes 5,4,76,1,602. sērija,66000,868.42,1,56.93579,24.20907,5.0,JAAa Grestes iela,07/06/2019 08:01,16/06/2019 08:01
1455,Latvia,Riga,Ķengarags,Maskavas 259,2,47,11,Čehu projekts,47500,1010.64,1,56.92132,24.17161,259.0,Maskavas iela,07/06/2019 08:01,16/06/2019 08:01
1456,Latvia,Riga,Centrs,Lenču 2,3,76,3,Pirmskara projekts,114000,1500.0,1,56.96157,24.11015,2.0,Lenču iela,07/06/2019 08:01,16/06/2019 08:01
1457,Latvia,Riga,Purvciems,Ieriķu 60,1,38,9,Specprojekts,46000,1210.53,1,56.96527,24.18597,60.0,Ieriķu iela,07/06/2019 08:01,16/06/2019 08:01
1458,Latvia,Riga,Centrs,Raiņa bulv. 17,2,53,2,Pirmskara projekts,100000,1886.79,1,56.95105,24.11524,17.0,Raiņa bulvāris,07/06/2019 08:01,16/06/2019 08:01
1459,Latvia,Riga,Pļavnieki,Jasmuižas 18,2,57,2,Jaunais projekts,79500,1394.74,1,56.93546,24.2137,18.0,Jasmuižas iela,07/06/2019 08:01,16/06/2019 08:01
1460,Latvia,Riga,Purvciems,Dzelzavas 39,1,36,8,602. sērija,37500,1041.67,1,56.9592,24.18287,39.0,Dzelzavas iela,07/06/2019 08:01,16/06/2019 08:01
1461,Latvia,Riga,Āgenskalns,Kuldīgas 10,2,22,1,Pirmskara projekts,11700,531.82,1,56.95178,24.06731,10.0,Kuldīgas iela,07/06/2019 08:01,16/06/2019 08:01
1462,Latvia,Riga,Ziepniekkalns,Mālu 7,4,97,6,Specprojekts,125000,1288.66,1,56.91255,24.10271,7.0,Mālu iela,07/06/2019 08:01,16/06/2019 08:01
1463,Latvia,Riga,Purvciems,Brantkalna 10,3,76,4,119. sērija,97000,1276.32,1,56.94966,24.1921,10.0,Detlava Brantkalna iela,07/06/2019 08:01,16/06/2019 08:01
1464,Latvia,Riga,Purvciems,Braslas 27,3,92,4,Jaunais projekts,109000,1184.78,1,56.96245,24.16697,27.0,Braslas iela,07/06/2019 08:01,16/06/2019 08:01
1465,Latvia,Riga,Ķengarags,Aviācijas 1,3,67,5,Lietuviešu projekts,48500,723.88,1,56.90662,24.19378,1.0,Aviācijas iela,07/06/2019 08:01,16/06/2019 08:01
1466,Latvia,Riga,Imanta,Dammes 31,3,61,5,602. sērija,66800,1095.08,1,56.96498,24.0077,31.0,Dammes iela,07/06/2019 08:01,16/06/2019 08:01
1467,Latvia,Riga,Centrs,Lāčplēša 116,3,67,4,Renovēts,97000,1447.76,1,56.94097,24.13001,116.0,Lāčplēša iela,07/06/2019 08:01,16/06/2019 08:01
1468,Latvia,Riga,Centrs,Pulkv. Brieža 11,3,103,4,Renovēts,240000,2330.1,1,56.96052,24.10468,11.0,Pulkveža Brieža iela,07/06/2019 08:01,16/06/2019 08:01
1469,Latvia,Riga,Ķengarags,Maskavas 379,1,31,3,Lietuviešu projekts,30000,967.74,1,56.90231,24.19995,379.0,Maskavas iela,07/06/2019 08:01,16/06/2019 08:01
1470,Latvia,Riga,Ķengarags,Maskavas 271,3,60,3,Lietuviešu projekts,52000,866.67,1,56.92135,24.1747,271.0,Maskavas iela,07/06/2019 08:01,16/06/2019 08:01
1471,Latvia,Riga,Citi,Gravas 17,2,59,3,Jaunais projekts,73000,1237.29,1,56.90475,24.22899,17.0,Gravas iela,07/06/2019 08:01,16/06/2019 08:01
1472,Latvia,Riga,Ķengarags,Maskavas 425,4,77,8,467. sērija,65000,844.16,1,56.89867,24.20816,425.0,Maskavas iela,07/06/2019 08:01,16/06/2019 08:01
1473,Latvia,Riga,Centrs,Dzirnavu 1,4,121,5,Pirmskara projekts,242000,2000.0,1,56.9622,24.10625,1.0,Dzirnavu iela,07/06/2019 08:01,16/06/2019 08:01
1474,Latvia,Riga,Imanta,Vīksnes 21,2,64,6,Jaunais projekts,105000,1640.63,1,56.9579,24.001,21.0,Vīksnes iela,07/06/2019 08:01,16/06/2019 08:01
1475,Latvia,Riga,Ķengarags,Višķu 5,4,60,5,Lietuviešu projekts,54000,900.0,1,56.8984,24.21245,5.0,Višķu iela,07/06/2019 08:01,16/06/2019 08:01
1476,Latvia,Riga,Vecmīlgrāvis,Emmas 28,2,30,4,Jaunais projekts,34800,1160.0,1,57.03219,24.11679,28.0,Emmas iela,07/06/2019 08:01,16/06/2019 08:01
1477,Latvia,Riga,Vecmīlgrāvis,Emmas 28,1,26,2,Jaunais projekts,29500,1134.62,1,57.03219,24.11679,28.0,Emmas iela,07/06/2019 08:01,16/06/2019 08:01
1478,Latvia,Riga,Vecmīlgrāvis,Emmas 28,2,33,4,Jaunais projekts,39500,1196.97,1,57.03219,24.11679,28.0,Emmas iela,07/06/2019 08:01,16/06/2019 08:01
1479,Latvia,Riga,Vecmīlgrāvis,Emmas 28,2,36,2,Jaunais projekts,42500,1180.56,1,57.03219,24.11679,28.0,Emmas iela,07/06/2019 08:01,16/06/2019 08:01
1480,Latvia,Riga,Vecmīlgrāvis,Emmas 28,2,31,2,Jaunais projekts,35500,1145.16,1,57.03219,24.11679,28.0,Emmas iela,07/06/2019 08:01,16/06/2019 08:01
1481,Latvia,Riga,Jugla,M. Juglas 9,2,50,1,Pirmskara projekts,34500,690.0,1,56.97108,24.26976,9.0,Mazā Juglas iela,07/06/2019 08:01,16/06/2019 08:01
1482,Latvia,Riga,Imanta,Rigondas g. 7,1,37,11,Čehu projekts,42000,1135.14,1,56.96509,24.01918,7.0,Rigondas gatve,07/06/2019 08:01,16/06/2019 08:01
1484,Latvia,Riga,Ķengarags,Aglonas 28,3,60,3,Lietuviešu projekts,65500,1091.67,1,56.90919,24.18987,28.0,Aglonas iela,07/06/2019 08:01,16/06/2019 08:01
1485,Latvia,Riga,Iļģuciems,Lidoņu 3,2,49,2,Lietuviešu projekts,50000,1020.41,1,56.97146,24.07066,3.0,Lidoņu iela,07/06/2019 08:01,16/06/2019 08:01
1486,Latvia,Riga,Bolderāja,Silikātu 3,2,53,1,Staļina projekts,25000,471.7,1,57.02723,24.0401,3.0,Silikātu iela,07/06/2019 08:01,16/06/2019 08:01
1487,Latvia,Riga,Purvciems,Brantkalna 13,2,58,3,119. sērija,62000,1068.97,1,56.95,24.19386,13.0,Detlava Brantkalna iela,07/06/2019 08:01,16/06/2019 08:01
1488,Latvia,Riga,Purvciems,Ieriķu 29,2,43,4,Hruščova projekts,42000,976.74,1,56.96691,24.17776,29.0,Ieriķu iela,07/06/2019 08:01,16/06/2019 08:01
1490,Latvia,Riga,Daugavgrīva,Plēksnes 3,2,47,3,103. sērija,35000,744.68,1,57.04009,24.03078,3.0,Plēksnes iela,07/06/2019 08:01,16/06/2019 08:01
1491,Latvia,Riga,Teika,Brīvības 314,2,55,3,Pirmskara projekts,57000,1036.36,1,56.97899,24.18664,314.0,Brīvības gatve,07/06/2019 08:01,16/06/2019 08:01
1492,Latvia,Riga,Mežciems,Kaivas 50,2,46,4,Jaunais projekts,53360,1160.0,1,56.95557,24.24257,50.0,Kaivas iela,07/06/2019 08:01,16/06/2019 08:01
1493,Latvia,Riga,Zolitūde,Gramzdas 80,2,70,2,Jaunais projekts,109000,1557.14,1,56.94184,24.00359,80.0,Gramzdas iela,07/06/2019 08:01,16/06/2019 08:01
1495,Latvia,Riga,Citi,Lēdurgas 10,1,23,2,Pirmskara projekts,15000,652.17,1,57.01998,24.12722,10.0,Lēdurgas iela,07/06/2019 08:01,16/06/2019 08:01
1496,Latvia,Riga,Centrs,Stabu 60,4,115,3,Pirmskara projekts,174000,1513.04,1,56.95304,24.13481,60.0,Stabu iela,07/06/2019 08:01,16/06/2019 08:01
1497,Latvia,Riga,Ķengarags,Maskavas 258,2,45,5,Lietuviešu projekts,39800,884.44,1,56.90948,24.17752,258.0,Maskavas iela,07/06/2019 08:01,10/06/2019 08:01
1498,Latvia,Riga,Pļavnieki,Pavasara g. 3,5,110,1,602. sērija,69900,635.45,1,56.93521,24.19751,3.0,Pavasara gatve,07/06/2019 08:01,16/06/2019 08:01
1499,Latvia,Riga,Iļģuciems,Stūres 2,1,18,4,Mazģimeņu projekts,14900,827.78,1,56.96931,24.06951,2.0,Stūres iela,07/06/2019 08:01,16/06/2019 08:01
1501,Latvia,Riga,Ķengarags,Maskavas 309,2,50,5,Lietuviešu projekts,40600,812.0,1,56.90993,24.1811,309.0,Maskavas iela,07/06/2019 08:01,16/06/2019 08:01
1502,Latvia,Riga,Centrs,Tērbatas 97,3,96,5,Pirmskara projekts,179000,1864.58,1,56.9614,24.13764,97.0,Tērbatas iela,07/06/2019 08:01,16/06/2019 08:01
1503,Latvia,Riga,Centrs,Pulkv. Brieža 9,3,89,8,Jaunais projekts,176000,1977.53,1,56.9602,24.10534,9.0,Pulkveža Brieža iela,07/06/2019 08:01,12/06/2019 08:01
1507,Latvia,Riga,Centrs,Barona 60,2,36,3,Pirmskara projekts,60000,1666.67,1,56.95509,24.12942,60.0,Krišjāņa Barona iela,07/06/2019 08:01,16/06/2019 08:01
1508,Latvia,Riga,Daugavgrīva,Birzes 26,2,47,3,Čehu projekts,39500,840.43,1,57.03865,24.03266,26.0,Birzes iela,07/06/2019 08:01,16/06/2019 08:01
1511,Latvia,Riga,Citi,Starta 16,2,42,1,Pirmskara projekts,29000,690.48,1,56.97814,24.15988,16.0,Starta iela,07/06/2019 08:01,16/06/2019 08:01
1512,Latvia,Riga,Āgenskalns,Krēslas 1,2,34,2,Pirmskara projekts,35000,1029.41,1,56.95056,24.07087,1.0,Krēslas iela,07/06/2019 08:01,10/06/2019 08:01
1513,Latvia,Riga,Imanta,Kleistu 19,1,36,4,602. sērija,41500,1152.78,1,56.96455,24.02273,19.0,Kleistu iela,07/06/2019 08:01,16/06/2019 08:01
1514,Latvia,Riga,Purvciems,Deglava 27,1,27,1,Renovēts,13600,503.7,1,56.95206,24.1662,27.0,Augusta Deglava iela,07/06/2019 08:01,16/06/2019 08:01
1515,Latvia,Riga,Centrs,Zaļā 7,3,75,1,Pirmskara projekts,149000,1986.67,1,56.95976,24.11528,7.0,Zaļā iela,07/06/2019 08:01,16/06/2019 08:01
1516,Latvia,Riga,Ķengarags,Maskavas 271,2,37,4,Lietuviešu projekts,31700,856.76,1,56.92135,24.1747,271.0,Maskavas iela,07/06/2019 08:01,16/06/2019 08:01
1517,Latvia,Riga,Vecmīlgrāvis,Kāvu 2,3,62,3,Lietuviešu projekts,58000,935.48,1,57.03287,24.09971,2.0,Kāvu iela,07/06/2019 08:01,16/06/2019 08:01
1519,Latvia,Riga,Imanta,Kurzemes pr. 104,2,39,3,Lietuviešu projekts,52000,1333.33,1,56.96699,24.01032,104.0,Kurzemes prospekts,07/06/2019 08:01,16/06/2019 08:01
1520,Latvia,Riga,Sarkandaugava,Sarkandaugavas 11,2,41,1,Hruščova projekts,40000,975.61,1,56.99902,24.12329,11.0,Sarkandaugavas iela,07/06/2019 08:01,16/06/2019 08:01
1521,Latvia,Riga,Centrs,Stabu 84,2,99,4,Pirmskara projekts,65000,656.57,1,56.95073,24.1397,84.0,Stabu iela,07/06/2019 08:01,16/06/2019 08:01
1522,Latvia,Riga,Ķengarags,Prūšu 20,2,41,2,Hruščova projekts,45000,1097.56,1,56.91402,24.18544,20.0,Prūšu iela,07/06/2019 08:01,16/06/2019 08:01
1523,Latvia,Riga,Centrs,Vīlandes 16,4,113,3,Renovēts,385000,3407.08,1,56.96141,24.10225,16.0,Vīlandes iela,07/06/2019 08:01,16/06/2019 08:01
1524,Latvia,Riga,Centrs,Miera 80,2,50,2,Specprojekts,88000,1760.0,1,56.97488,24.14379,80.0,Miera iela,07/06/2019 08:01,16/06/2019 08:01
1525,Latvia,Riga,Centrs,Matīsa 69,2,65,4,Jaunais projekts,129000,1984.62,1,56.95386,24.14055,69.0,Matīsa iela,07/06/2019 08:01,16/06/2019 08:01
1526,Latvia,Riga,Centrs,Pulkv. Brieža 18,3,80,2,Specprojekts,160000,2000.0,1,56.96155,24.10613,18.0,Pulkveža Brieža iela,07/06/2019 08:01,16/06/2019 08:01
1527,Latvia,Riga,Centrs,Čaka 36,4,87,2,Renovēts,163688,1881.47,1,56.95272,24.13,36.0,Aleksandra Čaka iela,07/06/2019 08:01,16/06/2019 08:01
1528,Latvia,Riga,Centrs,Birznieka-Upīša 18,3,113,1,Renovēts,195000,1725.66,1,56.94916,24.12842,18.0,Ernesta Birznieka-Upīša iela,07/06/2019 08:01,16/06/2019 08:01
1529,Latvia,Riga,Iļģuciems,Vaidelotes 26,2,42,5,Hruščova projekts,39000,928.57,1,56.96666,24.04858,26.0,Vaidelotes iela,07/06/2019 08:01,16/06/2019 08:01
1530,Latvia,Riga,Ziepniekkalns,Bauskas 49,2,46,3,Lietuviešu projekts,34500,750.0,1,56.9179,24.10259,49.0,Bauskas iela,07/06/2019 08:01,16/06/2019 08:01
1531,Latvia,Riga,Centrs,Stabu 54,3,84,2,Pirmskara projekts,159000,1892.86,1,56.95361,24.13365,54.0,Stabu iela,07/06/2019 08:01,16/06/2019 08:01
1532,Latvia,Riga,Centrs,Vēžu 14,4,116,4,Jaunais projekts,185000,1594.83,1,56.97115,24.10076,14.0,Vēžu iela,07/06/2019 08:01,16/06/2019 08:01
1534,Latvia,Riga,Centrs,Bruņinieku 42,4,81,4,Pirmskara projekts,131000,1617.28,1,56.95434,24.13507,42.0,Bruņinieku iela,07/06/2019 08:01,08/06/2019 08:01
1535,Latvia,Riga,Purvciems,Ilūkstes 54,1,42,5,Mazģimeņu projekts,33000,785.71,1,56.95013,24.2014,54.0,Ilūkstes iela,07/06/2019 08:01,16/06/2019 08:01
1536,Latvia,Riga,Jugla,Juglas krastm. 62,2,55,2,Jaunais projekts,74230,1349.64,1,56.97081,24.31957,62.0,Juglasciema bulvāris,07/06/2019 08:01,16/06/2019 08:01
1537,Latvia,Riga,Centrs,Artilērijas 12,4,110,1,Renovēts,130000,1181.82,1,56.95601,24.14604,57.0,Artilērijas iela,07/06/2019 08:01,16/06/2019 08:01
1539,Latvia,Riga,Centrs,Tallinas 86,2,35,5,Jaunais projekts,70200,2005.71,1,56.95654,24.14794,86.0,Tallinas iela,07/06/2019 08:01,16/06/2019 08:01
1540,Latvia,Riga,Pļavnieki,Ulbrokas 12,1,43,1,Mazģimeņu projekts,26700,620.93,1,56.94147,24.21738,12.0,Ulbrokas iela,07/06/2019 08:01,08/06/2019 08:01
1541,Latvia,Riga,Āgenskalns,Grīna bulv. 13,2,47,3,Specprojekts,51300,1091.49,1,56.939,24.07976,13.0,Aleksandra Grīna bulvāris,07/06/2019 08:01,08/06/2019 08:01
1543,Latvia,Riga,Āgenskalns,Valentīna 16,3,63,3,Jaunais projekts,89000,1412.7,1,56.94103,24.05391,16.0,Valentīna iela,07/06/2019 08:01,16/06/2019 08:01
1545,Latvia,Riga,Purvciems,Deglava 61,3,75,9,119. sērija,65000,866.67,1,56.95064,24.18237,61.0,Augusta Deglava iela,07/06/2019 08:01,16/06/2019 08:01
1547,Latvia,Riga,Āgenskalns,Dzirciema 36,2,45,2,Lietuviešu projekts,48000,1066.67,1,56.98043,24.05848,100.0,Dzirciema iela,07/06/2019 08:01,16/06/2019 08:01
1548,Latvia,Riga,Citi,Jaunsaules 3,2,45,2,Lietuviešu projekts,48000,1066.67,1,56.95516,24.05013,3.0,Jaunsaules iela,07/06/2019 08:01,16/06/2019 08:01
1549,Latvia,Riga,Ķengarags,Salaspils 5,2,48,1,Staļina projekts,28500,593.75,1,56.92112,24.18274,5.0,Salaspils iela,07/06/2019 08:01,16/06/2019 08:01
1550,Latvia,Riga,Ķengarags,Maskavas 256,2,47,5,Lietuviešu projekts,52000,1106.38,1,56.91091,24.17528,256.0,Maskavas iela,07/06/2019 08:01,16/06/2019 08:01
1551,Latvia,Riga,Purvciems,Staiceles 15,3,63,6,602. sērija,95000,1507.94,1,56.95861,24.1736,15.0,Staiceles iela,07/06/2019 08:01,16/06/2019 08:01
1552,Latvia,Riga,Teika,Vidrižu 4,4,84,9,Specprojekts,94000,1119.05,1,56.97857,24.17687,4.0,Vidrižu iela,07/06/2019 08:01,16/06/2019 08:01
1554,Latvia,Riga,Centrs,Ieroču 6,1,19,1,Specprojekts,10500,552.63,1,56.97507,24.13983,6.0,Ieroču iela,07/06/2019 08:01,16/06/2019 08:01
1555,Latvia,Riga,Teika,Raunas 3,2,34,1,Specprojekts,15999,470.56,1,56.97,24.16952,3.0,Raunas iela,07/06/2019 08:01,16/06/2019 08:01
1556,Latvia,Riga,Maskavas priekšpilsēta,Daugavpils 49,1,23,4,Specprojekts,12200,530.43,1,56.94555,24.14086,49.0,Daugavpils iela,07/06/2019 08:01,16/06/2019 08:01
1557,Latvia,Riga,Teika,Ūnijas 34,2,40,1,Specprojekts,23300,582.5,1,56.96658,24.17308,34.0,Ūnijas iela,07/06/2019 08:01,16/06/2019 08:01
1558,Latvia,Riga,Sarkandaugava,Viestura pr. 69,3,54,1,Hruščova projekts,32400,600.0,1,57.00589,24.12822,69.0,Viestura prospekts,07/06/2019 08:01,16/06/2019 08:01
1561,Latvia,Riga,Zolitūde,Zolitūdes 75,3,85,3,Jaunais projekts,137000,1611.76,1,56.94107,24.00455,75.0,Zolitūdes iela,07/06/2019 08:01,16/06/2019 08:01
1566,Latvia,Riga,Centrs,Republikas laukums 3,3,109,5,Specprojekts,215000,1972.48,1,56.95495,24.09919,3.0,Republikas laukums,07/06/2019 08:01,16/06/2019 08:01
1567,Latvia,Riga,Bolderāja,Gobas 23,2,46,3,Staļina projekts,34000,739.13,1,57.03187,24.05116,23.0,Gobas iela,07/06/2019 08:01,16/06/2019 08:01
1568,Latvia,Riga,Centrs,Lāčplēša 11,3,97,2,Jaunais projekts,338100,3485.57,1,56.95701,24.12041,11.0,Lāčplēša iela,07/06/2019 08:01,16/06/2019 08:01
1569,Latvia,Riga,Vecmīlgrāvis,Meldru 24,1,28,2,Lietuviešu projekts,24500,875.0,1,57.03262,24.09531,24.0,Meldru iela,07/06/2019 08:01,16/06/2019 08:01
1571,Latvia,Riga,Zolitūde,Priedaines 13,2,112,1,Jaunais projekts,110000,982.14,1,56.94285,24.01554,13.0,Priedaines iela,07/06/2019 08:01,16/06/2019 08:01
1572,Latvia,Riga,Pļavnieki,Jasmuižas 3,3,63,3,602. sērija,65000,1031.75,1,56.93766,24.20998,3.0,Jasmuižas iela,07/06/2019 08:01,16/06/2019 08:01
1573,Latvia,Riga,Centrs,Hanzas 4,3,74,1,Pirmskara projekts,104300,1409.46,1,56.96095,24.1194,4.0,Hanzas iela,07/06/2019 08:01,16/06/2019 08:01
1574,Latvia,Riga,Šampēteris-Pleskodāle,Volguntes 40,3,90,1,Jaunais projekts,160000,1777.78,1,56.93744,24.03756,40.0,Volguntes iela,07/06/2019 08:01,16/06/2019 08:01
1575,Latvia,Riga,Jugla,Vangažu 24,3,81,2,Čehu projekts,83700,1033.33,1,56.98613,24.2261,24.0,Vangažu iela,07/06/2019 08:01,16/06/2019 08:01
1576,Latvia,Riga,Centrs,Pērnavas 6,2,69,4,Staļina projekts,129777,1880.83,1,56.96627,24.14775,6.0,Pērnavas iela,07/06/2019 08:01,16/06/2019 08:01
1577,Latvia,Riga,Iļģuciems,Vaidelotes 19,1,33,5,Hruščova projekts,26000,787.88,1,56.96714,24.05,19.0,Vaidelotes iela,07/06/2019 08:01,16/06/2019 08:01
1578,Latvia,Riga,Ķengarags,Aglonas 26,2,38,5,Lietuviešu projekts,38500,1013.16,1,56.90954,24.18865,26.0,Aglonas iela,07/06/2019 08:01,16/06/2019 08:01
1579,Latvia,Riga,Centrs,Maskavas 81,3,71,2,Pirmskara projekts,77000,1084.51,1,56.93973,24.13804,81.0,Maskavas iela,07/06/2019 08:01,16/06/2019 08:01
1582,Latvia,Riga,Āgenskalns,Āgenskalna 20,2,43,4,Hruščova projekts,38900,904.65,1,56.94668,24.06481,20.0,Āgenskalna iela,07/06/2019 08:01,16/06/2019 08:01
1583,Latvia,Riga,Zolitūde,Anniņmuižas 20,3,81,5,Jaunais projekts,125000,1543.21,1,56.94292,24.01717,20.0,Anniņmuižas iela,07/06/2019 08:01,14/06/2019 08:01
1584,Latvia,Riga,Sarkandaugava,Viestura pr. 81,2,61,1,Specprojekts,44000,721.31,1,57.00669,24.12661,81.0,Viestura prospekts,07/06/2019 08:01,16/06/2019 08:01
1585,Latvia,Riga,Vecrīga,Audēju 10,3,118,3,Pirmskara projekts,474800,4023.73,1,56.94712,24.11199,10.0,Audēju iela,07/06/2019 08:01,16/06/2019 08:01
1586,Latvia,Riga,Krasta rajons,Pļaviņu 25,2,50,5,104. sērija,40000,800.0,1,56.93249,24.16266,1.0,Pļaviņu iela,07/06/2019 08:01,16/06/2019 08:01
1588,Latvia,Riga,Krasta rajons,Salaspils 5,2,48,1,Staļina projekts,28500,593.75,1,56.92112,24.18274,5.0,Salaspils iela,07/06/2019 08:01,16/06/2019 08:01
1590,Latvia,Riga,Imanta,Anniņmuižas 80,4,75,5,467. sērija,82000,1093.33,1,56.95591,24.00785,80.0,Anniņmuižas bulvāris,07/06/2019 08:01,16/06/2019 08:01
1591,Latvia,Riga,Purvciems,Ūnijas 70,2,37,3,Lietuviešu projekts,38000,1027.03,1,56.96208,24.18055,70.0,Ūnijas iela,07/06/2019 08:01,16/06/2019 08:01
1592,Latvia,Riga,Imanta,Kurzemes pr. 18,2,33,3,Specprojekts,39000,1181.82,1,56.95854,24.03387,18.0,Kurzemes prospekts,07/06/2019 08:01,16/06/2019 08:01
1594,Latvia,Riga,Imanta,Dammes 8,1,32,1,602. sērija,34000,1062.5,1,56.96311,24.01285,8.0,Dammes iela,07/06/2019 08:01,10/06/2019 08:01
1595,Latvia,Riga,Jugla,Juglas 31,2,45,2,Staļina projekts,35400,786.67,1,56.98157,24.25184,31.0,Juglas iela,07/06/2019 08:01,16/06/2019 08:01
1596,Latvia,Riga,Āgenskalns,Lielirbes 11,3,93,17,Jaunais projekts,149000,1602.15,1,56.93415,24.04373,11.0,Lielirbes iela,07/06/2019 08:01,16/06/2019 08:01
1597,Latvia,Riga,Centrs,Marijas 16,3,94,6,Renovēts,168000,1787.23,1,56.95053,24.12549,16.0,Marijas iela,07/06/2019 08:01,16/06/2019 08:01
1598,Latvia,Riga,Centrs,Katrīnas d. 17,2,67,2,Jaunais projekts,89900,1341.79,1,56.97063,24.10159,17.0,Katrīnas dambis,07/06/2019 08:01,16/06/2019 08:01
1599,Latvia,Riga,Centrs,Upes 10,2,41,4,Pirmskara projekts,70000,1707.32,1,56.97612,24.14258,10.0,Upes iela,07/06/2019 08:01,16/06/2019 08:01
1600,Latvia,Riga,Āgenskalns,Mārupes 47,2,52,5,Specprojekts,63500,1221.15,1,56.92711,24.077,47.0,Mārupes iela,07/06/2019 08:01,16/06/2019 08:01
1601,Latvia,Riga,Centrs,Eksporta 8,5,150,1,Jaunais projekts,290000,1933.33,1,56.96495,24.09866,8.0,Eksporta iela,07/06/2019 08:01,07/06/2019 08:01
1602,Latvia,Riga,Centrs,Matīsa 109,3,88,5,Pirmskara projekts,85700,973.86,1,56.95012,24.14847,109.0,Matīsa iela,07/06/2019 08:01,16/06/2019 08:01
1603,Latvia,Riga,Sarkandaugava,Tilta 11,1,30,4,Hruščova projekts,29100,970.0,1,56.99636,24.12896,11.0,Tilta iela,07/06/2019 08:01,16/06/2019 08:01
1604,Latvia,Riga,Imanta,Dammes 38,2,50,6,602. sērija,45000,900.0,1,56.96621,24.01156,38.0,Dammes iela,07/06/2019 08:01,16/06/2019 08:01
1605,Latvia,Riga,Imanta,Jūrmalas g. 92,2,51,2,Jaunais projekts,83325,1633.82,1,56.952,24.00367,92.0,Jūrmalas gatve,07/06/2019 08:01,16/06/2019 08:01
1606,Latvia,Riga,Imanta,Jūrmalas g. 92,2,51,4,Jaunais projekts,85345,1673.43,1,56.952,24.00367,92.0,Jūrmalas gatve,07/06/2019 08:01,14/06/2019 08:01
1607,Latvia,Riga,Imanta,Jūrmalas g. 92,3,60,7,Jaunais projekts,104949,1749.15,1,56.952,24.00367,92.0,Jūrmalas gatve,07/06/2019 08:01,14/06/2019 08:01
1608,Latvia,Riga,Ķengarags,Aviācijas 1,2,38,2,Lietuviešu projekts,37500,986.84,1,56.90662,24.19378,1.0,Aviācijas iela,07/06/2019 08:01,16/06/2019 08:01
1611,Latvia,Riga,Imanta,Kurzemes pr. 96,2,50,2,Lietuviešu projekts,51200,1024.0,1,56.9684,24.01367,96.0,Kurzemes prospekts,07/06/2019 08:01,16/06/2019 08:01
1612,Latvia,Riga,Centrs,Vesetas 25,2,50,5,Specprojekts,66000,1320.0,1,56.9736,24.13005,25.0,Vesetas iela,07/06/2019 08:01,16/06/2019 08:01
1613,Latvia,Riga,Jugla,Malienas 70,3,47,2,Hruščova projekts,56900,1210.64,1,56.97537,24.2502,70.0,Malienas iela,07/06/2019 08:01,16/06/2019 08:01
1614,Latvia,Riga,Mežaparks,Ķempes 5,5,110,11,Specprojekts,145000,1318.18,1,56.99501,24.16661,5.0,Mirdzas Ķempes iela,07/06/2019 08:01,16/06/2019 08:01
1615,Latvia,Riga,Centrs,Barona 30,3,95,4,Renovēts,237000,2494.74,1,56.95238,24.12388,30.0,Krišjāņa Barona iela,07/06/2019 08:01,16/06/2019 08:01
1616,Latvia,Riga,Centrs,Blaumaņa 34,3,58,2,Renovēts,87000,1500.0,1,56.95195,24.12559,34.0,Blaumaņa iela,07/06/2019 08:01,16/06/2019 08:01
1617,Latvia,Riga,Purvciems,Staiceles 1,3,63,6,602. sērija,64500,1023.81,1,56.95825,24.16946,1.0,Staiceles iela,07/06/2019 08:01,16/06/2019 08:01
1618,Latvia,Riga,Šampēteris-Pleskodāle,Bārtas 1,1,17,2,Staļina projekts,11700,688.24,1,56.94157,24.04677,1.0,Bārtas iela,07/06/2019 08:01,16/06/2019 08:01
1619,Latvia,Riga,Centrs,Alūksnes 5,2,61,5,Renovēts,95000,1557.38,1,56.96981,24.09933,5.0,Alūksnes iela,07/06/2019 08:01,16/06/2019 08:01
1620,Latvia,Riga,Āgenskalns,Baldones 11,2,45,1,Pirmskara projekts,36500,811.11,1,56.94604,24.06026,11.0,Baldones iela,07/06/2019 08:01,16/06/2019 08:01
1621,Latvia,Riga,Pļavnieki,Rudens 12,2,52,9,602. sērija,49000,942.31,1,56.93728,24.20051,12.0,Rudens iela,07/06/2019 08:01,16/06/2019 08:01
1622,Latvia,Riga,Mežciems,Biķernieku 280,3,64,5,103. sērija,51000,796.88,1,56.96295,24.30529,280.0,Biķernieku iela,07/06/2019 08:01,16/06/2019 08:01
1623,Latvia,Riga,Citi,Ezera 9,2,58,4,Staļina projekts,55000,948.28,1,57.02016,24.12853,9.0,Ezera iela,07/06/2019 08:01,16/06/2019 08:01
1625,Latvia,Riga,Centrs,Blaumaņa 12,3,63,2,Renovēts,146875,2331.35,1,56.95464,24.12233,12.0,Blaumaņa iela,07/06/2019 08:01,16/06/2019 08:01
1626,Latvia,Riga,Centrs,Barona 10,3,64,4,Pirmskara projekts,159000,2484.38,1,56.95021,24.11945,10.0,Krišjāņa Barona iela,07/06/2019 08:01,16/06/2019 08:01
1627,Latvia,Riga,Centrs,Klijānu 16,4,200,8,Jaunais projekts,300000,1500.0,1,56.97133,24.14974,21.0,Klijānu iela,07/06/2019 08:01,16/06/2019 08:01
1628,Latvia,Riga,Maskavas priekšpilsēta,Maskavas 53,2,60,3,Staļina projekts,66500,1108.33,1,56.93982,24.13153,53.0,Maskavas iela,07/06/2019 08:01,16/06/2019 08:01
1629,Latvia,Riga,Zolitūde,Bieziņa 11,3,75,3,119. sērija,77000,1026.67,1,56.94692,24.02384,11.0,Aleksandra Bieziņa iela,07/06/2019 08:01,16/06/2019 08:01
1630,Latvia,Riga,Mežciems,Līduma 8,3,67,3,Lietuviešu projekts,59750,891.79,1,56.9732,24.23289,8.0,Līduma iela,07/06/2019 08:01,09/06/2019 08:01
1631,Latvia,Riga,Ziepniekkalns,Bauskas 29,1,33,5,103. sērija,37500,1136.36,1,56.92134,24.0958,29.0,Bauskas iela,07/06/2019 08:01,16/06/2019 08:01
1632,Latvia,Riga,Daugavgrīva,Parādes 32,4,97,1,Specprojekts,78500,809.28,1,57.03698,24.02073,32.0,Parādes iela,07/06/2019 08:01,16/06/2019 08:01
1633,Latvia,Riga,Mežciems,Eizenšteina 53,2,46,9,602. sērija,39500,858.7,1,56.96408,24.23521,53.0,Sergeja Eizenšteina iela,07/06/2019 08:01,16/06/2019 08:01
1635,Latvia,Riga,Āgenskalns,Valentīna 16,2,50,2,Jaunais projekts,91400,1828.0,1,56.94103,24.05391,16.0,Valentīna iela,07/06/2019 08:01,16/06/2019 08:01
1637,Latvia,Riga,Ziepniekkalns,Valdeķu 53,3,76,9,119. sērija,71500,940.79,1,56.90161,24.09248,53.0,Valdeķu iela,07/06/2019 08:01,16/06/2019 08:01
1639,Latvia,Riga,Centrs,Pulkv. Brieža 13,3,75,2,Renovēts,192000,2560.0,1,56.96056,24.10539,13.0,Pulkveža Brieža iela,07/06/2019 08:01,16/06/2019 08:01
1640,Latvia,Riga,Āgenskalns,Lielirbes 11,3,93,17,Jaunais projekts,149000,1602.15,1,56.93415,24.04373,11.0,Lielirbes iela,07/06/2019 08:01,13/06/2019 08:01
1641,Latvia,Riga,Bolderāja,Stagaru 4,2,51,3,103. sērija,34000,666.67,1,57.02909,24.035,4.0,Stagaru iela,07/06/2019 08:01,16/06/2019 08:01
1642,Latvia,Riga,Ziepniekkalns,Komētas 22,2,65,2,Jaunais projekts,99840,1536.0,1,56.91445,24.13248,13.0,Komētas iela,07/06/2019 08:01,16/06/2019 08:01
1643,Latvia,Riga,Ķengarags,Bultu 3,3,61,9,467. sērija,57000,934.43,1,56.95423,24.00557,3.0,Dubultu iela,07/06/2019 08:01,16/06/2019 08:01
1644,Latvia,Riga,Ziepniekkalns,Bikstu 6,3,106,4,Jaunais projekts,152000,1433.96,1,56.90896,24.07931,6.0,Bikstu iela,07/06/2019 08:01,16/06/2019 08:01
1645,Latvia,Riga,Imanta,Jūrmalas g. 101,3,62,1,602. sērija,45600,735.48,1,56.95354,23.99938,101.0,Jūrmalas gatve,07/06/2019 08:01,16/06/2019 08:01
1646,Latvia,Riga,Iļģuciems,Stūres 9,3,70,5,Lietuviešu projekts,59000,842.86,1,56.97125,24.06889,9.0,Stūres iela,07/06/2019 08:01,16/06/2019 08:01
1648,Latvia,Riga,Centrs,Avotu 10,4,100,6,Pirmskara projekts,149000,1490.0,1,56.9505,24.12857,10.0,Avotu iela,07/06/2019 08:01,16/06/2019 08:01
1649,Latvia,Riga,Krasta rajons,Dzērvju 3,1,33,9,467. sērija,31000,939.39,1,56.93073,24.16437,3.0,Dzērvju iela,07/06/2019 08:01,16/06/2019 08:01
1650,Latvia,Riga,Āgenskalns,Kalnciema 81,1,29,1,Pirmskara projekts,22000,758.62,1,56.93863,24.05188,81.0,Kalnciema iela,07/06/2019 08:01,16/06/2019 08:01
1651,Latvia,Riga,Daugavgrīva,Plēksnes 14,2,49,1,Specprojekts,31500,642.86,1,57.04173,24.02975,14.0,Plēksnes iela,07/06/2019 08:01,16/06/2019 08:01
1654,Latvia,Riga,Mežaparks,Viestura pr. 69,3,54,1,Specprojekts,32650,604.63,1,57.00589,24.12822,69.0,Viestura prospekts,07/06/2019 08:01,16/06/2019 08:01
1656,Latvia,Riga,Bolderāja,Bungu 5,2,38,1,Specprojekts,11800,310.53,1,57.03611,24.04488,5.0,Bungu iela,07/06/2019 08:01,16/06/2019 08:01
1657,Latvia,Riga,Ķengarags,Maskavas 429,2,47,4,Lietuviešu projekts,49500,1053.19,1,56.89673,24.21229,429.0,Maskavas iela,07/06/2019 08:01,16/06/2019 08:01
1658,Latvia,Riga,Centrs,Bruņinieku 28,4,110,6,Pirmskara projekts,240000,2181.82,1,56.95587,24.132,28.0,Bruņinieku iela,07/06/2019 08:01,16/06/2019 08:01
1659,Latvia,Riga,Centrs,Zaubes 9,3,92,4,Renovēts,230000,2500.0,1,56.96336,24.12165,9.0,Zaubes iela,07/06/2019 08:01,16/06/2019 08:01
1660,Latvia,Riga,Purvciems,Stirnu 22,2,40,6,Specprojekts,41000,1025.0,1,56.95596,24.18336,22.0,Stirnu iela,07/06/2019 08:01,16/06/2019 08:01
1662,Latvia,Riga,Centrs,Klijānu 5,2,54,2,Pirmskara projekts,68000,1259.26,1,57.07829,24.1467,5.0,Klijānu iela,07/06/2019 08:01,16/06/2019 08:01
1663,Latvia,Riga,Teika,Ieriķu 39,3,56,1,Lietuviešu projekts,75500,1348.21,1,56.967,24.18,39.0,Ieriķu iela,07/06/2019 08:01,16/06/2019 08:01
1664,Latvia,Riga,Centrs,Pulkv. Brieža 35,2,59,3,Jaunais projekts,125000,2118.64,1,56.96606,24.10569,35.0,Pulkveža Brieža iela,07/06/2019 08:01,16/06/2019 08:01
1667,Latvia,Riga,Centrs,Barona 49,3,86,5,Renovēts,210000,2441.86,1,56.95579,24.13019,49.0,Krišjāņa Barona iela,07/06/2019 08:01,16/06/2019 08:01
1668,Latvia,Riga,Ziepniekkalns,Bikstu 6,2,75,5,Jaunais projekts,88900,1185.33,1,56.90896,24.07931,6.0,Bikstu iela,07/06/2019 08:01,16/06/2019 08:01
1670,Latvia,Riga,Āgenskalns,M. Nometņu 11,1,27,1,Pirmskara projekts,17000,629.63,1,56.9341,24.07615,11.0,Mazā Nometņu iela,07/06/2019 08:01,16/06/2019 08:01
1671,Latvia,Riga,Mežaparks,Ezermalas 13,2,73,1,Specprojekts,110000,1506.85,1,56.99667,24.17068,13.0,Ezermalas iela,07/06/2019 08:01,16/06/2019 08:01
1673,Latvia,Riga,Ziepniekkalns,Bērzupes 13,2,47,2,Lietuviešu projekts,38000,808.51,1,56.9164,24.09354,13.0,Bērzupes iela,07/06/2019 08:01,16/06/2019 08:01
1674,Latvia,Riga,Grīziņkalns,Alauksta 4,3,73,4,Renovēts,150000,2054.79,1,56.96121,24.14802,4.0,Alauksta iela,07/06/2019 08:01,16/06/2019 08:01
1675,Latvia,Riga,Grīziņkalns,Alauksta 4,2,52,3,Renovēts,107000,2057.69,1,56.96121,24.14802,4.0,Alauksta iela,07/06/2019 08:01,16/06/2019 08:01
1676,Latvia,Riga,Grīziņkalns,Alauksta 4,3,72,3,Renovēts,143200,1988.89,1,56.96121,24.14802,4.0,Alauksta iela,07/06/2019 08:01,16/06/2019 08:01
1677,Latvia,Riga,Grīziņkalns,Alauksta 4,3,75,2,Renovēts,149400,1992.0,1,56.96121,24.14802,4.0,Alauksta iela,07/06/2019 08:01,16/06/2019 08:01
1678,Latvia,Riga,Grīziņkalns,Alauksta 4,2,52,2,Renovēts,105000,2019.23,1,56.96121,24.14802,4.0,Alauksta iela,07/06/2019 08:01,16/06/2019 08:01
1679,Latvia,Riga,Centrs,Marijas 16,4,132,5,Pirmskara projekts,132000,1000.0,1,56.95053,24.12549,16.0,Marijas iela,07/06/2019 08:01,16/06/2019 08:01
1681,Latvia,Riga,Citi,Balasta d. 72,2,86,2,Jaunais projekts,289000,3360.47,1,56.9587,24.08421,72.0,Balasta dambis,07/06/2019 08:01,16/06/2019 08:01
1682,Latvia,Riga,Ķengarags,Lubānas 18,2,43,1,467. sērija,33000,767.44,1,56.93236,24.16302,18.0,Lubānas iela,07/06/2019 08:01,16/06/2019 08:01
1683,Latvia,Riga,Centrs,Audēju 14,2,107,4,Jaunais projekts,320000,2990.65,1,56.94744,24.11272,14.0,Audēju iela,07/06/2019 08:01,16/06/2019 08:01
1684,Latvia,Riga,Centrs,Ausekļa 3,2,50,3,Pirmskara projekts,98900,1978.0,1,56.96001,24.09978,3.0,Ausekļa iela,07/06/2019 08:01,16/06/2019 08:01
1685,Latvia,Riga,Centrs,Lienes 7,2,53,1,Renovēts,75000,1415.09,1,56.95408,24.14582,7.0,Lienes iela,07/06/2019 08:01,16/06/2019 08:01
1686,Latvia,Riga,Centrs,Valdemāra 37,2,58,5,Renovēts,160325,2764.22,1,56.95865,24.11643,37.0,Krišjāņa Valdemāra iela,07/06/2019 08:01,16/06/2019 08:01
1688,Latvia,Riga,Centrs,Merķeļa 6,2,45,3,Pirmskara projekts,72000,1600.0,1,56.94926,24.11943,6.0,Merķeļa iela,07/06/2019 08:01,16/06/2019 08:01
1689,Latvia,Riga,Centrs,Čaka 36,4,87,2,Renovēts,163688,1881.47,1,56.95272,24.13,36.0,Aleksandra Čaka iela,07/06/2019 08:01,16/06/2019 08:01
1690,Latvia,Riga,Iļģuciems,Vaidelotes 19,2,41,5,Hruščova projekts,39500,963.41,1,56.96714,24.05,19.0,Vaidelotes iela,07/06/2019 08:01,16/06/2019 08:01
1691,Latvia,Riga,Centrs,Čaka 46,3,87,3,Pirmskara projekts,119000,1367.82,1,56.95376,24.13202,46.0,Aleksandra Čaka iela,07/06/2019 08:01,16/06/2019 08:01
1692,Latvia,Riga,Centrs,Čaka 46,3,67,3,Pirmskara projekts,92000,1373.13,1,56.95376,24.13202,46.0,Aleksandra Čaka iela,07/06/2019 08:01,16/06/2019 08:01
1693,Latvia,Riga,Centrs,Lāčplēša 54,3,56,2,Pirmskara projekts,109000,1946.43,1,56.96149,24.1387,36.0,Lāčplēša iela,07/06/2019 08:01,13/06/2019 08:01
1697,Latvia,Riga,Sarkandaugava,Ziemeļu 16,1,18,2,Pirmskara projekts,16300,905.56,1,57.00138,24.11998,16.0,Ziemeļu iela,07/06/2019 08:01,16/06/2019 08:01
1698,Latvia,Riga,Ķengarags,Maskavas 419,4,60,4,Lietuviešu projekts,52000,866.67,1,56.89908,24.20666,419.0,Maskavas iela,07/06/2019 08:01,16/06/2019 08:01
1699,Latvia,Riga,Vecmīlgrāvis,Dombrovska 44,2,46,2,103. sērija,38000,826.09,1,57.03361,24.10756,44.0,Augusta Dombrovska iela,07/06/2019 08:01,16/06/2019 08:01
1700,Latvia,Riga,Purvciems,Stirnu 14,1,38,1,Mazģimeņu projekts,27500,723.68,1,56.95386,24.1836,14.0,Stirnu iela,07/06/2019 08:01,16/06/2019 08:01
1701,Latvia,Riga,Centrs,Dzirnavu 34,3,72,1,Pirmskara projekts,79000,1097.22,1,56.95842,24.11259,34.0,Dzirnavu iela,07/06/2019 08:01,16/06/2019 08:01
1702,Latvia,Riga,Pļavnieki,Tīnūžu 14,3,62,8,602. sērija,63000,1016.13,1,56.93406,24.20859,14.0,Tīnūžu iela,07/06/2019 08:01,16/06/2019 08:01
1703,Latvia,Riga,Citi,Tapešu 43,2,37,2,Lietuviešu projekts,35000,945.95,1,56.95538,24.04646,43.0,Tapešu iela,07/06/2019 08:01,16/06/2019 08:01
1704,Latvia,Riga,Centrs,Dzirnavu 34,4,80,2,Pirmskara projekts,90000,1125.0,1,56.95842,24.11259,34.0,Dzirnavu iela,07/06/2019 08:01,16/06/2019 08:01
1705,Latvia,Riga,Centrs,Dzirnavu 34,3,45,1,Pirmskara projekts,45000,1000.0,1,56.95842,24.11259,34.0,Dzirnavu iela,07/06/2019 08:01,16/06/2019 08:01
1706,Latvia,Riga,Centrs,Valdemāra 76,3,80,2,Specprojekts,108000,1350.0,1,56.96896,24.13255,76.0,Krišjāņa Valdemāra iela,07/06/2019 08:01,16/06/2019 08:01
1708,Latvia,Riga,Mežciems,Biķernieku 160,3,77,2,Jaunais projekts,115000,1493.51,1,56.95906,24.25615,160.0,Biķernieku iela,07/06/2019 08:01,16/06/2019 08:01
1709,Latvia,Riga,Pļavnieki,Salnas 36,3,63,3,602. sērija,73900,1173.02,1,56.94156,24.22989,36.0,Salnas iela,07/06/2019 08:01,16/06/2019 08:01
1710,Latvia,Riga,Teika,Ropažu 101,2,45,1,Staļina projekts,39800,884.44,1,56.98335,24.19631,101.0,Ropažu iela,07/06/2019 08:01,16/06/2019 08:01
1711,Latvia,Riga,Centrs,Valdemāra 109,1,35,5,Specprojekts,70000,2000.0,1,56.96575,24.12878,109.0,Krišjāņa Valdemāra iela,07/06/2019 08:01,16/06/2019 08:01
1712,Latvia,Riga,Vecrīga,Palasta 9,3,103,3,Pirmskara projekts,200000,1941.75,1,56.94795,24.1044,9.0,Palasta iela,07/06/2019 08:01,16/06/2019 08:01
1713,Latvia,Riga,Teika,Brīvības 209,1,30,2,Pirmskara projekts,33950,1131.67,1,56.97456,24.17039,209.0,Brīvības gatve,07/06/2019 08:01,16/06/2019 08:01
1715,Latvia,Riga,Mežciems,Eizenšteina 39,3,64,6,602. sērija,53000,828.13,1,56.96696,24.23368,39.0,Sergeja Eizenšteina iela,07/06/2019 08:01,14/06/2019 08:01
1716,Latvia,Riga,Centrs,Elijas 5,5,110,4,Pirmskara projekts,110000,1000.0,1,56.94205,24.12291,5.0,Elijas iela,07/06/2019 08:01,16/06/2019 08:01
1717,Latvia,Riga,Sarkandaugava,Limbažu 11,2,40,1,Hruščova projekts,42000,1050.0,1,57.00092,24.12535,11.0,Limbažu iela,07/06/2019 08:01,16/06/2019 08:01
1718,Latvia,Riga,Imanta,M. Krūmu 18,2,49,9,602. sērija,49500,1010.2,1,56.96108,24.00385,18.0,Mazā Krūmu iela,07/06/2019 08:01,08/06/2019 08:01
1719,Latvia,Riga,Centrs,Kalniņa 2,3,72,6,Pirmskara projekts,155000,2152.78,1,56.94917,24.12147,2.0,Alfrēda Kalniņa iela,07/06/2019 08:01,16/06/2019 08:01
1720,Latvia,Riga,Centrs,Čaka 52,5,120,5,Pirmskara projekts,220000,1833.33,1,56.95421,24.13326,52.0,Aleksandra Čaka iela,07/06/2019 08:01,16/06/2019 08:01
1721,Latvia,Riga,Purvciems,Madonas 21,2,66,2,Specprojekts,69500,1053.03,1,56.9609,24.171,21.0,Madonas iela,07/06/2019 08:01,16/06/2019 08:01
1722,Latvia,Riga,Teika,Ropažu 78,1,26,4,Hruščova projekts,30000,1153.85,1,56.98237,24.18657,78.0,Ropažu iela,07/06/2019 08:01,16/06/2019 08:01
1723,Latvia,Riga,Centrs,Tallinas 23,3,82,2,Pirmskara projekts,110000,1341.46,1,56.96386,24.13614,23.0,Tallinas iela,07/06/2019 08:01,16/06/2019 08:01
1724,Latvia,Riga,Centrs,Antonijas 26,2,51,3,Renovēts,159000,3117.65,1,56.96047,24.11491,26.0,Antonijas iela,07/06/2019 08:01,16/06/2019 08:01
1725,Latvia,Riga,Centrs,Katrīnas d. 17,3,106,5,Jaunais projekts,155000,1462.26,1,56.97063,24.10159,17.0,Katrīnas dambis,07/06/2019 08:01,16/06/2019 08:01
1726,Latvia,Riga,Citi,Rusova 7,1,32,4,Jaunais projekts,56500,1765.63,1,56.98877,24.16918,7.0,Rusova iela,07/06/2019 08:01,16/06/2019 08:01
1727,Latvia,Riga,Jugla,Malienas 64,3,61,3,Lietuviešu projekts,65000,1065.57,1,56.97522,24.24895,64.0,Malienas iela,07/06/2019 08:01,16/06/2019 08:01
1728,Latvia,Riga,Citi,Rusova 7,3,65,3,Jaunais projekts,120000,1846.15,1,56.98877,24.16918,7.0,Rusova iela,07/06/2019 08:01,16/06/2019 08:01
1729,Latvia,Riga,Daugavgrīva,Plēksnes 8,3,78,1,Specprojekts,30000,384.62,1,57.04058,24.03085,8.0,Plēksnes iela,07/06/2019 08:01,16/06/2019 08:01
1730,Latvia,Riga,Jugla,Tirzas 3,2,56,1,Specprojekts,58000,1035.71,1,56.98859,24.2258,3.0,Tirzas iela,07/06/2019 08:01,16/06/2019 08:01
1731,Latvia,Riga,Centrs,Dzirnavu 92,3,93,2,Renovēts,229000,2462.37,1,56.9505,24.12407,92.0,Dzirnavu iela,07/06/2019 08:01,16/06/2019 08:01
1732,Latvia,Riga,Āgenskalns,Valentīna 16,3,63,2,Jaunais projekts,89000,1412.7,1,56.94103,24.05391,16.0,Valentīna iela,07/06/2019 08:01,16/06/2019 08:01
1733,Latvia,Riga,Ziepniekkalns,Zaļenieku 18,4,125,1,Jaunais projekts,150000,1200.0,1,56.90934,24.09625,18.0,Zaļenieku iela,07/06/2019 08:01,16/06/2019 08:01
1734,Latvia,Riga,Ziepniekkalns,Īslīces 14,2,34,8,Specprojekts,29500,867.65,1,56.89999,24.0825,14.0,Īslīces iela,07/06/2019 08:01,10/06/2019 08:01
1735,Latvia,Riga,Centrs,Tallinas 86,3,60,2,Renovēts,125000,2083.33,1,56.95654,24.14794,86.0,Tallinas iela,07/06/2019 08:01,16/06/2019 08:01
1736,Latvia,Riga,Jugla,Juglas 29,2,43,2,Hruščova projekts,36800,855.81,1,56.9821,24.25123,29.0,Juglas iela,07/06/2019 08:01,11/06/2019 08:00
1737,Latvia,Riga,Imanta,Auru 6,2,46,1,Privātmāja,71900,1563.04,1,56.96005,24.00659,6.0,Auru iela,07/06/2019 08:01,16/06/2019 08:01
1738,Latvia,Riga,Imanta,Kurzemes pr. 82,2,50,9,602. sērija,55000,1100.0,1,56.96795,24.01786,82.0,Kurzemes prospekts,07/06/2019 08:01,16/06/2019 08:01
1739,Latvia,Riga,Ķengarags,Bultu 8,3,67,4,Lietuviešu projekts,49900,744.78,1,56.90989,24.19649,8.0,Bultu iela,07/06/2019 08:01,16/06/2019 08:01
1740,Latvia,Riga,Ķengarags,Krustpils 46,2,46,1,Hruščova projekts,24000,521.74,1,56.9059,24.2152,46.0,Krustpils iela,07/06/2019 08:01,16/06/2019 08:01
1741,Latvia,Riga,Vecmīlgrāvis,Emmas 28,1,25,4,Renovēts,33050,1322.0,1,57.03219,24.11679,28.0,Emmas iela,07/06/2019 08:01,16/06/2019 08:01
1742,Latvia,Riga,Citi,Briežu 7,2,40,2,Jaunais projekts,66200,1655.0,1,57.0223,24.13797,7.0,Briežu iela,07/06/2019 08:01,16/06/2019 08:01
1743,Latvia,Riga,Centrs,Klusā 20,3,76,2,Renovēts,62000,815.79,1,56.97572,24.14539,19.0,Klusā iela,07/06/2019 08:01,16/06/2019 08:01
1744,Latvia,Riga,Purvciems,Ilūkstes 54,1,35,5,Mazģimeņu projekts,33500,957.14,1,56.95013,24.2014,54.0,Ilūkstes iela,07/06/2019 08:01,16/06/2019 08:01
1745,Latvia,Riga,Centrs,Hospitāļu 7,2,54,5,103. sērija,52000,962.96,1,56.97013,24.13542,7.0,Hospitāļu iela,07/06/2019 08:01,16/06/2019 08:01
1746,Latvia,Riga,Centrs,Brīvības 163,1,36,1,Pirmskara projekts,61000,1694.44,1,56.96694,24.14606,163.0,Brīvības iela,07/06/2019 08:01,16/06/2019 08:01
1747,Latvia,Riga,Mežciems,Eizenšteina 11,2,52,5,Lietuviešu projekts,38500,740.38,1,56.97424,24.22593,11.0,Sergeja Eizenšteina iela,07/06/2019 08:01,16/06/2019 08:01
1749,Latvia,Riga,Purvciems,Stirnu 14,1,38,1,Mazģimeņu projekts,27500,723.68,1,56.95386,24.1836,14.0,Stirnu iela,07/06/2019 08:01,16/06/2019 08:01
1750,Latvia,Riga,Centrs,Čaka 31,2,35,2,Pirmskara projekts,73000,2085.71,1,56.95177,24.12753,31.0,Aleksandra Čaka iela,07/06/2019 08:01,16/06/2019 08:01
1754,Latvia,Riga,Maskavas priekšpilsēta,Lomonosova 12,1,34,1,Staļina projekts,37000,1088.24,1,56.93538,24.16003,12.0,Lomonosova iela,07/06/2019 08:01,16/06/2019 08:01
1755,Latvia,Riga,Iļģuciems,Lilijas 8,2,49,3,Lietuviešu projekts,49900,1018.37,1,56.96499,24.06595,8.0,Lilijas iela,07/06/2019 08:01,16/06/2019 08:01
1756,Latvia,Riga,Jugla,Kvēles 27,2,45,2,Hruščova projekts,35000,777.78,1,56.98229,24.24563,27.0,Kvēles iela,07/06/2019 08:01,13/06/2019 08:01
1757,Latvia,Riga,Centrs,Tallinas 52,5,184,2,Pirmskara projekts,199000,1081.52,1,56.95983,24.1415,52.0,Tallinas iela,07/06/2019 08:01,16/06/2019 08:01
1758,Latvia,Riga,Mežciems,Biķernieku 126,2,60,3,Jaunais projekts,88700,1478.33,1,56.97033,24.1821,18.0,Biķernieku iela,07/06/2019 08:01,16/06/2019 08:01
1759,Latvia,Riga,Daugavgrīva,Esplanādes 6,2,54,4,103. sērija,46500,861.11,1,57.0416,24.03401,6.0,Esplanādes iela,07/06/2019 08:01,16/06/2019 08:01
1761,Latvia,Riga,Pļavnieki,Jasmuižas 22,4,118,1,Jaunais projekts,220000,1864.41,1,56.93724,24.21448,22.0,Jasmuižas iela,07/06/2019 08:01,16/06/2019 08:01
1762,Latvia,Riga,Centrs,Alūksnes 3,2,39,1,Pirmskara projekts,37500,961.54,1,56.96952,24.09933,3.0,Alūksnes iela,07/06/2019 08:01,16/06/2019 08:01
1763,Latvia,Riga,Daugavgrīva,Esplanādes 5,2,47,5,103. sērija,33000,702.13,1,57.0418,24.03456,5.0,Esplanādes iela,07/06/2019 08:01,16/06/2019 08:01
1764,Latvia,Riga,Teika,Ropažu 5,3,68,4,Specprojekts,78000,1147.06,1,56.97489,24.17028,5.0,Ropažu iela,07/06/2019 08:01,10/06/2019 08:01
1765,Latvia,Riga,Imanta,Dammes 29,3,63,8,602. sērija,65800,1044.44,1,56.96511,24.00821,29.0,Dammes iela,07/06/2019 08:01,16/06/2019 08:01
1767,Latvia,Riga,Imanta,Slokas 101,2,50,2,Pirmskara projekts,34500,690.0,1,56.96073,24.04989,101.0,Slokas iela,07/06/2019 08:01,13/06/2019 08:01
1768,Latvia,Riga,Centrs,Ausekļa 4,3,100,4,Jaunais projekts,390000,3900.0,1,56.96003,24.10037,4.0,Ausekļa iela,07/06/2019 08:01,16/06/2019 08:01
1769,Latvia,Riga,Centrs,Pulkv. Brieža 8,4,167,4,Renovēts,295000,1766.47,1,56.95975,24.10596,8.0,Pulkveža Brieža iela,07/06/2019 08:01,16/06/2019 08:01
1770,Latvia,Riga,Ziepniekkalns,Valdeķu 51,3,77,10,119. sērija,69500,902.6,1,56.90314,24.09305,51.0,Valdeķu iela,07/06/2019 08:01,11/06/2019 08:00
1771,Latvia,Riga,Centrs,Baznīcas 13,3,126,5,Pirmskara projekts,290000,2301.59,1,56.95639,24.11857,13.0,Baznīcas iela,07/06/2019 08:01,16/06/2019 08:01
1772,Latvia,Riga,Centrs,Bruņinieku 12,2,57,5,Pirmskara projekts,105000,1842.11,1,56.95813,24.12757,12.0,Bruņinieku iela,07/06/2019 08:01,16/06/2019 08:01
1773,Latvia,Riga,Centrs,Lāčplēša 62,3,102,4,Pirmskara projekts,135000,1323.53,1,56.95117,24.1312,62.0,Lāčplēša iela,07/06/2019 08:01,16/06/2019 08:01
1774,Latvia,Riga,Grīziņkalns,Zvaigžņu 26,2,50,5,Specprojekts,55000,1100.0,1,56.96137,24.15073,26.0,Zvaigžņu iela,07/06/2019 08:01,16/06/2019 08:01
1775,Latvia,Riga,Āgenskalns,Ernestīnes 15,3,98,2,Renovēts,160000,1632.65,1,56.94126,24.07118,15.0,Ernestīnes iela,07/06/2019 08:01,16/06/2019 08:01
1776,Latvia,Riga,Purvciems,Ūnijas 66,3,68,5,Specprojekts,95000,1397.06,1,56.96268,24.18049,66.0,Ūnijas iela,07/06/2019 08:01,16/06/2019 08:01
1778,Latvia,Riga,Vecrīga,Teātra 12,4,140,3,Pirmskara projekts,295000,2107.14,1,56.94876,24.11241,12.0,Teātra iela,07/06/2019 08:01,16/06/2019 08:01
1779,Latvia,Riga,Āgenskalns,Mārupes 41,3,104,4,Specprojekts,110000,1057.69,1,56.92735,24.07446,41.0,Mārupes iela,07/06/2019 08:01,16/06/2019 08:01
1780,Latvia,Riga,Ķengarags,Maskavas 321,2,49,1,Lietuviešu projekts,49700,1014.29,1,56.90853,24.1855,321.0,Maskavas iela,07/06/2019 08:01,16/06/2019 08:01
1781,Latvia,Riga,Ziepniekkalns,Bruknas 14,3,75,10,119. sērija,62900,838.67,1,56.9021,24.08822,14.0,Bruknas iela,07/06/2019 08:01,12/06/2019 08:01
1782,Latvia,Riga,Ķengarags,Plostu 12,1,30,3,Mazģimeņu projekts,28500,950.0,1,56.90491,24.1964,12.0,Plostu iela,07/06/2019 08:01,16/06/2019 08:01
1784,Latvia,Riga,Āgenskalns,Kalnciema 81,2,52,2,Pirmskara projekts,28500,548.08,1,56.93863,24.05188,81.0,Kalnciema iela,07/06/2019 08:01,16/06/2019 08:01
1785,Latvia,Riga,Centrs,Eksporta 12,3,99,2,Renovēts,140000,1414.14,1,56.96884,24.09823,12.0,Eksporta iela,07/06/2019 08:01,16/06/2019 08:01
1786,Latvia,Riga,Centrs,Artilērijas 59,2,40,2,Pirmskara projekts,55000,1375.0,1,56.95562,24.14612,59.0,Artilērijas iela,07/06/2019 08:01,16/06/2019 08:01
1787,Latvia,Riga,Ķengarags,Maskavas 415,3,60,5,467. sērija,60500,1008.33,1,56.8994,24.20679,415.0,Maskavas iela,07/06/2019 08:01,16/06/2019 08:01
1788,Latvia,Riga,Ķengarags,Maltas 29,2,46,1,Hruščova projekts,42000,913.04,1,56.9077,24.18846,29.0,Maltas iela,07/06/2019 08:01,13/06/2019 08:01
1789,Latvia,Riga,Ķengarags,Maskavas 281,2,44,4,Čehu projekts,41000,931.82,1,56.91837,24.17392,281.0,Maskavas iela,07/06/2019 08:01,14/06/2019 08:01
1790,Latvia,Riga,Ķengarags,Lokomotīves 48,2,49,3,Lietuviešu projekts,42000,857.14,1,56.90793,24.20004,48.0,Lokomotīves iela,07/06/2019 08:01,16/06/2019 08:01
1791,Latvia,Riga,Ziepniekkalns,Ozolciema 8,1,30,8,Specprojekts,34500,1150.0,1,56.89888,24.08341,8.0,Ozolciema iela,07/06/2019 08:01,16/06/2019 08:01
1792,Latvia,Riga,Pļavnieki,Keldiša 24,3,63,3,602. sērija,60000,952.38,1,56.93827,24.20877,24.0,Akadēmiķa Mstislava Keldiša iela,07/06/2019 08:01,16/06/2019 08:01
1793,Latvia,Riga,Purvciems,Braslas 53,3,87,6,Jaunais projekts,95000,1091.95,1,56.95759,24.1667,53.0,Braslas iela,07/06/2019 08:01,16/06/2019 08:01
1794,Latvia,Riga,Centrs,Miera 27,3,103,4,Pirmskara projekts,159000,1543.69,1,56.96364,24.13168,27.0,Miera iela,07/06/2019 08:01,16/06/2019 08:01
1795,Latvia,Riga,Centrs,Raiņa bulv. 31,2,80,3,Pirmskara projekts,95000,1187.5,1,56.9482,24.11852,31.0,Raiņa bulvāris,07/06/2019 08:01,16/06/2019 08:01
1796,Latvia,Riga,Maskavas priekšpilsēta,Maskavas 150,1,22,1,Pirmskara projekts,14500,659.09,1,56.93769,24.1495,150.0,Maskavas iela,07/06/2019 08:01,16/06/2019 08:01
1797,Latvia,Riga,Purvciems,Nīcgales 6,2,45,5,Lietuviešu projekts,50000,1111.11,1,56.95826,24.17557,6.0,Nīcgales iela,07/06/2019 08:01,08/06/2019 08:01
1798,Latvia,Riga,Mežciems,Biķernieku 124,3,85,3,Jaunais projekts,139500,1641.18,1,56.97033,24.1821,18.0,Biķernieku iela,07/06/2019 08:01,16/06/2019 08:01
1799,Latvia,Riga,Pļavnieki,Rudens 12,4,79,8,602. sērija,73500,930.38,1,56.93728,24.20051,12.0,Rudens iela,07/06/2019 08:01,16/06/2019 08:01
1800,Latvia,Riga,Purvciems,Varavīksnes g. 11,3,62,2,Lietuviešu projekts,55000,887.1,1,56.95143,24.20584,11.0,Varavīksnes gatve,07/06/2019 08:01,16/06/2019 08:01
1801,Latvia,Riga,Centrs,Ģertrūdes 30,5,139,3,Renovēts,339000,2438.85,1,56.95504,24.1264,30.0,Ģertrūdes iela,07/06/2019 08:01,16/06/2019 08:01
1806,Latvia,Riga,Citi,St. Rusas 7,3,73,4,Specprojekts,98800,1353.42,1,56.94353,24.09285,7.0,Staraja Rusas iela,07/06/2019 08:01,16/06/2019 08:01
1807,Latvia,Riga,Āgenskalns,St. Rusas 7,3,73,4,Specprojekts,98800,1353.42,1,56.94353,24.09285,7.0,Staraja Rusas iela,07/06/2019 08:01,16/06/2019 08:01
1809,Latvia,Riga,Sarkandaugava,Viestura pr. 55,3,63,2,Specprojekts,48800,774.6,1,57.00096,24.12737,55.0,Viestura prospekts,07/06/2019 08:01,16/06/2019 08:01
1810,Latvia,Riga,Ziepniekkalns,Līvciema 49,3,63,2,602. sērija,59000,936.51,1,56.90366,24.10221,49.0,Līvciema iela,07/06/2019 08:01,16/06/2019 08:01
1811,Latvia,Riga,Jugla,Juglas 29,2,49,3,Lietuviešu projekts,44900,916.33,1,56.9821,24.25123,29.0,Juglas iela,07/06/2019 08:01,16/06/2019 08:01
1812,Latvia,Riga,Iļģuciems,Slokas 66,2,39,1,Hruščova projekts,38500,987.18,1,56.95851,24.06115,66.0,Slokas iela,07/06/2019 08:01,16/06/2019 08:01
1814,Latvia,Riga,Centrs,Lāčplēša 96,4,105,2,Pirmskara projekts,130000,1238.1,1,56.94465,24.13275,96.0,Lāčplēša iela,07/06/2019 08:01,14/06/2019 08:01
1815,Latvia,Riga,Āgenskalns,Valentīna 16,3,63,2,Jaunais projekts,89000,1412.7,1,56.94103,24.05391,16.0,Valentīna iela,07/06/2019 08:01,16/06/2019 08:01
1817,Latvia,Riga,Pļavnieki,J. Vācieša 4,3,64,9,602. sērija,55500,867.19,1,56.93123,24.08262,4.0,Ojāra Vācieša iela,07/06/2019 08:01,16/06/2019 08:01
1818,Latvia,Riga,Pļavnieki,Saharova 7,1,41,9,Mazģimeņu projekts,37000,902.44,1,56.93562,24.20019,7.0,Andreja Saharova iela,07/06/2019 08:01,16/06/2019 08:01
1819,Latvia,Riga,Grīziņkalns,Laboratorijas 1,3,36,2,Pirmskara projekts,15000,416.67,1,56.96039,24.14587,1.0,Laboratorijas iela,07/06/2019 08:01,16/06/2019 08:01
1820,Latvia,Riga,Grīziņkalns,Laboratorijas 1,3,35,2,Pirmskara projekts,15000,428.57,1,56.96039,24.14587,1.0,Laboratorijas iela,07/06/2019 08:01,16/06/2019 08:01
1821,Latvia,Riga,Vecrīga,Jēkaba 26,3,102,4,Pirmskara projekts,174000,1705.88,1,56.9526,24.1052,26.0,Jēkaba iela,07/06/2019 08:01,16/06/2019 08:01
1822,Latvia,Riga,Centrs,Grostonas 25,4,109,12,Jaunais projekts,280000,2568.81,1,56.97221,24.1259,25.0,Grostonas iela,07/06/2019 08:01,16/06/2019 08:01
1823,Latvia,Riga,Centrs,Pērnavas 17,2,52,2,Jaunais projekts,98000,1884.62,1,56.96281,24.15189,17.0,Pērnavas iela,07/06/2019 08:01,16/06/2019 08:01
1824,Latvia,Riga,Purvciems,Purvciema 57,1,44,6,Mazģimeņu projekts,36500,829.55,1,56.95495,24.18138,57.0,Purvciema iela,07/06/2019 08:01,16/06/2019 08:01
1825,Latvia,Riga,Purvciems,Stirnu 35,4,77,7,602. sērija,85000,1103.9,1,56.96094,24.18704,35.0,Stirnu iela,07/06/2019 08:01,16/06/2019 08:01
1826,Latvia,Riga,Grīziņkalns,Laboratorijas 1,2,44,1,Pirmskara projekts,20000,454.55,1,56.96039,24.14587,1.0,Laboratorijas iela,07/06/2019 08:01,16/06/2019 08:01
1827,Latvia,Riga,Citi,Balasta d. 70,4,120,1,Specprojekts,350000,2916.67,1,56.95819,24.08464,70.0,Balasta dambis,07/06/2019 08:01,16/06/2019 08:01
1829,Latvia,Riga,Citi,Zeltiņu 58,1,43,3,Mazģimeņu projekts,36000,837.21,1,56.94573,24.17705,58.0,Zeltiņu iela,07/06/2019 08:01,16/06/2019 08:01
1830,Latvia,Riga,Krasta rajons,Rītupes 14,1,25,2,Specprojekts,12900,516.0,1,56.92962,24.17068,14.0,Rītupes iela,07/06/2019 08:01,16/06/2019 08:01
1831,Latvia,Riga,Ķengarags,Maskavas 427,1,33,7,467. sērija,32000,969.7,1,56.89849,24.20966,427.0,Maskavas iela,07/06/2019 08:01,16/06/2019 08:01
1832,Latvia,Riga,Centrs,Valdemāra 11,4,90,5,Renovēts,210000,2333.33,1,56.95563,24.1107,11.0,Krišjāņa Valdemāra iela,07/06/2019 08:01,16/06/2019 08:01
1833,Latvia,Riga,Centrs,Ģertrūdes 98,1,35,5,Pirmskara projekts,52000,1485.71,1,56.94823,24.13896,98.0,Ģertrūdes iela,07/06/2019 08:01,16/06/2019 08:01
1834,Latvia,Riga,Bolderāja,Platā 22,1,42,8,Specprojekts,30000,714.29,1,57.02598,24.04524,12.0,Platā iela,07/06/2019 08:01,16/06/2019 08:01
1835,Latvia,Riga,Pļavnieki,Saharova 7,1,41,6,Mazģimeņu projekts,34500,841.46,1,56.93562,24.20019,7.0,Andreja Saharova iela,07/06/2019 08:01,10/06/2019 08:01
1836,Latvia,Riga,Centrs,Raiņa bulv. 3,4,148,4,Renovēts,296000,2000.0,1,56.95428,24.10991,3.0,Raiņa bulvāris,07/06/2019 08:01,16/06/2019 08:01
1838,Latvia,Riga,Centrs,Raiņa bulv. 3,3,105,6,Renovēts,220500,2100.0,1,56.95428,24.10991,3.0,Raiņa bulvāris,07/06/2019 08:01,16/06/2019 08:01
1839,Latvia,Riga,Teika,Vāveres 4,4,176,3,Specprojekts,320000,1818.18,1,56.98068,24.18611,4.0,Vāveres iela,07/06/2019 08:01,16/06/2019 08:01
1840,Latvia,Riga,Centrs,Strēlnieku 7,2,52,3,Jaunais projekts,155000,2980.77,1,56.95965,24.10786,7.0,Strēlnieku iela,07/06/2019 08:01,16/06/2019 08:01
1841,Latvia,Riga,Sarkandaugava,Ozolu 5,1,38,5,Specprojekts,30000,789.47,1,56.87653,24.11427,5.0,Ozolu iela,07/06/2019 08:01,16/06/2019 08:01
1842,Latvia,Riga,Iļģuciems,Baltā 22,3,55,3,Lietuviešu projekts,42000,763.64,1,56.97045,24.06245,22.0,Baltā iela,07/06/2019 08:01,16/06/2019 08:01
1843,Latvia,Riga,Centrs,Valdemāra 11,2,70,3,Pirmskara projekts,145000,2071.43,1,56.95563,24.1107,11.0,Krišjāņa Valdemāra iela,07/06/2019 08:01,16/06/2019 08:01
1844,Latvia,Riga,Iļģuciems,Baltā 19,3,55,3,Lietuviešu projekts,63500,1154.55,1,56.97073,24.06497,19.0,Baltā iela,07/06/2019 08:01,16/06/2019 08:01
1845,Latvia,Riga,Centrs,Pērnavas 33,3,83,7,Jaunais projekts,134000,1614.46,1,56.95641,24.15318,33.0,Pērnavas iela,07/06/2019 08:01,16/06/2019 08:01
1846,Latvia,Riga,Āgenskalns,Mārupes 33,3,54,5,Hruščova projekts,52500,972.22,1,56.92854,24.07586,33.0,Mārupes iela,07/06/2019 08:01,16/06/2019 08:01
1847,Latvia,Riga,Iļģuciems,Spilves 35,1,28,2,Lietuviešu projekts,31500,1125.0,1,56.97028,24.04905,35.0,Spilves iela,07/06/2019 08:01,16/06/2019 08:01
1849,Latvia,Riga,Centrs,Ganību d. 15,2,50,1,Pirmskara projekts,80000,1600.0,1,56.97362,24.11071,15.0,Ganību dambis,07/06/2019 08:01,16/06/2019 08:01
1850,Latvia,Riga,Centrs,Cēsu 43,3,71,1,Pirmskara projekts,122999,1732.38,1,56.96632,24.14414,43.0,Cēsu iela,07/06/2019 08:01,16/06/2019 08:01
1851,Latvia,Riga,Šampēteris-Pleskodāle,Lielirbes 13,2,68,4,Jaunais projekts,90000,1323.53,1,56.93334,24.04343,13.0,Lielirbes iela,07/06/2019 08:01,16/06/2019 08:01
1852,Latvia,Riga,Sarkandaugava,Viestura pr. 55,3,97,9,Specprojekts,90000,927.84,1,57.00096,24.12737,55.0,Viestura prospekts,07/06/2019 08:01,14/06/2019 08:01
1853,Latvia,Riga,Centrs,Tallinas 86,2,35,5,Renovēts,70200,2005.71,1,56.95654,24.14794,86.0,Tallinas iela,07/06/2019 08:01,16/06/2019 08:01
1854,Latvia,Riga,Vecrīga,Pils 9,2,60,3,Pirmskara projekts,110000,1833.33,1,56.95018,24.10234,9.0,Pils iela,07/06/2019 08:01,16/06/2019 08:01
1855,Latvia,Riga,Centrs,Bruņinieku 67,4,118,3,Renovēts,164000,1389.83,1,56.9541,24.13623,67.0,Bruņinieku iela,07/06/2019 08:01,16/06/2019 08:01
1857,Latvia,Riga,Jugla,Silciema 9,2,45,1,Hruščova projekts,45000,1000.0,1,56.98679,24.23867,9.0,Silciema iela,07/06/2019 08:01,16/06/2019 08:01
1858,Latvia,Riga,Centrs,Republikas laukums 3,3,126,6,Jaunais projekts,325000,2579.37,1,56.95495,24.09919,3.0,Republikas laukums,07/06/2019 08:01,16/06/2019 08:01
1859,Latvia,Riga,Centrs,Tallinas 67,1,20,1,Pirmskara projekts,15500,775.0,1,56.95865,24.14483,67.0,Tallinas iela,07/06/2019 08:01,16/06/2019 08:01
1860,Latvia,Riga,Āgenskalns,Kristapa 22,3,58,4,Hruščova projekts,61220,1055.52,1,56.94467,24.06654,22.0,Kristapa iela,07/06/2019 08:01,16/06/2019 08:01
1861,Latvia,Riga,Centrs,Pulkv. Brieža 35,4,117,4,Jaunais projekts,216000,1846.15,1,56.96606,24.10569,35.0,Pulkveža Brieža iela,07/06/2019 08:01,16/06/2019 08:01
1862,Latvia,Riga,Imanta,Varkaļu 6,2,59,1,Jaunais projekts,69900,1184.75,1,56.96303,24.04099,6.0,Varkaļu iela,07/06/2019 08:01,16/06/2019 08:01
1863,Latvia,Riga,Centrs,Indrānu 3,3,76,1,Pirmskara projekts,119900,1577.63,1,56.96782,24.14733,3.0,Indrānu iela,07/06/2019 08:01,16/06/2019 08:01
1864,Latvia,Riga,Zolitūde,Anniņmuižas 4,1,49,16,104. sērija,49500,1010.2,1,56.94675,24.00962,4.0,Anniņmuižas iela,07/06/2019 08:01,16/06/2019 08:01
1865,Latvia,Riga,Purvciems,Ķeguma 60,1,39,4,Mazģimeņu projekts,27500,705.13,1,56.96471,24.19614,60.0,Ķeguma iela,07/06/2019 08:01,13/06/2019 08:01
1866,Latvia,Riga,Purvciems,Ķeguma 43,1,39,5,Mazģimeņu projekts,28800,738.46,1,56.96428,24.19587,43.0,Ķeguma iela,07/06/2019 08:01,16/06/2019 08:01
1867,Latvia,Riga,Vecmīlgrāvis,Kalngales 1,3,61,5,602. sērija,61000,1000.0,1,57.03827,24.09946,1.0,Kalngales iela,07/06/2019 08:01,16/06/2019 08:01
1868,Latvia,Riga,Centrs,Sermuliņu 16,2,46,1,Jaunais projekts,83965,1825.33,1,56.97102,24.10494,14.0,Sermuliņu iela,07/06/2019 08:01,11/06/2019 08:00
1870,Latvia,Riga,Teika,Vairoga 32,4,82,2,Renovēts,159800,1948.78,1,56.96893,24.17178,32.0,Vairoga iela,07/06/2019 08:01,16/06/2019 08:01
1871,Latvia,Riga,Āgenskalns,Valentīna 16,3,60,3,Jaunais projekts,98500,1641.67,1,56.94103,24.05391,16.0,Valentīna iela,07/06/2019 08:01,16/06/2019 08:01
1872,Latvia,Riga,Citi,Rēzeknes 27,5,160,2,Specprojekts,130000,812.5,1,56.93577,24.18852,27.0,Rēzeknes iela,07/06/2019 08:01,16/06/2019 08:01
1875,Latvia,Riga,Ķengarags,Maskavas 250,1,31,5,Hruščova projekts,26000,838.71,1,56.91633,24.17035,250.0,Maskavas iela,07/06/2019 08:01,16/06/2019 08:01
1876,Latvia,Riga,Ziepniekkalns,Vienības g. 192,2,57,1,Jaunais projekts,89900,1577.19,1,56.90022,24.0824,192.0,Vienības gatve,07/06/2019 08:01,16/06/2019 08:01
1877,Latvia,Riga,Āgenskalns,Mūkusalas 29,2,84,2,Renovēts,130000,1547.62,1,56.93695,24.10156,29.0,Mūkusalas iela,07/06/2019 08:01,16/06/2019 08:01
1878,Latvia,Riga,Purvciems,Stārķu 4,2,46,1,Jaunais projekts,81000,1760.87,1,56.9662,24.16899,4.0,Stārķu iela,07/06/2019 08:01,16/06/2019 08:01
1879,Latvia,Riga,Šampēteris-Pleskodāle,Zasulauka 13,4,81,1,Jaunais projekts,133000,1641.98,1,56.94114,24.04184,13.0,Zasulauka iela,07/06/2019 08:01,16/06/2019 08:01
1880,Latvia,Riga,Sarkandaugava,Limbažu 9,2,41,1,Hruščova projekts,33000,804.88,1,57.00034,24.12435,9.0,Limbažu iela,07/06/2019 08:01,16/06/2019 08:01
1882,Latvia,Riga,Centrs,Pulkv. Brieža 35,2,59,7,Jaunais projekts,131000,2220.34,1,56.96606,24.10569,35.0,Pulkveža Brieža iela,07/06/2019 08:01,16/06/2019 08:01
1883,Latvia,Riga,Centrs,Pulkv. Brieža 35,3,76,4,Jaunais projekts,177000,2328.95,1,56.96606,24.10569,35.0,Pulkveža Brieža iela,07/06/2019 08:01,16/06/2019 08:01
1884,Latvia,Riga,Centrs,Pulkv. Brieža 35,1,41,3,Jaunais projekts,80200,1956.1,1,56.96606,24.10569,35.0,Pulkveža Brieža iela,07/06/2019 08:01,16/06/2019 08:01
1885,Latvia,Riga,Citi,Krūzes 13,4,62,1,Pirmskara projekts,35000,564.52,1,56.93529,24.05551,13.0,Krūzes iela,07/06/2019 08:01,16/06/2019 08:01
1886,Latvia,Riga,Centrs,Tallinas 86,3,60,2,Renovēts,125000,2083.33,1,56.95654,24.14794,86.0,Tallinas iela,07/06/2019 08:01,16/06/2019 08:01
1888,Latvia,Riga,Centrs,Vaļņu 35,3,65,3,Pirmskara projekts,155000,2384.62,1,56.9472,24.11332,35.0,Vaļņu iela,07/06/2019 08:01,16/06/2019 08:01
1889,Latvia,Riga,Iļģuciems,Lidoņu 9,2,50,5,Lietuviešu projekts,41200,824.0,1,56.9713,24.06681,9.0,Lidoņu iela,07/06/2019 08:01,16/06/2019 08:01
1890,Latvia,Riga,Ziepniekkalns,Komētas 15,3,76,3,Jaunais projekts,117900,1551.32,1,56.91477,24.13237,15.0,Komētas iela,07/06/2019 08:01,16/06/2019 08:01
1891,Latvia,Riga,Centrs,Valdemāra 106,2,58,3,Staļina projekts,84000,1448.28,1,56.97216,24.13495,106.0,Krišjāņa Valdemāra iela,07/06/2019 08:01,16/06/2019 08:01
1892,Latvia,Riga,Citi,Stopiņu 14,3,82,1,Jaunais projekts,91500,1115.85,1,56.94868,24.16925,14.0,Stopiņu iela,07/06/2019 08:01,16/06/2019 08:01
1893,Latvia,Riga,Vecmīlgrāvis,Emmas 28,1,16,4,Renovēts,21800,1362.5,1,57.03219,24.11679,28.0,Emmas iela,07/06/2019 08:01,16/06/2019 08:01
1895,Latvia,Riga,Ķengarags,Maskavas 313,1,36,8,Čehu projekts,28000,777.78,1,56.90932,24.18292,313.0,Maskavas iela,07/06/2019 08:01,07/06/2019 08:01
1896,Latvia,Riga,Centrs,Valdemāra 106,2,47,1,Staļina projekts,64900,1380.85,1,56.97216,24.13495,106.0,Krišjāņa Valdemāra iela,07/06/2019 08:01,16/06/2019 08:01
1897,Latvia,Riga,Maskavas priekšpilsēta,Jēkabpils 9,1,33,3,Pirmskara projekts,47000,1424.24,1,56.94288,24.13396,9.0,Jēkabpils iela,07/06/2019 08:01,16/06/2019 08:01
1898,Latvia,Riga,Centrs,Ieroču 1,2,83,5,Staļina projekts,75000,903.61,1,56.97567,24.1399,1.0,Ieroču iela,07/06/2019 08:01,16/06/2019 08:01
1900,Latvia,Riga,Purvciems,Dzelzavas 23,2,50,6,602. sērija,59000,1180.0,1,56.96027,24.17602,23.0,Dzelzavas iela,07/06/2019 08:01,16/06/2019 08:01
1901,Latvia,Riga,Bolderāja,Lemešu 15,2,49,4,Lietuviešu projekts,43000,877.55,1,57.03227,24.0532,15.0,Lemešu iela,07/06/2019 08:01,16/06/2019 08:01
1902,Latvia,Riga,Purvciems,Kalsnavas 1,1,32,1,602. sērija,32500,1015.63,1,56.95358,24.17078,1.0,Kalsnavas iela,07/06/2019 08:01,16/06/2019 08:01
1903,Latvia,Riga,Imanta,Progresa 3,3,86,3,Jaunais projekts,155000,1802.33,1,56.95373,24.03266,3.0,Progresa iela,07/06/2019 08:01,16/06/2019 08:01
1905,Latvia,Riga,Pļavnieki,Salnas 28,1,35,9,602. sērija,36500,1042.86,1,56.94115,24.22502,28.0,Salnas iela,07/06/2019 08:01,16/06/2019 08:01
1906,Latvia,Riga,Citi,Strautu 25,1,38,2,Mazģimeņu projekts,33000,868.42,1,56.94004,24.18759,25.0,Strautu iela,07/06/2019 08:01,16/06/2019 08:01
1907,Latvia,Riga,Purvciems,Stirnu 45,2,40,4,Lietuviešu projekts,43800,1095.0,1,56.96169,24.18929,45.0,Stirnu iela,07/06/2019 08:01,16/06/2019 08:01
1909,Latvia,Riga,Citi,Jelgavas 32,2,49,1,Pirmskara projekts,27000,551.02,1,56.93198,24.09941,32.0,Jelgavas iela,07/06/2019 08:01,16/06/2019 08:01
1911,Latvia,Riga,Purvciems,Madonas 16,2,50,1,Staļina projekts,59990,1199.8,1,56.95936,24.16921,16.0,Madonas iela,07/06/2019 08:01,13/06/2019 08:01
1912,Latvia,Riga,Centrs,Upes 2,3,90,1,Staļina projekts,89500,994.44,1,56.97615,24.13978,2.0,Upes iela,07/06/2019 08:01,16/06/2019 08:01
1913,Latvia,Riga,Imanta,Anniņmuižas 38,3,93,15,Jaunais projekts,131900,1418.28,1,56.96097,24.01567,38.0,Anniņmuižas bulvāris,07/06/2019 08:01,16/06/2019 08:01
1914,Latvia,Riga,Centrs,Ganu 6,2,43,1,Pirmskara projekts,115000,2674.42,1,56.96167,24.10954,6.0,Ganu iela,07/06/2019 08:01,16/06/2019 08:01
1917,Latvia,Riga,Centrs,Artilērijas 19,4,163,4,Pirmskara projekts,285000,1748.47,1,56.95935,24.13906,19.0,Artilērijas iela,07/06/2019 08:01,16/06/2019 08:01
1918,Latvia,Riga,Pļavnieki,Jasmuižas 11,3,63,2,602. sērija,67000,1063.49,1,56.93703,24.21241,11.0,Jasmuižas iela,07/06/2019 08:01,16/06/2019 08:01
1919,Latvia,Riga,Purvciems,Dudajeva g. 4,2,48,5,Lietuviešu projekts,48000,1000.0,1,56.95758,24.1921,4.0,Džohara Dudajeva gatve,07/06/2019 08:01,11/06/2019 08:00
1920,Latvia,Riga,Ziepniekkalns,Ozolciema 20,3,86,4,Specprojekts,95000,1104.65,1,56.89914,24.08598,20.0,Ozolciema iela,07/06/2019 08:01,16/06/2019 08:01
1921,Latvia,Riga,Centrs,Valdemāra 57,3,88,3,Pirmskara projekts,200000,2272.73,1,56.96004,24.11979,57.0,Krišjāņa Valdemāra iela,07/06/2019 08:01,16/06/2019 08:01
1923,Latvia,Riga,Purvciems,Dzelzavas 13,2,41,5,Hruščova projekts,35900,875.61,1,56.96337,24.17052,13.0,Dzelzavas iela,07/06/2019 08:01,16/06/2019 08:01
1924,Latvia,Riga,Āgenskalns,Balasta d. 72,1,36,2,Pirmskara projekts,25000,694.44,1,56.9587,24.08421,72.0,Balasta dambis,07/06/2019 08:01,16/06/2019 08:01
1926,Latvia,Riga,Centrs,Briāna 16,4,90,2,Pirmskara projekts,72000,800.0,1,56.96381,24.13094,16.0,Aristida Briāna iela,07/06/2019 08:01,16/06/2019 08:01
1928,Latvia,Riga,Purvciems,Dudajeva g. 9,2,49,1,Lietuviešu projekts,42500,867.35,1,56.95735,24.19654,9.0,Džohara Dudajeva gatve,07/06/2019 08:01,16/06/2019 08:01
1929,Latvia,Riga,Maskavas priekšpilsēta,Maskavas 180,3,71,4,Staļina projekts,85000,1197.18,1,56.93215,24.16054,180.0,Maskavas iela,07/06/2019 08:01,16/06/2019 08:01
1930,Latvia,Riga,Citi,Rumbulas 1,1,38,3,467. sērija,33000,868.42,1,56.9437,24.18242,1.0,Rumbulas iela,07/06/2019 08:01,16/06/2019 08:01
1932,Latvia,Riga,Centrs,Bruņinieku 66,3,83,1,Renovēts,100000,1204.82,1,56.95288,24.1379,66.0,Bruņinieku iela,07/06/2019 08:01,16/06/2019 08:01
1933,Latvia,Riga,Āgenskalns,Buru 13,1,24,1,Pirmskara projekts,19000,791.67,1,56.93005,24.10549,13.0,Buru iela,07/06/2019 08:01,16/06/2019 08:01
1934,Latvia,Riga,Mežaparks,Viestura pr. 25,2,44,3,Specprojekts,65900,1497.73,1,56.9989,24.13027,25.0,Viestura prospekts,07/06/2019 08:01,16/06/2019 08:01
1935,Latvia,Riga,Mežaparks,Viestura pr. 25,2,44,3,Specprojekts,65900,1497.73,1,56.9989,24.13027,25.0,Viestura prospekts,07/06/2019 08:01,16/06/2019 08:01
1937,Latvia,Riga,Pļavnieki,Salnas 21,2,46,4,Jaunais projekts,69900,1519.57,1,56.94229,24.22901,21.0,Salnas iela,07/06/2019 08:01,16/06/2019 08:01
1938,Latvia,Riga,Centrs,Pulkv. Brieža 21,2,93,4,Jaunais projekts,199000,2139.78,1,56.96165,24.10496,21.0,Pulkveža Brieža iela,07/06/2019 08:01,16/06/2019 08:01
1940,Latvia,Riga,Mežaparks,Viestura pr. 55,3,99,9,Specprojekts,90000,909.09,1,57.00096,24.12737,55.0,Viestura prospekts,07/06/2019 08:01,14/06/2019 08:01
1941,Latvia,Riga,Āgenskalns,Ormaņu 3,2,49,2,Specprojekts,34000,693.88,1,56.9387,24.07026,3.0,Ormaņu iela,07/06/2019 08:01,10/06/2019 08:01
1942,Latvia,Riga,Centrs,Dzirnavu 3,2,50,5,Pirmskara projekts,98700,1974.0,1,56.96154,24.10753,3.0,Dzirnavu iela,07/06/2019 08:01,16/06/2019 08:01
1943,Latvia,Riga,Purvciems,Vējavas 12,1,44,1,Mazģimeņu projekts,41500,943.18,1,56.95726,24.16918,12.0,Vējavas iela,07/06/2019 08:01,16/06/2019 08:01
1944,Latvia,Riga,Centrs,Ausekļa 4,3,90,3,Jaunais projekts,385000,4277.78,1,56.96003,24.10037,4.0,Ausekļa iela,07/06/2019 08:01,16/06/2019 08:01
1945,Latvia,Riga,Pļavnieki,Deglava 106,3,80,2,119. sērija,73000,912.5,1,56.94811,24.19022,106.0,Augusta Deglava iela,07/06/2019 08:01,16/06/2019 08:01
1946,Latvia,Riga,Zolitūde,Ruses 16,3,75,1,119. sērija,59500,793.33,1,56.94631,24.0039,16.0,Ruses iela,07/06/2019 08:01,16/06/2019 08:01
1947,Latvia,Riga,Imanta,Kurzemes pr. 164,1,36,2,602. sērija,35000,972.22,1,56.95428,23.99813,164.0,Kurzemes prospekts,07/06/2019 08:01,12/06/2019 08:01
1948,Latvia,Riga,Zolitūde,Zolitūdes 38,2,66,7,119. sērija,67000,1015.15,1,56.94505,24.00276,38.0,Zolitūdes iela,07/06/2019 08:01,16/06/2019 08:01
1949,Latvia,Riga,Centrs,Čaka 46,2,31,2,Pirmskara projekts,36000,1161.29,1,56.95376,24.13202,46.0,Aleksandra Čaka iela,07/06/2019 08:01,10/06/2019 08:01
1950,Latvia,Riga,Ķengarags,Maskavas 250,1,31,4,Hruščova projekts,29500,951.61,1,56.91633,24.17035,250.0,Maskavas iela,07/06/2019 08:01,13/06/2019 08:01
1951,Latvia,Riga,Mežciems,Hipokrāta 37,4,74,1,602. sērija,58000,783.78,1,56.95983,24.23774,37.0,Hipokrāta iela,07/06/2019 08:01,16/06/2019 08:01
1952,Latvia,Riga,Purvciems,Burtnieku 33,1,18,2,Mazģimeņu projekts,18500,1027.78,1,56.96907,24.18228,33.0,Burtnieku iela,07/06/2019 08:01,11/06/2019 08:00
1953,Latvia,Riga,Centrs,Miesnieku 14,2,57,5,Pirmskara projekts,119800,2101.75,1,56.94917,24.10225,14.0,Miesnieku iela,07/06/2019 08:01,16/06/2019 08:01
1954,Latvia,Riga,Āgenskalns,Raņķa d. 34,2,39,13,Jaunais projekts,151321,3880.03,1,56.94846,24.07757,34.0,Raņķa dambis,07/06/2019 08:01,16/06/2019 08:01
1955,Latvia,Riga,Āgenskalns,Raņķa d. 34,3,83,9,Jaunais projekts,207322,2497.86,1,56.94846,24.07757,34.0,Raņķa dambis,07/06/2019 08:01,16/06/2019 08:01
1956,Latvia,Riga,Centrs,Ģertrūdes 9,5,169,4,Pirmskara projekts,368500,2180.47,1,56.95833,24.1215,9.0,Ģertrūdes iela,07/06/2019 08:01,16/06/2019 08:01
1957,Latvia,Riga,Teika,Vairoga 29,3,69,5,103. sērija,67000,971.01,1,56.9683,24.17291,29.0,Vairoga iela,07/06/2019 08:01,16/06/2019 08:01
1958,Latvia,Riga,Ziepniekkalns,Īslīces 3,5,140,3,119. sērija,115000,821.43,1,56.90067,24.08382,3.0,Īslīces iela,07/06/2019 08:01,16/06/2019 08:01
1959,Latvia,Riga,Imanta,Slokas 134,2,49,9,602. sērija,43900,895.92,1,56.96335,24.00855,134.0,Slokas iela,07/06/2019 08:01,16/06/2019 08:01
1960,Latvia,Riga,Ķengarags,Rasas 2,2,46,3,Lietuviešu projekts,39000,847.83,1,56.90359,24.19999,2.0,Rasas iela,07/06/2019 08:01,16/06/2019 08:01
1961,Latvia,Riga,Šampēteris-Pleskodāle,Paltmales 16,4,99,2,Pirmskara projekts,88000,888.89,1,56.92823,24.04704,16.0,Paltmales iela,07/06/2019 08:01,16/06/2019 08:01
1962,Latvia,Riga,Purvciems,Ieriķu 36,2,51,4,Hruščova projekts,55500,1088.24,1,56.96518,24.17541,36.0,Ieriķu iela,07/06/2019 08:01,16/06/2019 08:01
1963,Latvia,Riga,Citi,Ezera 1,3,75,3,Staļina projekts,60000,800.0,1,57.0187,24.12636,1.0,Ezera iela,07/06/2019 08:01,16/06/2019 08:01
1964,Latvia,Riga,Maskavas priekšpilsēta,Daugavpils 8,1,18,2,Renovēts,10950,608.33,1,56.9399,24.14119,8.0,Daugavpils iela,07/06/2019 08:01,16/06/2019 08:01
1966,Latvia,Riga,Centrs,Ģertrūdes 62,3,85,2,Pirmskara projekts,160000,1882.35,1,56.95116,24.13366,62.0,Ģertrūdes iela,07/06/2019 08:01,16/06/2019 08:01
1967,Latvia,Riga,Centrs,Hospitāļu 23,3,121,3,Jaunais projekts,222000,1834.71,1,56.9717,24.13669,23.0,Hospitāļu iela,07/06/2019 08:01,16/06/2019 08:01
1968,Latvia,Riga,Centrs,Valdemāra 41,3,65,4,Jaunais projekts,168000,2584.62,1,56.95875,24.11747,41.0,Krišjāņa Valdemāra iela,07/06/2019 08:01,16/06/2019 08:01
1969,Latvia,Riga,Bolderāja,Lielupes 68,2,50,4,Lietuviešu projekts,35000,700.0,1,57.03111,24.05747,68.0,Lielupes iela,07/06/2019 08:01,16/06/2019 08:01
1970,Latvia,Riga,Centrs,Čaka 46,3,81,4,Pirmskara projekts,111000,1370.37,1,56.95376,24.13202,46.0,Aleksandra Čaka iela,07/06/2019 08:01,16/06/2019 08:01
1971,Latvia,Riga,Centrs,Ģertrūdes 104,3,80,2,Pirmskara projekts,128000,1600.0,1,56.95059,24.13471,68.0,Ģertrūdes iela,07/06/2019 08:01,16/06/2019 08:01
1972,Latvia,Riga,Sarkandaugava,Limbažu 9,2,41,4,Hruščova projekts,49000,1195.12,1,57.00034,24.12435,9.0,Limbažu iela,07/06/2019 08:01,16/06/2019 08:01
1973,Latvia,Riga,Citi,Zeltiņu 15,3,60,8,602. sērija,56700,945.0,1,56.94781,24.16726,15.0,Zeltiņu iela,07/06/2019 08:01,16/06/2019 08:01
1974,Latvia,Riga,Purvciems,Stirnu 1,2,63,4,Jaunais projekts,99500,1579.37,1,56.95812,24.18393,1.0,Stirnu iela,07/06/2019 08:01,16/06/2019 08:01
1976,Latvia,Riga,Centrs,Lāčplēša 11,3,93,5,Jaunais projekts,397950,4279.03,1,56.95701,24.12041,11.0,Lāčplēša iela,07/06/2019 08:01,16/06/2019 08:01
1977,Latvia,Riga,Centrs,Valdemāra 69,1,15,2,Renovēts,29990,1999.33,1,56.96186,24.12278,69.0,Krišjāņa Valdemāra iela,07/06/2019 08:01,16/06/2019 08:01
1978,Latvia,Riga,Centrs,Valdemāra 69,2,33,1,Renovēts,55990,1696.67,1,56.96186,24.12278,69.0,Krišjāņa Valdemāra iela,07/06/2019 08:01,16/06/2019 08:01
1979,Latvia,Riga,Centrs,Lāčplēša 11,2,66,2,Jaunais projekts,238680,3616.36,1,56.95701,24.12041,11.0,Lāčplēša iela,07/06/2019 08:01,16/06/2019 08:01
1980,Latvia,Riga,Purvciems,Brantkalna 3,4,92,2,119. sērija,73500,798.91,1,56.95007,24.19145,3.0,Detlava Brantkalna iela,07/06/2019 08:01,16/06/2019 08:01
1981,Latvia,Riga,Mežciems,Eizenšteina 79,3,63,5,602. sērija,63200,1003.17,1,56.96121,24.23422,79.0,Sergeja Eizenšteina iela,07/06/2019 08:01,16/06/2019 08:01
1982,Latvia,Riga,Citi,Rusova 26,1,41,5,Mazģimeņu projekts,33500,817.07,1,56.98702,24.17171,26.0,Rusova iela,07/06/2019 08:01,10/06/2019 08:01
1985,Latvia,Riga,Ķengarags,Prūšu 4,2,43,2,Jaunais projekts,53550,1245.35,1,56.89123,24.03524,4.0,Prūšu iela,07/06/2019 08:01,16/06/2019 08:01
1986,Latvia,Riga,Centrs,Grēcinieku 26,2,77,2,Renovēts,228000,2961.04,1,56.94659,24.10742,26.0,Grēcinieku iela,07/06/2019 08:01,16/06/2019 08:01
1987,Latvia,Riga,Citi,Laimas 5,3,69,2,Privātmāja,85000,1231.88,1,56.99565,24.27144,5.0,Laimas iela,07/06/2019 08:01,16/06/2019 08:01
1988,Latvia,Riga,Centrs,Noliktavas 1,5,122,1,Pirmskara projekts,185000,1516.39,1,56.95292,24.10287,1.0,Noliktavas iela,07/06/2019 08:01,16/06/2019 08:01
1991,Latvia,Riga,Maskavas priekšpilsēta,Katoļu 9,1,30,4,Renovēts,48450,1615.0,1,56.94148,24.13706,9.0,Katoļu iela,07/06/2019 08:01,16/06/2019 08:01
1994,Latvia,Riga,Ziepniekkalns,Valdeķu 52,1,35,1,602. sērija,36000,1028.57,1,56.90314,24.09699,52.0,Valdeķu iela,07/06/2019 08:01,16/06/2019 08:01
1995,Latvia,Riga,Āgenskalns,Auces 2,2,52,1,Pirmskara projekts,35000,673.08,1,56.94266,24.08142,2.0,Auces iela,07/06/2019 08:01,16/06/2019 08:01
1996,Latvia,Riga,Purvciems,Pūces 43,2,108,5,Jaunais projekts,155000,1435.19,1,56.95307,24.18944,43.0,Pūces iela,07/06/2019 08:01,16/06/2019 08:01
1998,Latvia,Riga,Centrs,Ganību d. 15,1,31,4,Pirmskara projekts,44900,1448.39,1,56.97362,24.11071,15.0,Ganību dambis,07/06/2019 08:01,16/06/2019 08:01
1999,Latvia,Riga,Centrs,Duntes 28,2,52,9,Jaunais projekts,85000,1634.62,1,56.98778,24.13353,28.0,Duntes iela,07/06/2019 08:01,16/06/2019 08:01
2000,Latvia,Riga,Pļavnieki,Saharova 7,1,40,9,Mazģimeņu projekts,38500,962.5,1,56.93562,24.20019,7.0,Andreja Saharova iela,07/06/2019 08:01,13/06/2019 08:01
2001,Latvia,Riga,Centrs,Matīsa 89,2,51,5,Pirmskara projekts,53500,1049.02,1,56.95203,24.14445,89.0,Matīsa iela,07/06/2019 08:01,16/06/2019 08:01
2002,Latvia,Riga,Jugla,Kvēles 33,2,45,1,Hruščova projekts,39900,886.67,1,56.98323,24.24612,33.0,Kvēles iela,07/06/2019 08:01,16/06/2019 08:01
2003,Latvia,Riga,Vecmīlgrāvis,Meldru 20,3,56,5,Lietuviešu projekts,40100,716.07,1,57.03203,24.09698,20.0,Meldru iela,07/06/2019 08:01,16/06/2019 08:01
2004,Latvia,Riga,Centrs,Klijānu 16,3,66,7,Jaunais projekts,110000,1666.67,1,56.97133,24.14974,21.0,Klijānu iela,07/06/2019 08:01,16/06/2019 08:01
2005,Latvia,Riga,Imanta,Dammes 38,2,50,6,602. sērija,45000,900.0,1,56.96621,24.01156,38.0,Dammes iela,07/06/2019 08:01,16/06/2019 08:01
2006,Latvia,Riga,Ziepniekkalns,Valdeķu 50,4,79,3,602. sērija,89500,1132.91,1,56.90326,24.09554,50.0,Valdeķu iela,07/06/2019 08:01,16/06/2019 08:01
2007,Latvia,Riga,Centrs,Zaļā 4,3,93,7,Specprojekts,180000,1935.48,1,56.95862,24.11428,4.0,Zaļā iela,07/06/2019 08:01,16/06/2019 08:01
2008,Latvia,Riga,Ziepniekkalns,Ziepniekkalna 64,4,135,1,Jaunais projekts,145000,1074.07,1,56.89921,24.13813,64.0,Ziepniekkalna iela,07/06/2019 08:01,16/06/2019 08:01
2009,Latvia,Riga,Zolitūde,Bieziņa 9,1,46,7,119. sērija,42000,913.04,1,56.94591,24.02282,9.0,Aleksandra Bieziņa iela,07/06/2019 08:01,16/06/2019 08:01
2011,Latvia,Riga,Centrs,Čaka 46,4,103,2,Pirmskara projekts,135000,1310.68,1,56.95376,24.13202,46.0,Aleksandra Čaka iela,07/06/2019 08:01,16/06/2019 08:01
2012,Latvia,Riga,Centrs,Lāčplēša 47,5,91,2,Pirmskara projekts,80000,879.12,1,56.95269,24.12884,47.0,Lāčplēša iela,07/06/2019 08:01,16/06/2019 08:01
2013,Latvia,Riga,Centrs,Čaka 46,1,20,3,Pirmskara projekts,26000,1300.0,1,56.95376,24.13202,46.0,Aleksandra Čaka iela,07/06/2019 08:01,16/06/2019 08:01
2014,Latvia,Riga,Citi,Balasta d. 72,2,89,4,Jaunais projekts,252500,2837.08,1,56.9587,24.08421,72.0,Balasta dambis,07/06/2019 08:01,16/06/2019 08:01
2015,Latvia,Riga,Imanta,Dammes 32,3,62,8,602. sērija,54000,870.97,1,56.96472,24.01102,32.0,Dammes iela,07/06/2019 08:01,16/06/2019 08:01
2016,Latvia,Riga,Purvciems,Deglava 55,2,59,2,119. sērija,59500,1008.47,1,56.95083,24.17668,55.0,Augusta Deglava iela,07/06/2019 08:01,16/06/2019 08:01
2017,Latvia,Riga,Bolderāja,Lielupes 60,3,67,5,Lietuviešu projekts,51000,761.19,1,57.03153,24.05707,60.0,Lielupes iela,07/06/2019 08:01,16/06/2019 08:01
2018,Latvia,Riga,Āgenskalns,Smiļģa 20,2,43,5,Pirmskara projekts,76500,1779.07,1,56.93981,24.07913,20.0,Eduarda Smiļģa iela,07/06/2019 08:01,16/06/2019 08:01
2019,Latvia,Riga,Centrs,Vesetas 26,3,76,10,Jaunais projekts,175000,2302.63,1,56.96983,24.12868,26.0,Vesetas iela,07/06/2019 08:01,16/06/2019 08:01
2020,Latvia,Riga,Daugavgrīva,Birzes 28,1,33,1,Čehu projekts,28000,848.48,1,57.03828,24.03184,28.0,Birzes iela,07/06/2019 08:01,16/06/2019 08:01
2021,Latvia,Riga,Zolitūde,Bieziņa 3,4,90,2,119. sērija,89000,988.89,1,56.9445,24.01741,3.0,Aleksandra Bieziņa iela,07/06/2019 08:01,16/06/2019 08:01
2022,Latvia,Riga,Centrs,Vesetas 26,1,40,2,Jaunais projekts,95000,2375.0,1,56.96983,24.12868,26.0,Vesetas iela,07/06/2019 08:01,16/06/2019 08:01
2023,Latvia,Riga,Purvciems,Ūnijas 68,3,70,5,Specprojekts,85000,1214.29,1,56.96195,24.18172,68.0,Ūnijas iela,07/06/2019 08:01,16/06/2019 08:01
2024,Latvia,Riga,Imanta,Rigondas g. 1,1,33,9,Čehu projekts,32500,984.85,1,56.96429,24.01755,1.0,Rigondas gatve,07/06/2019 08:01,16/06/2019 08:01
2025,Latvia,Riga,Purvciems,Ķeguma 43,1,39,3,Mazģimeņu projekts,41500,1064.1,1,56.96428,24.19587,43.0,Ķeguma iela,07/06/2019 08:01,16/06/2019 08:01
2026,Latvia,Riga,Pļavnieki,Tīnūžu 7,1,40,7,Mazģimeņu projekts,36000,900.0,1,56.93448,24.20924,7.0,Tīnūžu iela,07/06/2019 08:01,16/06/2019 08:01
2027,Latvia,Riga,Imanta,Rigondas g. 6,2,52,3,602. sērija,46000,884.62,1,56.96542,24.02029,6.0,Rigondas gatve,07/06/2019 08:01,16/06/2019 08:01
2028,Latvia,Riga,Purvciems,Kurmju 7,2,48,2,Staļina projekts,41500,864.58,1,56.95357,24.18575,7.0,Kurmju iela,07/06/2019 08:01,16/06/2019 08:01
2029,Latvia,Riga,Centrs,Tallinas 86,3,60,2,Renovēts,125000,2083.33,1,56.95654,24.14794,86.0,Tallinas iela,07/06/2019 08:01,16/06/2019 08:01
2030,Latvia,Riga,Centrs,Pulkv. Brieža 7,2,58,4,Renovēts,119000,2051.72,1,56.95985,24.10527,7.0,Pulkveža Brieža iela,07/06/2019 08:01,16/06/2019 08:01
2031,Latvia,Riga,Maskavas priekšpilsēta,Jēkabpils 15,3,36,3,Pirmskara projekts,28000,777.78,1,56.94344,24.13553,15.0,Jēkabpils iela,07/06/2019 08:01,16/06/2019 08:01
2032,Latvia,Riga,Pļavnieki,Rembates 8,2,53,4,Jaunais projekts,82000,1547.17,1,56.94105,24.2299,8.0,Rembates iela,07/06/2019 08:01,11/06/2019 08:00
2035,Latvia,Riga,Ziepniekkalns,Komētas 22,3,77,1,Jaunais projekts,119000,1545.45,1,56.91445,24.13248,13.0,Komētas iela,07/06/2019 08:01,16/06/2019 08:01
2036,Latvia,Riga,Centrs,Merķeļa 17,1,40,5,Renovēts,99500,2487.5,1,56.95141,24.11619,17.0,Merķeļa iela,07/06/2019 08:01,16/06/2019 08:01
2037,Latvia,Riga,Centrs,Ģertrūdes 30,5,139,3,Pirmskara projekts,339000,2438.85,1,56.95504,24.1264,30.0,Ģertrūdes iela,07/06/2019 08:01,16/06/2019 08:01
2038,Latvia,Riga,Imanta,Rigondas g. 10,1,32,1,602. sērija,38500,1203.13,1,56.96571,24.02289,10.0,Rigondas gatve,07/06/2019 08:01,16/06/2019 08:01
2041,Latvia,Riga,Purvciems,Upeņu 17,3,82,3,Jaunais projekts,148000,1804.88,1,56.95998,24.19168,17.0,Upeņu iela,07/06/2019 08:01,16/06/2019 08:01
2042,Latvia,Riga,Ķengarags,Lokomotīves 96,2,45,4,Lietuviešu projekts,45500,1011.11,1,56.90083,24.21307,96.0,Lokomotīves iela,07/06/2019 08:01,16/06/2019 08:01
2043,Latvia,Riga,Citi,Jaunciema g. 1,2,47,1,Specprojekts,26500,563.83,1,57.00062,24.26856,1.0,Jaunciema gatve,07/06/2019 08:01,16/06/2019 08:01
2045,Latvia,Riga,Ķengarags,Bultu 3,4,79,8,467. sērija,72000,911.39,1,56.95423,24.00557,3.0,Dubultu iela,07/06/2019 08:01,16/06/2019 08:01
2046,Latvia,Riga,Mežaparks,Ezermalas 2,1,32,10,Specprojekts,43000,1343.75,1,56.99268,24.19243,2.0,Ezermalas iela,07/06/2019 08:01,16/06/2019 08:01
2047,Latvia,Riga,Zolitūde,Apuzes 13,3,74,1,Jaunais projekts,114500,1547.3,1,56.93531,24.02879,13.0,Apuzes iela,07/06/2019 08:01,16/06/2019 08:01
2048,Latvia,Riga,Mežaparks,Ezermalas 2,1,31,1,Čehu projekts,40000,1290.32,1,56.99268,24.19243,2.0,Ezermalas iela,07/06/2019 08:01,16/06/2019 08:01
2049,Latvia,Riga,Imanta,Dammes 13,3,63,6,602. sērija,53000,841.27,1,56.96181,24.01072,13.0,Dammes iela,07/06/2019 08:01,16/06/2019 08:01
2050,Latvia,Riga,Grīziņkalns,Zvaigžņu 24,1,20,3,Pirmskara projekts,40000,2000.0,1,56.96071,24.15008,24.0,Zvaigžņu iela,07/06/2019 08:01,16/06/2019 08:01
2053,Latvia,Riga,Centrs,Miera 93,4,79,5,Jaunais projekts,148000,1873.42,1,56.97335,24.14157,93.0,Miera iela,07/06/2019 08:01,16/06/2019 08:01
2054,Latvia,Riga,Āgenskalns,Mūkusalas 29,3,121,2,Jaunais projekts,215000,1776.86,1,56.93695,24.10156,29.0,Mūkusalas iela,07/06/2019 08:01,16/06/2019 08:01
2055,Latvia,Riga,Mežciems,Biķernieku 124,3,110,1,Jaunais projekts,130000,1181.82,1,56.97033,24.1821,18.0,Biķernieku iela,07/06/2019 08:01,16/06/2019 08:01
2056,Latvia,Riga,Āgenskalns,Mūkusalas 25,2,49,3,Jaunais projekts,114000,2326.53,1,56.93753,24.10056,25.0,Mūkusalas iela,07/06/2019 08:01,16/06/2019 08:01
2057,Latvia,Riga,Āgenskalns,Mūkusalas 25,2,49,2,Jaunais projekts,109000,2224.49,1,56.93753,24.10056,25.0,Mūkusalas iela,07/06/2019 08:01,16/06/2019 08:01
2058,Latvia,Riga,Imanta,Dammes 32,4,76,2,602. sērija,79000,1039.47,1,56.96472,24.01102,32.0,Dammes iela,07/06/2019 08:01,14/06/2019 08:01
2060,Latvia,Riga,Daugavgrīva,Lēpju 5,3,60,5,Specprojekts,45000,750.0,1,57.04141,24.02744,5.0,Lēpju iela,07/06/2019 08:01,16/06/2019 08:01
2061,Latvia,Riga,Centrs,Lāčplēša 126,2,61,6,Jaunais projekts,114680,1880.0,1,56.96149,24.1387,36.0,Lāčplēša iela,07/06/2019 08:01,16/06/2019 08:01
2062,Latvia,Riga,Sarkandaugava,Limbažu 4,3,56,5,Hruščova projekts,45800,817.86,1,57.00016,24.12116,4.0,Limbažu iela,07/06/2019 08:01,16/06/2019 08:01
2063,Latvia,Riga,Mežaparks,Ezermalas 19,3,65,5,Specprojekts,65000,1000.0,1,57.00009,24.1694,19.0,Ezermalas iela,07/06/2019 08:01,09/06/2019 08:01
2064,Latvia,Riga,Pļavnieki,Pavasara g. 5,3,62,6,602. sērija,62000,1000.0,1,56.93521,24.19923,5.0,Pavasara gatve,07/06/2019 08:01,16/06/2019 08:01
2065,Latvia,Riga,Vecmīlgrāvis,Meldru 14,3,57,4,Lietuviešu projekts,62000,1087.72,1,57.03089,24.09831,14.0,Meldru iela,07/06/2019 08:01,16/06/2019 08:01
2066,Latvia,Riga,Purvciems,Ūnijas 34,2,40,1,Specprojekts,24690,617.25,1,56.96658,24.17308,34.0,Ūnijas iela,07/06/2019 08:01,16/06/2019 08:01
2067,Latvia,Riga,Purvciems,Rubeņu 9,2,24,1,Specprojekts,17790,741.25,1,56.96545,24.18084,9.0,Rubeņu iela,07/06/2019 08:01,16/06/2019 08:01
2068,Latvia,Riga,Mežciems,Kaivas 50,2,48,5,Jaunais projekts,58950,1228.13,1,56.95557,24.24257,50.0,Kaivas iela,07/06/2019 08:01,16/06/2019 08:01
2069,Latvia,Riga,Ķengarags,Bultu 7,1,30,5,Čehu projekts,30800,1026.67,1,56.91058,24.19616,7.0,Bultu iela,07/06/2019 08:01,16/06/2019 08:01
2070,Latvia,Riga,Centrs,Dzirnavu 66,3,59,4,Pirmskara projekts,93000,1576.27,1,56.95314,24.12142,66.0,Dzirnavu iela,07/06/2019 08:01,16/06/2019 08:01
2074,Latvia,Riga,Iļģuciems,Grīvas 3,1,30,5,Hruščova projekts,22000,733.33,1,56.96544,24.05135,3.0,Grīvas iela,07/06/2019 08:01,14/06/2019 08:01
2075,Latvia,Riga,Ķengarags,Ikšķiles 1,1,27,3,Specprojekts,25000,925.93,1,56.90146,24.20581,1.0,Ikšķiles iela,07/06/2019 08:01,16/06/2019 08:01
2076,Latvia,Riga,Imanta,M. Krūmu 10,3,62,3,602. sērija,62000,1000.0,1,56.95917,24.00423,10.0,Mazā Krūmu iela,07/06/2019 08:01,16/06/2019 08:01
2077,Latvia,Riga,Jugla,Silciema 5,3,58,2,Hruščova projekts,50700,874.14,1,56.98777,24.23815,5.0,Silciema iela,07/06/2019 08:01,16/06/2019 08:01
2078,Latvia,Riga,Teika,Ropažu 60,3,62,3,Staļina projekts,69500,1120.97,1,56.9805,24.18002,60.0,Ropažu iela,07/06/2019 08:01,16/06/2019 08:01
2080,Latvia,Riga,Purvciems,Madonas 25,4,97,8,119. sērija,82000,845.36,1,56.96054,24.1719,25.0,Madonas iela,07/06/2019 08:01,16/06/2019 08:01
2081,Latvia,Riga,Ķengarags,Višķu 17,2,45,2,Lietuviešu projekts,46500,1033.33,1,56.89973,24.21428,17.0,Višķu iela,07/06/2019 08:01,16/06/2019 08:01
2091,Latvia,Riga,Jugla,Brīvības 411,2,40,5,Hruščova projekts,47000,1175.0,1,56.9905,24.24205,411.0,Brīvības gatve,07/06/2019 08:01,16/06/2019 08:01
2093,Latvia,Riga,Āgenskalns,Valentīna 16,3,63,2,Jaunais projekts,89000,1412.7,1,56.94103,24.05391,16.0,Valentīna iela,07/06/2019 08:01,16/06/2019 08:01
2094,Latvia,Riga,Centrs,Timoteja 1,3,57,2,Pirmskara projekts,79500,1394.74,1,56.94462,24.12254,1.0,Timoteja iela,07/06/2019 08:01,16/06/2019 08:01
2095,Latvia,Riga,Ķengarags,Maskavas 417,2,51,7,467. sērija,48750,955.88,1,56.9002,24.20812,417.0,Maskavas iela,07/06/2019 08:01,09/06/2019 08:01
2096,Latvia,Riga,Centrs,Marijas 15,4,92,5,Pirmskara projekts,133755,1453.86,1,56.9503,24.12409,15.0,Marijas iela,07/06/2019 08:01,16/06/2019 08:01
2097,Latvia,Riga,Centrs,Vesetas 26,3,64,8,Jaunais projekts,135000,2109.38,1,56.96983,24.12868,26.0,Vesetas iela,07/06/2019 08:01,16/06/2019 08:01
2098,Latvia,Riga,Āgenskalns,Liepājas 2,3,102,4,Jaunais projekts,204000,2000.0,1,56.93287,24.07694,2.0,Liepājas iela,07/06/2019 08:01,16/06/2019 08:01
2099,Latvia,Riga,Centrs,Vesetas 26,3,67,5,Jaunais projekts,138000,2059.7,1,56.96983,24.12868,26.0,Vesetas iela,07/06/2019 08:01,16/06/2019 08:01
2100,Latvia,Riga,Mežaparks,Kokneses pr. 4,2,57,7,Jaunais projekts,105000,1842.11,1,56.99477,24.16436,4.0,Kokneses prospekts,07/06/2019 08:01,16/06/2019 08:01
2101,Latvia,Riga,Centrs,Vesetas 26,3,58,4,Jaunais projekts,120000,2068.97,1,56.96983,24.12868,26.0,Vesetas iela,07/06/2019 08:01,16/06/2019 08:01
2102,Latvia,Riga,Sarkandaugava,Limbažu 9,2,41,1,Hruščova projekts,25700,626.83,1,57.00034,24.12435,9.0,Limbažu iela,07/06/2019 08:01,16/06/2019 08:01
2104,Latvia,Riga,Pļavnieki,Dravnieku 13,3,63,5,602. sērija,64500,1023.81,1,56.94415,24.21536,13.0,Dravnieku iela,07/06/2019 08:01,16/06/2019 08:01
2105,Latvia,Riga,Āgenskalns,Dzirciema 31,2,52,1,Jaunais projekts,85995,1653.75,1,56.9554,24.05232,31.0,Dzirciema iela,07/06/2019 08:01,16/06/2019 08:01
2106,Latvia,Riga,Vecrīga,Peitavas 5,3,89,2,Pirmskara projekts,170000,1910.11,1,56.94599,24.11026,5.0,Peitavas iela,07/06/2019 08:01,16/06/2019 08:01
2107,Latvia,Riga,Iļģuciems,Lilijas 14,2,63,2,Pirmskara projekts,24000,380.95,1,56.96498,24.06445,14.0,Lilijas iela,07/06/2019 08:01,16/06/2019 08:01
2108,Latvia,Riga,Vecrīga,Vāgnera 12,4,136,2,Pirmskara projekts,231000,1698.53,1,56.94875,24.11127,12.0,Riharda Vāgnera iela,07/06/2019 08:01,16/06/2019 08:01
2109,Latvia,Riga,Mežciems,Kaivas 50,3,54,5,Jaunais projekts,80900,1498.15,1,56.95557,24.24257,50.0,Kaivas iela,07/06/2019 08:01,16/06/2019 08:01
2111,Latvia,Riga,Centrs,Čaka 36,2,46,1,Pirmskara projekts,89700,1950.0,1,56.95272,24.13,36.0,Aleksandra Čaka iela,07/06/2019 08:01,16/06/2019 08:01
2112,Latvia,Riga,Centrs,Dzirnavu 157,1,33,3,Renovēts,47950,1453.03,1,56.94137,24.12721,157.0,Dzirnavu iela,07/06/2019 08:01,16/06/2019 08:01
2113,Latvia,Riga,Āgenskalns,Valentīna 16,3,62,1,Renovēts,99000,1596.77,1,56.94103,24.05391,16.0,Valentīna iela,07/06/2019 08:01,16/06/2019 08:01
2114,Latvia,Riga,Šampēteris-Pleskodāle,Lielirbes 11,3,92,11,Jaunais projekts,149000,1619.57,1,56.93415,24.04373,11.0,Lielirbes iela,07/06/2019 08:01,16/06/2019 08:01
2115,Latvia,Riga,Krasta rajons,Zilupes 23,1,26,2,Pirmskara projekts,12000,461.54,1,56.92681,24.16973,23.0,Zilupes iela,07/06/2019 08:01,16/06/2019 08:01
2116,Latvia,Riga,Jugla,Ūdeļu 29,1,35,4,103. sērija,29900,854.29,1,56.97751,24.26572,37.0,Ūdeļu iela,07/06/2019 08:01,16/06/2019 08:01
2117,Latvia,Riga,Centrs,Dzirnavu 51,2,50,3,Pirmskara projekts,69800,1396.0,1,56.95666,24.11705,51.0,Dzirnavu iela,07/06/2019 08:01,16/06/2019 08:01
2118,Latvia,Riga,Centrs,Pulkv. Brieža 9,3,96,8,Specprojekts,176000,1833.33,1,56.9602,24.10534,9.0,Pulkveža Brieža iela,07/06/2019 08:01,12/06/2019 08:01
2119,Latvia,Riga,Āgenskalns,Liepājas 2,2,71,5,Jaunais projekts,145000,2042.25,1,56.93287,24.07694,2.0,Liepājas iela,07/06/2019 08:01,16/06/2019 08:01
2120,Latvia,Riga,Centrs,Indrānu 5,3,86,5,Jaunais projekts,183000,2127.91,1,56.96828,24.14678,5.0,Indrānu iela,07/06/2019 08:01,16/06/2019 08:01
2121,Latvia,Riga,Ziepniekkalns,Komētas 28,2,66,2,Jaunais projekts,99840,1512.73,1,56.91445,24.13248,13.0,Komētas iela,07/06/2019 08:01,16/06/2019 08:01
2122,Latvia,Riga,Citi,Ezera 21,1,16,1,Staļina projekts,12300,768.75,1,57.02162,24.13073,21.0,Ezera iela,07/06/2019 08:01,16/06/2019 08:01
2123,Latvia,Riga,Krasta rajons,Rītupes 25,3,68,1,Renovēts,77000,1132.35,1,56.92952,24.17129,25.0,Rītupes iela,07/06/2019 08:01,16/06/2019 08:01
2124,Latvia,Riga,Ķengarags,Salaspils 1,3,68,1,Renovēts,77000,1132.35,1,56.93254,24.16842,1.0,Salaspils iela,07/06/2019 08:01,16/06/2019 08:01
2125,Latvia,Riga,Krasta rajons,Rītupes 25,2,63,2,Renovēts,62000,984.13,1,56.92952,24.17129,25.0,Rītupes iela,07/06/2019 08:01,16/06/2019 08:01
2126,Latvia,Riga,Vecmīlgrāvis,Emmas 28,2,37,4,Renovēts,42300,1143.24,1,57.03219,24.11679,28.0,Emmas iela,07/06/2019 08:01,16/06/2019 08:01
2127,Latvia,Riga,Centrs,Ganību d. 15,2,45,3,Pirmskara projekts,63900,1420.0,1,56.97362,24.11071,15.0,Ganību dambis,07/06/2019 08:01,16/06/2019 08:01
2128,Latvia,Riga,Centrs,Brīvības 114,2,46,2,Pirmskara projekts,46200,1004.35,1,56.9619,24.1347,114.0,Brīvības iela,07/06/2019 08:01,16/06/2019 08:01
2129,Latvia,Riga,Centrs,Tallinas 14,2,44,5,Pirmskara projekts,69000,1568.18,1,56.96377,24.13497,14.0,Tallinas iela,07/06/2019 08:01,16/06/2019 08:01
2130,Latvia,Riga,Zolitūde,Gramzdas 19,4,90,4,119. sērija,90000,1000.0,1,56.94371,24.00822,19.0,Gramzdas iela,07/06/2019 08:01,16/06/2019 08:01
2131,Latvia,Riga,Āgenskalns,Dzirciema 31,4,96,2,Jaunais projekts,158235,1648.28,1,56.9554,24.05232,31.0,Dzirciema iela,07/06/2019 08:01,16/06/2019 08:01
2132,Latvia,Riga,Centrs,Čaka 63,4,89,4,Pirmskara projekts,109000,1224.72,1,56.95551,24.13459,63.0,Aleksandra Čaka iela,07/06/2019 08:01,16/06/2019 08:01
2133,Latvia,Riga,Jugla,Tirzas 3,1,30,4,Hruščova projekts,33400,1113.33,1,56.98859,24.2258,3.0,Tirzas iela,07/06/2019 08:01,16/06/2019 08:01
2134,Latvia,Riga,Mežciems,Eizenšteina 71,2,52,5,602. sērija,61900,1190.38,1,56.96093,24.23269,71.0,Sergeja Eizenšteina iela,07/06/2019 08:01,16/06/2019 08:01
2135,Latvia,Riga,Āgenskalns,Dzirciema 31,2,54,2,Jaunais projekts,96661,1790.02,1,56.9554,24.05232,31.0,Dzirciema iela,07/06/2019 08:01,11/06/2019 08:00
2136,Latvia,Riga,Centrs,Čaka 36,2,47,3,Renovēts,94568,2012.09,1,56.95272,24.13,36.0,Aleksandra Čaka iela,07/06/2019 08:01,16/06/2019 08:01
2137,Latvia,Riga,Pļavnieki,Rudens 12,4,77,2,602. sērija,71000,922.08,1,56.93728,24.20051,12.0,Rudens iela,07/06/2019 08:01,09/06/2019 08:01
2138,Latvia,Riga,Pļavnieki,Keldiša 28,2,51,7,602. sērija,53000,1039.22,1,56.93838,24.2094,28.0,Akadēmiķa Mstislava Keldiša iela,07/06/2019 08:01,12/06/2019 08:01
2139,Latvia,Riga,Āgenskalns,Kuģu 22,3,53,1,Hruščova projekts,70000,1320.75,1,56.94257,24.09487,22.0,Kuģu iela,07/06/2019 08:01,16/06/2019 08:01
2140,Latvia,Riga,Iļģuciems,Vaidelotes 21,2,42,3,Hruščova projekts,35500,845.24,1,56.96715,24.04937,21.0,Vaidelotes iela,07/06/2019 08:01,16/06/2019 08:01
2141,Latvia,Riga,Centrs,Indrānu 8,2,53,3,Jaunais projekts,85000,1603.77,1,56.96849,24.14662,8.0,Indrānu iela,07/06/2019 08:01,16/06/2019 08:01
2144,Latvia,Riga,Citi,Valguma 31,2,68,4,Jaunais projekts,130000,1911.76,1,56.94313,24.09104,31.0,Valguma iela,07/06/2019 08:01,16/06/2019 08:01
2145,Latvia,Riga,Citi,Bauskas 149,1,22,1,Pirmskara projekts,22500,1022.73,1,56.91445,24.14082,149.0,Bauskas iela,07/06/2019 08:01,16/06/2019 08:01
2146,Latvia,Riga,Centrs,Bruņinieku 12,3,65,3,Pirmskara projekts,163000,2507.69,1,56.95813,24.12757,12.0,Bruņinieku iela,07/06/2019 08:01,16/06/2019 08:01
2147,Latvia,Riga,Teika,Lielvārdes 9999999,2,60,1,Privātmāja,52000,866.67,1,56.97806,24.18686,4.0,Lielvārdes iela,07/06/2019 08:01,16/06/2019 08:01
2148,Latvia,Riga,Centrs,Čaka 126,1,60,1,Pirmskara projekts,108000,1800.0,1,56.96102,24.14549,126.0,Aleksandra Čaka iela,07/06/2019 08:01,16/06/2019 08:01
2149,Latvia,Riga,Imanta,Kleistu 11,3,79,5,Jaunais projekts,115000,1455.7,1,56.96316,24.02243,11.0,Kleistu iela,07/06/2019 08:01,16/06/2019 08:01
2151,Latvia,Riga,Ziepniekkalns,Dignājas 3,2,63,3,Jaunais projekts,87000,1380.95,1,56.91327,24.11924,3.0,Dignājas iela,07/06/2019 08:01,16/06/2019 08:01
2152,Latvia,Riga,Teika,Biķernieku 77,2,46,4,Specprojekts,52000,1130.43,1,56.96848,24.18811,77.0,Biķernieku iela,07/06/2019 08:01,16/06/2019 08:01
2153,Latvia,Riga,Centrs,Bruņinieku 39,3,87,4,Renovēts,217000,2494.25,1,56.95664,24.13125,39.0,Bruņinieku iela,07/06/2019 08:01,16/06/2019 08:01
2154,Latvia,Riga,Centrs,Stabu 20,2,62,4,Pirmskara projekts,95000,1532.26,1,56.95721,24.1261,20.0,Stabu iela,07/06/2019 08:01,16/06/2019 08:01
2155,Latvia,Riga,Pļavnieki,Dravnieku 13,3,63,5,602. sērija,64500,1023.81,1,56.94415,24.21536,13.0,Dravnieku iela,07/06/2019 08:01,16/06/2019 08:01
2156,Latvia,Riga,Purvciems,Sesku 63,3,77,5,119. sērija,75000,974.03,1,56.94616,24.19187,63.0,Sesku iela,07/06/2019 08:01,16/06/2019 08:01
2157,Latvia,Riga,Āgenskalns,Slokas 48,2,60,1,Specprojekts,49500,825.0,1,56.95244,24.06356,48.0,Slokas iela,07/06/2019 08:01,16/06/2019 08:01
2160,Latvia,Riga,Krasta rajons,Salacas 23,3,57,6,467. sērija,52000,912.28,1,56.92683,24.17218,23.0,Salacas iela,07/06/2019 08:01,16/06/2019 08:01
2161,Latvia,Riga,Purvciems,Ūnijas 24,3,69,1,103. sērija,79000,1144.93,1,56.96733,24.17058,24.0,Ūnijas iela,07/06/2019 08:01,16/06/2019 08:01
2163,Latvia,Riga,Teika,Vidrižu 4,3,80,1,Specprojekts,95000,1187.5,1,56.97857,24.17687,4.0,Vidrižu iela,07/06/2019 08:01,16/06/2019 08:01
2164,Latvia,Riga,Centrs,Pulkv. Brieža 9,3,108,4,Jaunais projekts,189000,1750.0,1,56.9602,24.10534,9.0,Pulkveža Brieža iela,07/06/2019 08:01,16/06/2019 08:01
2166,Latvia,Riga,Teika,Launkalnes 12,1,33,4,103. sērija,43000,1303.03,1,56.97201,24.17534,12.0,Launkalnes iela,07/06/2019 08:01,16/06/2019 08:01
2167,Latvia,Riga,Centrs,Katrīnas d. 5,3,66,5,Specprojekts,101000,1530.3,1,56.96958,24.10152,5.0,Katrīnas dambis,07/06/2019 08:01,16/06/2019 08:01
2169,Latvia,Riga,Centrs,Lāčplēša 112,4,85,5,Pirmskara projekts,30000,352.94,1,56.94178,24.12983,112.0,Lāčplēša iela,07/06/2019 08:01,16/06/2019 08:01
2170,Latvia,Riga,Centrs,Marijas 15,3,93,5,Pirmskara projekts,100000,1075.27,1,56.9503,24.12409,15.0,Marijas iela,07/06/2019 08:01,16/06/2019 08:01
2171,Latvia,Riga,Vecmīlgrāvis,Emmas 1,3,58,3,Hruščova projekts,34500,594.83,1,57.02736,24.10536,1.0,Emmas iela,07/06/2019 08:01,16/06/2019 08:01
2172,Latvia,Riga,Centrs,Ganību d. 15,4,66,2,Pirmskara projekts,96400,1460.61,1,56.97362,24.11071,15.0,Ganību dambis,07/06/2019 08:01,16/06/2019 08:01
2173,Latvia,Riga,Citi,Stopiņu 14,2,58,4,Jaunais projekts,79000,1362.07,1,56.94868,24.16925,14.0,Stopiņu iela,07/06/2019 08:01,16/06/2019 08:01
2174,Latvia,Riga,Centrs,Brīvības 47,4,107,4,Pirmskara projekts,199555,1865.0,1,56.95648,24.12133,47.0,Brīvības iela,07/06/2019 08:01,16/06/2019 08:01
2175,Latvia,Riga,Teika,Bērzpils 63,2,44,2,Staļina projekts,55000,1250.0,1,56.98454,24.19686,63.0,Bērzpils iela,07/06/2019 08:01,16/06/2019 08:01
2176,Latvia,Riga,Centrs,Visvalža 7,5,113,5,Pirmskara projekts,137000,1212.39,1,56.94791,24.13039,7.0,Visvalža iela,07/06/2019 08:01,16/06/2019 08:01
2177,Latvia,Riga,Centrs,Tallinas 69,1,22,1,Renovēts,10500,477.27,1,56.95838,24.1452,69.0,Tallinas iela,07/06/2019 08:01,11/06/2019 08:00
2178,Latvia,Riga,Purvciems,Dudajeva g. 2,2,50,5,Lietuviešu projekts,47000,940.0,1,56.959,24.19325,2.0,Džohara Dudajeva gatve,07/06/2019 08:01,16/06/2019 08:01
2180,Latvia,Riga,Jugla,Juglas 33,3,59,2,Lietuviešu projekts,49500,838.98,1,56.98124,24.25208,33.0,Juglas iela,07/06/2019 08:01,16/06/2019 08:01
2181,Latvia,Riga,Iļģuciems,Skujenes 13,2,45,2,Hruščova projekts,45000,1000.0,1,56.96279,24.04785,13.0,Skujenes iela,07/06/2019 08:01,09/06/2019 08:01
2182,Latvia,Riga,Purvciems,Ilūkstes 44,4,91,1,119. sērija,97000,1065.93,1,56.94853,24.19914,44.0,Ilūkstes iela,07/06/2019 08:01,16/06/2019 08:01
2183,Latvia,Riga,Daugavgrīva,Lēpju 5,2,36,5,Hruščova projekts,35420,983.89,1,57.04141,24.02744,5.0,Lēpju iela,07/06/2019 08:01,16/06/2019 08:01
2184,Latvia,Riga,Pļavnieki,J. Vācieša 2,3,68,12,Specprojekts,77500,1139.71,1,56.93562,24.09038,2.0,Ojāra Vācieša iela,07/06/2019 08:01,16/06/2019 08:01
2185,Latvia,Riga,Āgenskalns,Liepājas 2,2,72,4,Jaunais projekts,145000,2013.89,1,56.93287,24.07694,2.0,Liepājas iela,07/06/2019 08:01,16/06/2019 08:01
2186,Latvia,Riga,Ķengarags,Salaspils 12,2,38,4,Lietuviešu projekts,34200,900.0,1,56.92025,24.1808,12.0,Salaspils iela,07/06/2019 08:01,16/06/2019 08:01
2187,Latvia,Riga,Centrs,Lugažu 14,1,24,3,Staļina projekts,22000,916.67,1,56.97505,24.1066,14.0,Lugažu iela,07/06/2019 08:01,16/06/2019 08:01
2188,Latvia,Riga,Centrs,Skanstes 29,3,87,16,Jaunais projekts,182500,2097.7,1,56.97232,24.12367,29.0,Skanstes iela,07/06/2019 08:01,16/06/2019 08:01
2189,Latvia,Riga,Centrs,Republikas laukums 3,3,107,4,Jaunais projekts,305000,2850.47,1,56.95495,24.09919,3.0,Republikas laukums,07/06/2019 08:01,16/06/2019 08:01
2190,Latvia,Riga,Imanta,Anniņmuižas 50,3,62,5,602. sērija,68000,1096.77,1,56.95972,24.0107,50.0,Anniņmuižas bulvāris,07/06/2019 08:01,16/06/2019 08:01
2191,Latvia,Riga,Centrs,Brīvības 39,3,105,5,Pirmskara projekts,220000,2095.24,1,56.95605,24.11971,39.0,Brīvības iela,07/06/2019 08:01,16/06/2019 08:01
2192,Latvia,Riga,Pļavnieki,Ulbrokas 7,1,50,12,104. sērija,47000,940.0,1,56.94359,24.21585,7.0,Ulbrokas iela,07/06/2019 08:01,16/06/2019 08:01
2193,Latvia,Riga,Krasta rajons,Salacas 23,2,50,9,467. sērija,49000,980.0,1,56.92683,24.17218,23.0,Salacas iela,07/06/2019 08:01,16/06/2019 08:01
2194,Latvia,Riga,Ziepniekkalns,Kaplavas 5,2,81,2,Jaunais projekts,100000,1234.57,1,56.90834,24.07889,5.0,Kaplavas iela,07/06/2019 08:01,16/06/2019 08:01
2195,Latvia,Riga,Centrs,Briāna 5,2,61,2,Pirmskara projekts,140760,2307.54,1,56.96317,24.12761,5.0,Aristida Briāna iela,07/06/2019 08:01,16/06/2019 08:01
2197,Latvia,Riga,Purvciems,Varavīksnes g. 11,3,62,1,Lietuviešu projekts,62000,1000.0,1,56.95143,24.20584,11.0,Varavīksnes gatve,07/06/2019 08:01,10/06/2019 08:01
2198,Latvia,Riga,Purvciems,Raunas 36,2,37,4,Hruščova projekts,55000,1486.49,1,56.96873,24.17972,36.0,Raunas iela,07/06/2019 08:01,10/06/2019 08:01
2199,Latvia,Riga,Mežaparks,Viestura pr. 12,2,49,6,467. sērija,48500,989.8,1,57.01683,24.13192,12.0,Viestura prospekts,07/06/2019 08:01,16/06/2019 08:01
2200,Latvia,Riga,Citi,Mores 21,3,76,3,Jaunais projekts,129000,1697.37,1,57.02197,24.14286,21.0,Mores iela,07/06/2019 08:01,16/06/2019 08:01
2201,Latvia,Riga,Zolitūde,Lejiņa 7,2,56,2,119. sērija,63000,1125.0,1,56.9481,24.01923,7.0,Paula Lejiņa iela,07/06/2019 08:01,16/06/2019 08:01
2202,Latvia,Riga,Ziepniekkalns,Līvciema 10,3,73,2,Specprojekts,87500,1198.63,1,56.91071,24.0977,10.0,Līvciema iela,07/06/2019 08:01,15/06/2019 08:01
2203,Latvia,Riga,Pļavnieki,Jasmuižas 18,1,40,9,Mazģimeņu projekts,35000,875.0,1,56.93546,24.2137,18.0,Jasmuižas iela,07/06/2019 08:01,15/06/2019 08:01
2204,Latvia,Riga,Imanta,Zentenes 30,2,49,2,Lietuviešu projekts,44990,918.16,1,56.9617,24.001,30.0,Zentenes iela,07/06/2019 08:01,15/06/2019 08:01
2205,Latvia,Riga,Vecmīlgrāvis,Rīnūžu 11,2,56,5,Specprojekts,48000,857.14,1,57.03774,24.08969,11.0,Rīnūžu iela,07/06/2019 08:01,08/06/2019 08:01
2206,Latvia,Riga,Imanta,Anniņmuižas 41,3,55,13,Jaunais projekts,86900,1580.0,1,56.95966,24.01484,41.0,Anniņmuižas bulvāris,07/06/2019 08:01,14/06/2019 08:01
2207,Latvia,Riga,Daugavgrīva,Parādes 3,3,63,1,Specprojekts,40000,634.92,1,57.04151,24.03291,3.0,Parādes iela,07/06/2019 08:01,15/06/2019 08:01
2208,Latvia,Riga,Iļģuciems,Baltā 19,3,54,5,Lietuviešu projekts,50000,925.93,1,56.97073,24.06497,19.0,Baltā iela,07/06/2019 08:01,15/06/2019 08:01
2209,Latvia,Riga,Imanta,Slokas 140,2,39,4,Lietuviešu projekts,48500,1243.59,1,56.96361,24.00494,140.0,Slokas iela,07/06/2019 08:01,16/06/2019 08:01
2210,Latvia,Riga,Zolitūde,Lejiņa 3,4,90,2,119. sērija,105000,1166.67,1,56.94707,24.01368,3.0,Paula Lejiņa iela,07/06/2019 08:01,15/06/2019 08:01
2211,Latvia,Riga,Centrs,Valdemāra 53,1,44,2,Pirmskara projekts,82000,1863.64,1,56.95956,24.11897,53.0,Krišjāņa Valdemāra iela,07/06/2019 08:01,14/06/2019 08:01
2212,Latvia,Riga,Centrs,Bruņinieku 88,3,57,4,Pirmskara projekts,75000,1315.79,1,56.95029,24.14293,88.0,Bruņinieku iela,07/06/2019 08:01,15/06/2019 08:01
2213,Latvia,Riga,Purvciems,Ieriķu 66,1,38,8,Specprojekts,39000,1026.32,1,56.96488,24.18903,66.0,Ieriķu iela,07/06/2019 08:01,15/06/2019 08:01
2214,Latvia,Riga,Mežciems,Malienas 1,3,120,1,Jaunais projekts,165000,1375.0,1,56.9749,24.22808,1.0,Malienas iela,07/06/2019 08:01,15/06/2019 08:01
2215,Latvia,Riga,Mežciems,Eizenšteina 63,4,77,6,602. sērija,62000,805.19,1,56.96226,24.2347,63.0,Sergeja Eizenšteina iela,07/06/2019 08:01,16/06/2019 08:01
2217,Latvia,Riga,Centrs,Brīvības 147,2,58,6,Jaunais projekts,79000,1362.07,1,56.96547,24.14246,147.0,Brīvības iela,07/06/2019 08:01,15/06/2019 08:01
2218,Latvia,Riga,Citi,Albatrosu 20,3,73,4,Specprojekts,62500,856.16,1,57.05237,24.06823,20.0,Albatrosu iela,07/06/2019 08:01,15/06/2019 08:01
2219,Latvia,Riga,Jugla,Juglas 10,2,91,4,Jaunais projekts,140000,1538.46,1,56.98655,24.24696,10.0,Juglas iela,07/06/2019 08:01,15/06/2019 08:01
2220,Latvia,Riga,Zolitūde,Bieziņa 10,3,79,7,119. sērija,72000,911.39,1,56.9452,24.02326,10.0,Aleksandra Bieziņa iela,07/06/2019 08:01,14/06/2019 08:01
2222,Latvia,Riga,Mežciems,Hipokrāta 9,2,58,4,104. sērija,71000,1224.14,1,56.96758,24.23816,9.0,Hipokrāta iela,07/06/2019 08:01,16/06/2019 08:01
2224,Latvia,Riga,Centrs,Tērbatas 65,3,76,5,Pirmskara projekts,139000,1828.95,1,56.95819,24.13066,65.0,Tērbatas iela,07/06/2019 08:01,14/06/2019 08:01
2225,Latvia,Riga,Centrs,Tērbatas 65,2,52,5,Pirmskara projekts,95000,1826.92,1,56.95819,24.13066,65.0,Tērbatas iela,07/06/2019 08:01,14/06/2019 08:01
2226,Latvia,Riga,Teika,Biķernieku 35,1,28,2,Hruščova projekts,35500,1267.86,1,56.97089,24.17631,35.0,Biķernieku iela,07/06/2019 08:01,14/06/2019 08:01
2227,Latvia,Riga,Purvciems,Madonas 21,1,56,12,Specprojekts,51000,910.71,1,56.9609,24.171,21.0,Madonas iela,07/06/2019 08:01,14/06/2019 08:01
2228,Latvia,Riga,Āgenskalns,Valentīna 16,3,63,2,Jaunais projekts,89000,1412.7,1,56.94103,24.05391,16.0,Valentīna iela,07/06/2019 08:01,14/06/2019 08:01
2229,Latvia,Riga,Vecmīlgrāvis,Meldru 2,2,44,5,Hruščova projekts,27300,620.45,1,57.02775,24.10437,2.0,Meldru iela,07/06/2019 08:01,14/06/2019 08:01
2230,Latvia,Riga,Iļģuciems,Palangas 1,2,49,1,Lietuviešu projekts,35000,714.29,1,56.96977,24.05435,1.0,Palangas iela,07/06/2019 08:01,14/06/2019 08:01
2231,Latvia,Riga,Ķengarags,Lokomotīves 96,3,59,1,Lietuviešu projekts,43900,744.07,1,56.90083,24.21307,96.0,Lokomotīves iela,07/06/2019 08:01,14/06/2019 08:01
2232,Latvia,Riga,Sarkandaugava,Aptiekas 8,3,75,3,Staļina projekts,79600,1061.33,1,56.99669,24.12268,8.0,Aptiekas iela,07/06/2019 08:01,16/06/2019 08:01
2233,Latvia,Riga,Zolitūde,Anniņmuižas 6,1,49,12,104. sērija,52000,1061.22,1,56.94631,24.01003,6.0,Anniņmuižas iela,07/06/2019 08:01,14/06/2019 08:01
2234,Latvia,Riga,Citi,Gravas 17,2,44,4,Jaunais projekts,77000,1750.0,1,56.90475,24.22899,17.0,Gravas iela,07/06/2019 08:01,16/06/2019 08:01
2235,Latvia,Riga,Purvciems,Ilūkstes 12,2,56,1,Staļina projekts,70000,1250.0,1,56.93724,24.19578,12.0,Ilūkstes iela,07/06/2019 08:01,14/06/2019 08:01
2236,Latvia,Riga,Mežciems,Hipokrāta 21,3,63,1,602. sērija,54000,857.14,1,56.96626,24.23908,21.0,Hipokrāta iela,07/06/2019 08:01,13/06/2019 08:01
2237,Latvia,Riga,Centrs,Skolas 38,3,155,3,Pirmskara projekts,260000,1677.42,1,56.96039,24.12354,38.0,Skolas iela,07/06/2019 08:01,14/06/2019 08:01
2238,Latvia,Riga,Citi,Brīvības 446,4,130,2,Jaunais projekts,187000,1438.46,1,56.99559,24.26602,446.0,Brīvības gatve,07/06/2019 08:01,14/06/2019 08:01
2241,Latvia,Riga,Mežciems,Gaiļezera 4,3,63,4,602. sērija,63500,1007.94,1,56.96793,24.23516,4.0,Gaiļezera iela,07/06/2019 08:01,14/06/2019 08:01
2242,Latvia,Riga,Centrs,Pērnavas 33,3,54,2,Pirmskara projekts,70000,1296.3,1,56.95641,24.15318,33.0,Pērnavas iela,07/06/2019 08:01,14/06/2019 08:01
2243,Latvia,Riga,Pļavnieki,Keldiša 28,3,62,6,602. sērija,64500,1040.32,1,56.93838,24.2094,28.0,Akadēmiķa Mstislava Keldiša iela,07/06/2019 08:01,16/06/2019 08:01
2244,Latvia,Riga,Centrs,Brīvības 48,4,133,4,Pirmskara projekts,199000,1496.24,1,56.95522,24.12017,48.0,Brīvības iela,07/06/2019 08:01,14/06/2019 08:01
2246,Latvia,Riga,Centrs,Alūksnes 3,4,75,4,Pirmskara projekts,89800,1197.33,1,56.96952,24.09933,3.0,Alūksnes iela,07/06/2019 08:01,14/06/2019 08:01
2247,Latvia,Riga,Centrs,Čaka 106,3,60,5,Pirmskara projekts,73000,1216.67,1,56.95908,24.14192,106.0,Aleksandra Čaka iela,07/06/2019 08:01,14/06/2019 08:01
2249,Latvia,Riga,Citi,Rātsupītes 3,3,86,1,Jaunais projekts,115000,1337.21,1,56.9834,24.02993,3.0,Rātsupītes iela,07/06/2019 08:01,12/06/2019 08:01
2250,Latvia,Riga,Centrs,Dzirnavu 63,3,67,4,Renovēts,168000,2507.46,1,56.95486,24.12016,63.0,Dzirnavu iela,07/06/2019 08:01,14/06/2019 08:01
2251,Latvia,Riga,Iļģuciems,Lilijas 28,3,71,3,Jaunais projekts,98000,1380.28,1,56.96474,24.06009,28.0,Lilijas iela,07/06/2019 08:01,07/06/2019 08:01
2252,Latvia,Riga,Centrs,Ausekļa 20,3,51,1,Pirmskara projekts,73000,1431.37,1,56.96226,24.10049,20.0,Ausekļa iela,07/06/2019 08:01,14/06/2019 08:01
2253,Latvia,Riga,Pļavnieki,Ilūkstes 11,1,42,2,Mazģimeņu projekts,42700,1016.67,1,56.93342,24.1947,11.0,Ilūkstes iela,07/06/2019 08:01,14/06/2019 08:01
2255,Latvia,Riga,Bolderāja,Lielupes 68,3,56,1,Lietuviešu projekts,51000,910.71,1,57.03111,24.05747,68.0,Lielupes iela,07/06/2019 08:01,14/06/2019 08:01
2258,Latvia,Riga,Centrs,Tērbatas 33,4,106,3,Pirmskara projekts,148960,1405.28,1,56.95519,24.12397,33.0,Tērbatas iela,07/06/2019 08:01,09/06/2019 08:01
2260,Latvia,Riga,Āgenskalns,Valentīna 21,1,37,1,Pirmskara projekts,27000,729.73,1,56.94064,24.05448,21.0,Valentīna iela,07/06/2019 08:01,14/06/2019 08:01
2261,Latvia,Riga,Citi,Tapešu 51,2,45,5,Lietuviešu projekts,41800,928.89,1,56.95842,24.04668,51.0,Tapešu iela,07/06/2019 08:01,14/06/2019 08:01
2262,Latvia,Riga,Grīziņkalns,Lauku 5,2,35,1,Pirmskara projekts,35000,1000.0,1,56.9571,24.15024,5.0,Lauku iela,07/06/2019 08:01,14/06/2019 08:01
2263,Latvia,Riga,Āgenskalns,Vienības g. 44,5,100,2,Pirmskara projekts,44000,440.0,1,56.92549,24.09049,44.0,Vienības gatve,07/06/2019 08:01,14/06/2019 08:01
2265,Latvia,Riga,Ziepniekkalns,Dignājas 3,4,94,5,Jaunais projekts,177000,1882.98,1,56.91327,24.11924,3.0,Dignājas iela,07/06/2019 08:01,14/06/2019 08:01
2266,Latvia,Riga,Grīziņkalns,Laboratorijas 21,2,55,5,Specprojekts,78750,1431.82,1,56.95897,24.14948,21.0,Laboratorijas iela,07/06/2019 08:01,14/06/2019 08:01
2267,Latvia,Riga,Centrs,Avotu 65,1,22,1,Pirmskara projekts,26000,1181.82,1,56.95309,24.14371,65.0,Avotu iela,07/06/2019 08:01,14/06/2019 08:01
2268,Latvia,Riga,Centrs,Brīvības 91,2,49,3,Renovēts,103110,2104.29,1,56.96077,24.13144,91.0,Brīvības iela,07/06/2019 08:01,14/06/2019 08:01
2269,Latvia,Riga,Centrs,Matīsa 31,4,70,1,Pirmskara projekts,65000,928.57,1,56.95649,24.13496,31.0,Matīsa iela,07/06/2019 08:01,14/06/2019 08:01
2270,Latvia,Riga,Citi,Berģu 9,1,30,1,Hruščova projekts,23000,766.67,1,56.99791,24.27726,9.0,Berģu iela,07/06/2019 08:01,16/06/2019 08:01
2271,Latvia,Riga,Centrs,Vīlandes 18,3,78,3,Pirmskara projekts,180000,2307.69,1,56.96183,24.10225,18.0,Vīlandes iela,07/06/2019 08:01,14/06/2019 08:01
2272,Latvia,Riga,Ziepniekkalns,Īslīces 9,4,94,10,119. sērija,94000,1000.0,1,56.89938,24.08423,9.0,Īslīces iela,07/06/2019 08:01,14/06/2019 08:01
2273,Latvia,Riga,Centrs,Čaka 36,2,57,2,Pirmskara projekts,82795,1452.54,1,56.95272,24.13,36.0,Aleksandra Čaka iela,07/06/2019 08:01,14/06/2019 08:01
2274,Latvia,Riga,Maskavas priekšpilsēta,Katoļu 9,2,39,3,Renovēts,64185,1645.77,1,56.94148,24.13706,9.0,Katoļu iela,07/06/2019 08:01,14/06/2019 08:01
2275,Latvia,Riga,Maskavas priekšpilsēta,Krāslavas 14,1,18,2,Jaunais projekts,40000,2222.22,1,56.94306,24.13451,14.0,Krāslavas iela,07/06/2019 08:01,14/06/2019 08:01
2276,Latvia,Riga,Šampēteris-Pleskodāle,Lielirbes 11,3,92,13,Jaunais projekts,149000,1619.57,1,56.93415,24.04373,11.0,Lielirbes iela,07/06/2019 08:01,14/06/2019 08:01
2278,Latvia,Riga,Centrs,Pērnavas 39,1,26,2,Pirmskara projekts,31500,1211.54,1,56.95539,24.15341,39.0,Pērnavas iela,07/06/2019 08:01,14/06/2019 08:01
2279,Latvia,Riga,Purvciems,Ieriķu 33,2,47,2,Hruščova projekts,69000,1468.09,1,56.96694,24.17851,33.0,Ieriķu iela,07/06/2019 08:01,16/06/2019 08:01
2280,Latvia,Riga,Centrs,Tallinas 30,4,36,4,Pirmskara projekts,69999,1944.42,1,56.96218,24.13824,30.0,Tallinas iela,07/06/2019 08:01,14/06/2019 08:01
2283,Latvia,Riga,Vecmīlgrāvis,Emmas 28,1,18,4,Renovēts,20900,1161.11,1,57.03219,24.11679,28.0,Emmas iela,07/06/2019 08:01,14/06/2019 08:01
2284,Latvia,Riga,Centrs,Dzirnavu 6,2,48,4,Jaunais projekts,149000,3104.17,1,56.96119,24.10753,6.0,Dzirnavu iela,07/06/2019 08:01,14/06/2019 08:01
2285,Latvia,Riga,Mežciems,Hipokrāta 17,3,62,6,602. sērija,63000,1016.13,1,56.96614,24.23734,17.0,Hipokrāta iela,07/06/2019 08:01,14/06/2019 08:01
2286,Latvia,Riga,Centrs,Brīvības 183,2,56,1,Pirmskara projekts,83000,1482.14,1,56.96822,24.15038,183.0,Brīvības iela,07/06/2019 08:01,14/06/2019 08:01
2287,Latvia,Riga,Teika,Burtnieku 33,1,18,4,Mazģimeņu projekts,19900,1105.56,1,56.96907,24.18228,33.0,Burtnieku iela,07/06/2019 08:01,14/06/2019 08:01
2288,Latvia,Riga,Vecmīlgrāvis,Kalngales 11,1,40,3,Mazģimeņu projekts,33000,825.0,1,57.03985,24.1028,11.0,Kalngales iela,07/06/2019 08:01,13/06/2019 08:01
2289,Latvia,Riga,Centrs,Duntes 31,2,51,5,Pirmskara projekts,32500,637.25,1,56.99276,24.12294,31.0,Duntes iela,07/06/2019 08:01,13/06/2019 08:01
2290,Latvia,Riga,Purvciems,Madonas 2,3,66,5,Jaunais projekts,88000,1333.33,1,56.95964,24.16664,2.0,Madonas iela,07/06/2019 08:01,13/06/2019 08:01
2291,Latvia,Riga,Āgenskalns,Zeļļu 17,5,123,1,Pirmskara projekts,158000,1284.55,1,56.93504,24.07641,17.0,Zeļļu iela,07/06/2019 08:01,13/06/2019 08:01
2292,Latvia,Riga,Centrs,Rūpniecības 1,2,70,4,Renovēts,179000,2557.14,1,56.95941,24.10266,1.0,Rūpniecības iela,07/06/2019 08:01,13/06/2019 08:01
2293,Latvia,Riga,Purvciems,Lielvārdes 125,3,56,2,Renovēts,69900,1248.21,1,56.95659,24.20464,125.0,Lielvārdes iela,07/06/2019 08:01,13/06/2019 08:01
2294,Latvia,Riga,Mežaparks,Ķempes 9,3,69,1,Specprojekts,77500,1123.19,1,56.9949,24.16932,9.0,Mirdzas Ķempes iela,07/06/2019 08:01,13/06/2019 08:01
2295,Latvia,Riga,Sarkandaugava,Duntes 31,2,51,5,Pirmskara projekts,32500,637.25,1,56.99276,24.12294,31.0,Duntes iela,07/06/2019 08:01,13/06/2019 08:01
2296,Latvia,Riga,Centrs,Miera 27,3,103,4,Pirmskara projekts,159000,1543.69,1,56.96364,24.13168,27.0,Miera iela,07/06/2019 08:01,13/06/2019 08:01
2297,Latvia,Riga,Centrs,Zaubes 1,5,149,2,Pirmskara projekts,250000,1677.85,1,56.96278,24.12301,1.0,Zaubes iela,07/06/2019 08:01,13/06/2019 08:01
2299,Latvia,Riga,Āgenskalns,Valentīna 16,3,63,2,Jaunais projekts,89000,1412.7,1,56.94103,24.05391,16.0,Valentīna iela,07/06/2019 08:01,13/06/2019 08:01
2300,Latvia,Riga,Teika,Dzērbenes 1,2,45,1,Pirmskara projekts,39000,866.67,1,56.97438,24.19164,1.0,Dzērbenes iela,07/06/2019 08:01,16/06/2019 08:01
2301,Latvia,Riga,Centrs,Matīsa 69,2,62,4,Jaunais projekts,129000,2080.65,1,56.95386,24.14055,69.0,Matīsa iela,07/06/2019 08:01,16/06/2019 08:01
2304,Latvia,Riga,Vecrīga,Peldu 19,5,105,2,Pirmskara projekts,110000,1047.62,1,56.94614,24.10775,19.0,Peldu iela,07/06/2019 08:01,13/06/2019 08:01
2305,Latvia,Riga,Centrs,Ģertrūdes 135,1,25,3,Pirmskara projekts,19700,788.0,1,56.9471,24.14183,135.0,Ģertrūdes iela,07/06/2019 08:01,16/06/2019 08:01
2306,Latvia,Riga,Centrs,Čaka 36,2,49,4,Renovēts,70165,1431.94,1,56.95272,24.13,36.0,Aleksandra Čaka iela,07/06/2019 08:01,13/06/2019 08:01
2307,Latvia,Riga,Teika,Ropažu 14,2,53,3,Jaunais projekts,90000,1698.11,1,56.97618,24.16842,14.0,Ropažu iela,07/06/2019 08:01,16/06/2019 08:01
2309,Latvia,Riga,Purvciems,Purvciema 24,3,78,6,119. sērija,71200,912.82,1,56.95325,24.17288,24.0,Purvciema iela,07/06/2019 08:01,13/06/2019 08:01
2310,Latvia,Riga,Mežciems,Malienas 1,3,63,7,602. sērija,66000,1047.62,1,56.9749,24.22808,1.0,Malienas iela,07/06/2019 08:01,10/06/2019 08:01
2311,Latvia,Riga,Centrs,Čaka 33,3,74,4,Renovēts,124000,1675.68,1,56.95227,24.12768,33.0,Aleksandra Čaka iela,07/06/2019 08:01,13/06/2019 08:01
2312,Latvia,Riga,Pļavnieki,Ulbrokas 12,2,86,9,Jaunais projekts,88500,1029.07,1,56.94147,24.21738,12.0,Ulbrokas iela,07/06/2019 08:01,13/06/2019 08:01
2313,Latvia,Riga,Bolderāja,Dolomīta 4,2,50,5,Specprojekts,31000,620.0,1,57.02614,24.03865,4.0,Dolomīta iela,07/06/2019 08:01,07/06/2019 08:01
2314,Latvia,Riga,Ķengarags,Maskavas 417,4,76,3,467. sērija,79000,1039.47,1,56.9002,24.20812,417.0,Maskavas iela,07/06/2019 08:01,13/06/2019 08:01
2315,Latvia,Riga,Šampēteris-Pleskodāle,Irlavas 20,4,100,5,103. sērija,125000,1250.0,1,56.93963,24.03578,20.0,Irlavas iela,07/06/2019 08:01,13/06/2019 08:01
2316,Latvia,Riga,Teika,Ķeguma 43,1,43,3,Mazģimeņu projekts,45300,1053.49,1,56.96428,24.19587,43.0,Ķeguma iela,07/06/2019 08:01,13/06/2019 08:01
2317,Latvia,Riga,Pļavnieki,Salnas 13,3,63,4,602. sērija,62000,984.13,1,56.9427,24.22605,13.0,Salnas iela,07/06/2019 08:01,16/06/2019 08:01
2318,Latvia,Riga,Bolderāja,Lielupes 64,3,68,3,Lietuviešu projekts,38800,570.59,1,57.03131,24.05569,64.0,Lielupes iela,07/06/2019 08:01,13/06/2019 08:01
2320,Latvia,Riga,Āgenskalns,Daugavgrīvas 70,2,50,3,Specprojekts,55000,1100.0,1,56.95715,24.07033,70.0,Daugavgrīvas iela,07/06/2019 08:01,13/06/2019 08:01
2321,Latvia,Riga,Citi,Daugavgrīvas 70,2,50,3,Specprojekts,55000,1100.0,1,56.95715,24.07033,70.0,Daugavgrīvas iela,07/06/2019 08:01,13/06/2019 08:01
2322,Latvia,Riga,Centrs,Dzirnavu 66,4,102,2,Pirmskara projekts,203000,1990.2,1,56.95314,24.12142,66.0,Dzirnavu iela,07/06/2019 08:01,13/06/2019 08:01
2324,Latvia,Riga,Imanta,Anniņmuižas 38,3,101,4,Jaunais projekts,134000,1326.73,1,56.96097,24.01567,38.0,Anniņmuižas bulvāris,07/06/2019 08:01,16/06/2019 08:01
2325,Latvia,Riga,Centrs,Valdemāra 105,2,46,5,Specprojekts,71000,1543.48,1,56.96559,24.1283,105.0,Krišjāņa Valdemāra iela,07/06/2019 08:01,13/06/2019 08:01
2326,Latvia,Riga,Vecrīga,Palasta 9,4,103,3,Pirmskara projekts,200000,1941.75,1,56.94795,24.1044,9.0,Palasta iela,07/06/2019 08:01,13/06/2019 08:01
2327,Latvia,Riga,Purvciems,Deglava 106,4,94,9,119. sērija,86500,920.21,1,56.94811,24.19022,106.0,Augusta Deglava iela,07/06/2019 08:01,13/06/2019 08:01
2330,Latvia,Riga,Centrs,Vīlandes 12,3,139,3,Pirmskara projekts,280000,2014.39,1,56.96088,24.10222,12.0,Vīlandes iela,07/06/2019 08:01,13/06/2019 08:01
2331,Latvia,Riga,Vecrīga,Gleznotāju 5,1,25,2,Pirmskara projekts,59000,2360.0,1,56.94884,24.11119,5.0,Gleznotāju iela,07/06/2019 08:01,16/06/2019 08:01
2332,Latvia,Riga,Pļavnieki,Deglava 126,3,75,1,119. sērija,72000,960.0,1,56.94664,24.20026,126.0,Augusta Deglava iela,07/06/2019 08:01,13/06/2019 08:01
2334,Latvia,Riga,Jugla,Ciemupes 1,3,100,7,Jaunais projekts,127500,1275.0,1,56.98807,24.24669,1.0,Ciemupes iela,07/06/2019 08:01,13/06/2019 08:01
2335,Latvia,Riga,Centrs,Duntes 24,1,23,2,Pirmskara projekts,14000,608.7,1,56.98433,24.13585,24.0,Duntes iela,07/06/2019 08:01,13/06/2019 08:01
2336,Latvia,Riga,Ķengarags,Krustpils 111,1,44,7,Specprojekts,21000,477.27,1,56.90779,24.2146,111.0,Krustpils iela,07/06/2019 08:01,11/06/2019 08:00
2337,Latvia,Riga,Pļavnieki,Zemes 7,2,50,3,602. sērija,55000,1100.0,1,56.94256,24.19917,7.0,Zemes iela,07/06/2019 08:01,12/06/2019 08:01
2339,Latvia,Riga,Centrs,Rūpniecības 44,2,42,2,Jaunais projekts,99000,2357.14,1,56.96651,24.10495,44.0,Rūpniecības iela,07/06/2019 08:01,13/06/2019 08:01
2340,Latvia,Riga,Centrs,Klijānu 16,3,47,5,Jaunais projekts,89000,1893.62,1,56.97133,24.14974,21.0,Klijānu iela,07/06/2019 08:01,16/06/2019 08:01
2342,Latvia,Riga,Centrs,Zaļā 10,3,87,2,Pirmskara projekts,180000,2068.97,1,56.95942,24.11573,10.0,Zaļā iela,07/06/2019 08:01,16/06/2019 08:01
2343,Latvia,Riga,Purvciems,Nīcgales 21,3,59,1,Lietuviešu projekts,56000,949.15,1,56.95515,24.17761,21.0,Nīcgales iela,07/06/2019 08:01,16/06/2019 08:01
2344,Latvia,Riga,Centrs,Bruņinieku 28,3,83,5,Pirmskara projekts,147000,1771.08,1,56.95587,24.132,28.0,Bruņinieku iela,07/06/2019 08:01,16/06/2019 08:01
2345,Latvia,Riga,Centrs,Tērbatas 65,3,91,4,Pirmskara projekts,165000,1813.19,1,56.95819,24.13066,65.0,Tērbatas iela,07/06/2019 08:01,16/06/2019 08:01
2346,Latvia,Riga,Purvciems,Ūnijas 34,2,40,1,Pirmskara projekts,24880,622.0,1,56.96658,24.17308,34.0,Ūnijas iela,07/06/2019 08:01,13/06/2019 08:01
2347,Latvia,Riga,Centrs,Bruņinieku 28,3,83,5,Pirmskara projekts,147000,1771.08,1,56.95587,24.132,28.0,Bruņinieku iela,07/06/2019 08:01,16/06/2019 08:01
2351,Latvia,Riga,Centrs,Gogoļa 13,3,60,5,Pirmskara projekts,105000,1750.0,1,56.94351,24.12367,13.0,Gogoļa iela,07/06/2019 08:01,13/06/2019 08:01
2352,Latvia,Riga,Maskavas priekšpilsēta,Līksnas 3,2,49,1,Pirmskara projekts,36000,734.69,1,56.94136,24.14964,21.0,Līksnas iela,07/06/2019 08:01,13/06/2019 08:01
2353,Latvia,Riga,Mežaparks,Ķempes 9,3,69,1,Specprojekts,77500,1123.19,1,56.9949,24.16932,9.0,Mirdzas Ķempes iela,07/06/2019 08:01,07/06/2019 08:01
2354,Latvia,Riga,Centrs,Dzirnavu 8,2,39,2,Pirmskara projekts,59000,1512.82,1,56.96108,24.10776,8.0,Dzirnavu iela,07/06/2019 08:01,13/06/2019 08:01
2355,Latvia,Riga,Citi,Rusova 26,1,43,5,Hruščova projekts,31000,720.93,1,56.98702,24.17171,26.0,Rusova iela,07/06/2019 08:01,16/06/2019 08:01
2356,Latvia,Riga,Purvciems,Viršu 5,3,75,1,119. sērija,65000,866.67,1,56.95157,24.17701,5.0,Viršu iela,07/06/2019 08:01,13/06/2019 08:01
2357,Latvia,Riga,Centrs,Matīsa 82,3,55,2,Pirmskara projekts,19790,359.82,1,56.9509,24.1463,82.0,Matīsa iela,07/06/2019 08:01,13/06/2019 08:01
2358,Latvia,Riga,Pļavnieki,Salnas 7,2,50,3,602. sērija,52400,1048.0,1,56.87186,24.13152,7.0,Salnas iela,07/06/2019 08:01,13/06/2019 08:01
2359,Latvia,Riga,Purvciems,Viršu 6,2,57,9,104. sērija,57900,1015.79,1,56.95198,24.18062,6.0,Viršu iela,07/06/2019 08:01,13/06/2019 08:01
2361,Latvia,Riga,Grīziņkalns,Zvaigžņu 2,2,50,1,Pirmskara projekts,87000,1740.0,1,56.95874,24.14608,2.0,Zvaigžņu iela,07/06/2019 08:01,13/06/2019 08:01
2363,Latvia,Riga,Centrs,Vīlandes 18,4,125,4,Pirmskara projekts,188000,1504.0,1,56.96183,24.10225,18.0,Vīlandes iela,07/06/2019 08:01,10/06/2019 08:01
2364,Latvia,Riga,Centrs,Brīvības 111,2,57,2,Pirmskara projekts,84000,1473.68,1,56.96303,24.13444,111.0,Brīvības iela,07/06/2019 08:01,13/06/2019 08:01
2365,Latvia,Riga,Centrs,Skolas 30,3,98,3,Pirmskara projekts,192000,1959.18,1,56.95916,24.12137,30.0,Skolas iela,07/06/2019 08:01,13/06/2019 08:01
2366,Latvia,Riga,Sarkandaugava,Viestura pr. 55,1,33,2,Specprojekts,32000,969.7,1,57.00096,24.12737,55.0,Viestura prospekts,07/06/2019 08:01,13/06/2019 08:01
2367,Latvia,Riga,Centrs,M. Krasta 39,2,53,4,Pirmskara projekts,45000,849.06,1,56.9394,24.12707,39.0,Mazā Krasta iela,07/06/2019 08:01,16/06/2019 08:01
2368,Latvia,Riga,Centrs,Valdemāra 41,4,105,5,Jaunais projekts,283500,2700.0,1,56.95875,24.11747,41.0,Krišjāņa Valdemāra iela,07/06/2019 08:01,16/06/2019 08:01
2369,Latvia,Riga,Pļavnieki,Ulbrokas 6,1,40,1,Mazģimeņu projekts,26990,674.75,1,56.94095,24.21718,6.0,Ulbrokas iela,07/06/2019 08:01,16/06/2019 08:01
2370,Latvia,Riga,Centrs,Dzirnavu 92,3,82,5,Pirmskara projekts,163000,1987.8,1,56.9505,24.12407,92.0,Dzirnavu iela,07/06/2019 08:01,13/06/2019 08:01
2371,Latvia,Riga,Ķengarags,Maskavas 307,2,50,1,Lietuviešu projekts,40000,800.0,1,56.91115,24.17948,307.0,Maskavas iela,07/06/2019 08:01,16/06/2019 08:01
2372,Latvia,Riga,Pļavnieki,Tīnūžu 12,4,76,2,467. sērija,65000,855.26,1,56.93403,24.20751,12.0,Tīnūžu iela,07/06/2019 08:01,13/06/2019 08:01
2373,Latvia,Riga,Purvciems,Ūnijas 67,3,80,2,Jaunais projekts,149226,1865.33,1,56.96497,24.17775,67.0,Ūnijas iela,07/06/2019 08:01,13/06/2019 08:01
2374,Latvia,Riga,Purvciems,Ūnijas 67,3,88,6,Jaunais projekts,165308,1878.5,1,56.96497,24.17775,67.0,Ūnijas iela,07/06/2019 08:01,13/06/2019 08:01
2376,Latvia,Riga,Ziepniekkalns,Kartupeļu 47,1,41,7,Specprojekts,39525,964.02,1,56.91088,24.10947,47.0,Kartupeļu iela,07/06/2019 08:01,13/06/2019 08:01
2377,Latvia,Riga,Centrs,Artilērijas 33,3,84,2,Jaunais projekts,260000,3095.24,1,56.95758,24.14246,33.0,Artilērijas iela,07/06/2019 08:01,13/06/2019 08:01
2379,Latvia,Riga,Iļģuciems,Vaidelotes 28,2,81,6,Hruščova projekts,89000,1098.77,1,56.96669,24.04781,28.0,Vaidelotes iela,07/06/2019 08:01,12/06/2019 08:01
2380,Latvia,Riga,Centrs,Elizabetes 3,2,44,3,Renovēts,129000,2931.82,1,56.95943,24.09929,3.0,Elizabetes iela,07/06/2019 08:01,12/06/2019 08:01
2381,Latvia,Riga,Āgenskalns,Valentīna 16,3,61,2,Jaunais projekts,89000,1459.02,1,56.94103,24.05391,16.0,Valentīna iela,07/06/2019 08:01,12/06/2019 08:01
2382,Latvia,Riga,Ziepniekkalns,Mālu 16,3,87,3,Renovēts,73500,844.83,1,56.91133,24.10423,16.0,Mālu iela,07/06/2019 08:01,12/06/2019 08:01
2383,Latvia,Riga,Krasta rajons,Balvu 15,2,51,11,Čehu projekts,48000,941.18,1,56.93404,24.15175,15.0,Balvu iela,07/06/2019 08:01,16/06/2019 08:01
2385,Latvia,Riga,Citi,Robežu 3,2,47,1,Hruščova projekts,41900,891.49,1,56.92334,24.08097,3.0,Robežu iela,07/06/2019 08:01,12/06/2019 08:01
2386,Latvia,Riga,Daugavgrīva,Parādes 1,3,67,5,103. sērija,45000,671.64,1,57.04204,24.03288,1.0,Parādes iela,07/06/2019 08:01,16/06/2019 08:01
2387,Latvia,Riga,Zolitūde,Gramzdas 17,3,79,5,119. sērija,71800,908.86,1,56.94555,24.00843,17.0,Gramzdas iela,07/06/2019 08:01,12/06/2019 08:01
2389,Latvia,Riga,Citi,Nīcgales 64,1,30,7,Mazģimeņu projekts,25000,833.33,1,56.94194,24.1707,64.0,Nīcgales iela,07/06/2019 08:01,16/06/2019 08:01
2390,Latvia,Riga,Ziepniekkalns,Mālu 16,2,46,3,Renovēts,40000,869.57,1,56.91133,24.10423,16.0,Mālu iela,07/06/2019 08:01,12/06/2019 08:01
2391,Latvia,Riga,Vecrīga,Noliktavas 3,3,72,4,Pirmskara projekts,125000,1736.11,1,56.95312,24.10277,3.0,Noliktavas iela,07/06/2019 08:01,12/06/2019 08:01
2393,Latvia,Riga,Centrs,Pērnavas 10,3,80,5,Staļina projekts,135000,1687.5,1,56.96471,24.14892,10.0,Pērnavas iela,07/06/2019 08:01,12/06/2019 08:01
2394,Latvia,Riga,Imanta,Dammes 40,3,62,1,602. sērija,59000,951.61,1,56.96651,24.01038,40.0,Dammes iela,07/06/2019 08:01,12/06/2019 08:01
2395,Latvia,Riga,Teika,Ropažu 14,2,53,2,Jaunais projekts,91000,1716.98,1,56.97618,24.16842,14.0,Ropažu iela,07/06/2019 08:01,16/06/2019 08:01
2396,Latvia,Riga,Ķengarags,Maskavas 266,1,30,1,Lietuviešu projekts,32000,1066.67,1,56.90668,24.18386,266.0,Maskavas iela,07/06/2019 08:01,12/06/2019 08:01
2397,Latvia,Riga,Centrs,Blaumaņa 12,1,36,2,Renovēts,88200,2450.0,1,56.95464,24.12233,12.0,Blaumaņa iela,07/06/2019 08:01,12/06/2019 08:01
2398,Latvia,Riga,Daugavgrīva,Zvīņu 1,2,46,2,Pirmskara projekts,16800,365.22,1,57.03603,24.02628,1.0,Zvīņu iela,07/06/2019 08:01,12/06/2019 08:01
2399,Latvia,Riga,Ķengarags,Maskavas 423,1,30,5,Lietuviešu projekts,26500,883.33,1,56.9002,24.20836,423.0,Maskavas iela,07/06/2019 08:01,12/06/2019 08:01
2400,Latvia,Riga,Citi,M. Cepļa 20,2,41,3,Pirmskara projekts,36000,878.05,1,56.92435,24.09712,20.0,Cepļa iela,07/06/2019 08:01,12/06/2019 08:01
2403,Latvia,Riga,Purvciems,Vējavas 10,2,51,8,602. sērija,49500,970.59,1,56.95584,24.1684,10.0,Vējavas iela,07/06/2019 08:01,12/06/2019 08:01
2404,Latvia,Riga,Krasta rajons,Kojusalas 21,3,58,3,Specprojekts,58800,1013.79,1,56.93413,24.15623,21.0,Kojusalas iela,07/06/2019 08:01,12/06/2019 08:01
2406,Latvia,Riga,Ziepniekkalns,Ozolciema 52,1,41,1,Mazģimeņu projekts,37900,924.39,1,56.90099,24.09997,52.0,Ozolciema iela,07/06/2019 08:01,12/06/2019 08:01
2407,Latvia,Riga,Vecmīlgrāvis,Sniega 4,2,48,1,Hruščova projekts,45000,937.5,1,57.0346,24.09858,4.0,Sniega iela,07/06/2019 08:01,16/06/2019 08:01
2409,Latvia,Riga,Āgenskalns,Mūkusalas 29,2,79,4,Jaunais projekts,150000,1898.73,1,56.93695,24.10156,29.0,Mūkusalas iela,07/06/2019 08:01,12/06/2019 08:01
2410,Latvia,Riga,Āgenskalns,Mūkusalas 29,3,79,3,Renovēts,150000,1898.73,1,56.93695,24.10156,29.0,Mūkusalas iela,07/06/2019 08:01,12/06/2019 08:01
2411,Latvia,Riga,Maskavas priekšpilsēta,Kalna 40,2,51,1,Staļina projekts,59990,1176.27,1,56.94224,24.14833,40.0,Kalna iela,07/06/2019 08:01,12/06/2019 08:01
2412,Latvia,Riga,Mežciems,Eizenšteina 11,2,50,1,Lietuviešu projekts,37400,748.0,1,56.97424,24.22593,11.0,Sergeja Eizenšteina iela,07/06/2019 08:01,12/06/2019 08:01
2413,Latvia,Riga,Ķengarags,Maskavas 266,2,42,5,Hruščova projekts,32500,773.81,1,56.90668,24.18386,266.0,Maskavas iela,07/06/2019 08:01,12/06/2019 08:01
2414,Latvia,Riga,Centrs,Antonijas 26,3,87,4,Renovēts,230000,2643.68,1,56.96047,24.11491,26.0,Antonijas iela,07/06/2019 08:01,12/06/2019 08:01
2418,Latvia,Riga,Purvciems,Purvciema 55,1,42,9,Mazģimeņu projekts,34000,809.52,1,56.95431,24.18029,55.0,Purvciema iela,07/06/2019 08:01,12/06/2019 08:01
2419,Latvia,Riga,Mežaparks,Ķempes 9,3,69,1,Specprojekts,77500,1123.19,1,56.9949,24.16932,9.0,Mirdzas Ķempes iela,07/06/2019 08:01,12/06/2019 08:01
2420,Latvia,Riga,Citi,Rusova 30,1,40,2,Mazģimeņu projekts,28000,700.0,1,56.98642,24.17414,30.0,Rusova iela,07/06/2019 08:01,12/06/2019 08:01
2421,Latvia,Riga,Ķengarags,Maskavas 411,2,47,5,Lietuviešu projekts,38000,808.51,1,56.89967,24.20555,411.0,Maskavas iela,07/06/2019 08:01,12/06/2019 08:01
2422,Latvia,Riga,Centrs,Zaubes 9,3,96,2,Renovēts,198000,2062.5,1,56.96336,24.12165,9.0,Zaubes iela,07/06/2019 08:01,12/06/2019 08:01
2423,Latvia,Riga,Jugla,Malienas 70,3,61,3,Hruščova projekts,63500,1040.98,1,56.97537,24.2502,70.0,Malienas iela,07/06/2019 08:01,11/06/2019 08:00
2424,Latvia,Riga,Centrs,Blaumaņa 34,3,87,6,Pirmskara projekts,159840,1837.24,1,56.95195,24.12559,34.0,Blaumaņa iela,07/06/2019 08:01,16/06/2019 08:01
2425,Latvia,Riga,Ķengarags,Malnavas 17,1,39,2,Privātmāja,24000,615.38,1,56.91075,24.18973,17.0,Malnavas iela,07/06/2019 08:01,12/06/2019 08:01
2426,Latvia,Riga,Centrs,Baznīcas 45,5,143,3,Renovēts,255000,1783.22,1,56.95981,24.1245,45.0,Baznīcas iela,07/06/2019 08:01,16/06/2019 08:01
2427,Latvia,Riga,Centrs,Skolas 19,5,146,3,Pirmskara projekts,224000,1534.25,1,56.95843,24.11952,19.0,Skolas iela,07/06/2019 08:01,12/06/2019 08:01
2428,Latvia,Riga,Imanta,Kurzemes pr. 154,4,75,8,602. sērija,89800,1197.33,1,56.9573,23.9985,154.0,Kurzemes prospekts,07/06/2019 08:01,12/06/2019 08:01
2429,Latvia,Riga,Centrs,Čaka 49,4,104,6,Pirmskara projekts,109200,1050.0,1,56.95388,24.1315,49.0,Aleksandra Čaka iela,07/06/2019 08:01,12/06/2019 08:01
2431,Latvia,Riga,Ķengarags,Aglonas 16,3,61,5,Hruščova projekts,62000,1016.39,1,56.90994,24.18605,16.0,Aglonas iela,07/06/2019 08:01,16/06/2019 08:01
2432,Latvia,Riga,Imanta,Kurzemes pr. 130,3,63,3,602. sērija,56500,896.83,1,56.96313,24.00045,130.0,Kurzemes prospekts,07/06/2019 08:01,16/06/2019 08:01
2433,Latvia,Riga,Centrs,Eksporta 2,3,75,5,Specprojekts,145000,1933.33,1,56.95706,24.09775,2.0,Eksporta iela,07/06/2019 08:01,12/06/2019 08:01
2434,Latvia,Riga,Ziepniekkalns,Līvciema 9,3,75,3,Specprojekts,82000,1093.33,1,56.90986,24.09671,9.0,Līvciema iela,07/06/2019 08:01,12/06/2019 08:01
2435,Latvia,Riga,Sarkandaugava,Sarkandaugavas 21,1,22,1,Renovēts,12000,545.45,1,57.00112,24.12289,21.0,Sarkandaugavas iela,07/06/2019 08:01,12/06/2019 08:01
2437,Latvia,Riga,Vecrīga,Laipu 6,3,90,1,Pirmskara projekts,75000,833.33,1,56.94899,24.10815,6.0,Laipu iela,07/06/2019 08:01,12/06/2019 08:01
2438,Latvia,Riga,Centrs,Rūpniecības 22,3,101,5,Specprojekts,175000,1732.67,1,56.96144,24.10363,22.0,Rūpniecības iela,07/06/2019 08:01,12/06/2019 08:01
2439,Latvia,Riga,Bolderāja,Stūrmaņu 5,3,55,2,Lietuviešu projekts,47000,854.55,1,57.03454,24.05684,5.0,Stūrmaņu iela,07/06/2019 08:01,12/06/2019 08:01
2440,Latvia,Riga,Centrs,M. Matīsa 3,1,20,1,Pirmskara projekts,14900,745.0,1,56.94398,24.15789,3.0,Mazā Matīsa iela,07/06/2019 08:01,12/06/2019 08:01
2441,Latvia,Riga,Centrs,Ganību d. 18,2,51,1,Specprojekts,36000,705.88,1,56.9741,24.11272,18.0,Ganību dambis,07/06/2019 08:01,12/06/2019 08:01
2442,Latvia,Riga,Centrs,Marijas 15,3,93,5,Pirmskara projekts,100000,1075.27,1,56.9503,24.12409,15.0,Marijas iela,07/06/2019 08:01,16/06/2019 08:01
2443,Latvia,Riga,Ķengarags,Višķu 15,3,61,5,Lietuviešu projekts,61450,1007.38,1,56.90055,24.21286,15.0,Višķu iela,07/06/2019 08:01,09/06/2019 08:01
2444,Latvia,Riga,Teika,Vairoga 32,3,51,2,Renovēts,100000,1960.78,1,56.96893,24.17178,32.0,Vairoga iela,07/06/2019 08:01,16/06/2019 08:01
2445,Latvia,Riga,Pļavnieki,Rudens 1,4,79,7,602. sērija,78000,987.34,1,56.938,24.19713,1.0,Rudens iela,07/06/2019 08:01,12/06/2019 08:01
2446,Latvia,Riga,Centrs,Pērnavas 17,1,33,3,Jaunais projekts,61000,1848.48,1,56.96281,24.15189,17.0,Pērnavas iela,07/06/2019 08:01,16/06/2019 08:01
2447,Latvia,Riga,Teika,Vairoga 32,2,41,2,Renovēts,69500,1695.12,1,56.96893,24.17178,32.0,Vairoga iela,07/06/2019 08:01,16/06/2019 08:01
2448,Latvia,Riga,Centrs,Silmaču 1,2,54,2,Jaunais projekts,105635,1956.2,1,56.96882,24.148,1.0,Silmaču iela,07/06/2019 08:01,12/06/2019 08:01
2449,Latvia,Riga,Centrs,Birznieka-Upīša 10,2,49,3,Renovēts,112470,2295.31,1,56.94886,24.1267,10.0,Ernesta Birznieka-Upīša iela,07/06/2019 08:01,12/06/2019 08:01
2450,Latvia,Riga,Vecmīlgrāvis,Emmas 28,1,19,1,Jaunais projekts,19500,1026.32,1,57.03219,24.11679,28.0,Emmas iela,07/06/2019 08:01,12/06/2019 08:01
2451,Latvia,Riga,Vecmīlgrāvis,Emmas 28,1,26,4,Jaunais projekts,32000,1230.77,1,57.03219,24.11679,28.0,Emmas iela,07/06/2019 08:01,12/06/2019 08:01
2452,Latvia,Riga,Centrs,Ausekļa 20,3,51,1,Pirmskara projekts,73000,1431.37,1,56.96226,24.10049,20.0,Ausekļa iela,07/06/2019 08:01,12/06/2019 08:01
2453,Latvia,Riga,Sarkandaugava,Kadiķu 3,1,33,2,Renovēts,32600,987.88,1,56.99844,24.11981,3.0,Kadiķu iela,07/06/2019 08:01,16/06/2019 08:01
2454,Latvia,Riga,Pļavnieki,Zemes 4,4,76,6,602. sērija,79000,1039.47,1,56.94194,24.19906,4.0,Zemes iela,07/06/2019 08:01,12/06/2019 08:01
2455,Latvia,Riga,Vecmīlgrāvis,Jaunciema g. 182,4,73,5,Hruščova projekts,49000,671.23,1,57.04544,24.17392,182.0,Jaunciema gatve,07/06/2019 08:01,12/06/2019 08:01
2458,Latvia,Riga,Centrs,Blaumaņa 12,1,35,2,Renovēts,79580,2273.71,1,56.95464,24.12233,12.0,Blaumaņa iela,07/06/2019 08:01,12/06/2019 08:01
2459,Latvia,Riga,Centrs,Grostonas 21,2,63,5,Jaunais projekts,147000,2333.33,1,56.97086,24.1247,21.0,Grostonas iela,07/06/2019 08:01,12/06/2019 08:01
2460,Latvia,Riga,Pļavnieki,Rudens 3,2,51,9,602. sērija,46990,921.37,1,56.93829,24.19793,3.0,Rudens iela,07/06/2019 08:01,16/06/2019 08:01
2461,Latvia,Riga,Pļavnieki,Lubānas 121,1,47,5,Specprojekts,53000,1127.66,1,56.93316,24.20535,121.0,Lubānas iela,07/06/2019 08:01,12/06/2019 08:01
2463,Latvia,Riga,Teika,Ropažu 14,4,93,2,Jaunais projekts,140000,1505.38,1,56.97618,24.16842,14.0,Ropažu iela,07/06/2019 08:01,12/06/2019 08:01
2464,Latvia,Riga,Ķengarags,Maskavas 379,1,30,2,Lietuviešu projekts,33500,1116.67,1,56.90231,24.19995,379.0,Maskavas iela,07/06/2019 08:01,12/06/2019 08:01
2465,Latvia,Riga,Bolderāja,Lielupes 64,2,50,3,Lietuviešu projekts,35500,710.0,1,57.03131,24.05569,64.0,Lielupes iela,07/06/2019 08:01,12/06/2019 08:01
2466,Latvia,Riga,Jugla,Brīvības 405,2,36,5,Specprojekts,34900,969.44,1,56.98999,24.23799,405.0,Brīvības gatve,07/06/2019 08:01,12/06/2019 08:01
2468,Latvia,Riga,Vecmīlgrāvis,Emmas 19,2,50,5,Lietuviešu projekts,33999,679.98,1,57.03001,24.11111,19.0,Emmas iela,07/06/2019 08:01,16/06/2019 08:01
2470,Latvia,Riga,Purvciems,Ķeguma 60,1,39,5,Mazģimeņu projekts,29800,764.1,1,56.96471,24.19614,60.0,Ķeguma iela,07/06/2019 08:01,12/06/2019 08:01
2471,Latvia,Riga,Jugla,Silciema 13,2,45,1,Hruščova projekts,33000,733.33,1,56.98584,24.23998,13.0,Silciema iela,07/06/2019 08:01,12/06/2019 08:01
2472,Latvia,Riga,Citi,Daugavgrīvas 60,2,60,1,Specprojekts,59000,983.33,1,56.95629,24.0685,60.0,Daugavgrīvas iela,07/06/2019 08:01,12/06/2019 08:01
2473,Latvia,Riga,Mežaparks,Viestura pr. 55,3,97,9,Specprojekts,96000,989.69,1,57.00096,24.12737,55.0,Viestura prospekts,07/06/2019 08:01,12/06/2019 08:01
2474,Latvia,Riga,Ziepniekkalns,Īslīces 1,4,90,9,119. sērija,82000,911.11,1,56.90054,24.08335,1.0,Īslīces iela,07/06/2019 08:01,12/06/2019 08:01
2475,Latvia,Riga,Teika,Caunes 10,3,81,3,Specprojekts,125900,1554.32,1,56.98136,24.18816,10.0,Caunes iela,07/06/2019 08:01,12/06/2019 08:01
2476,Latvia,Riga,Sarkandaugava,Tvaika 54,1,27,1,Hruščova projekts,23500,870.37,1,57.00794,24.12443,54.0,Tvaika iela,07/06/2019 08:01,16/06/2019 08:01
2477,Latvia,Riga,Vecmīlgrāvis,Baltāsbaznīcas 33,3,58,1,Staļina projekts,56000,965.52,1,57.0363,24.08893,33.0,Baltāsbaznīcas iela,07/06/2019 08:01,12/06/2019 08:01
2479,Latvia,Riga,Ziepniekkalns,Ozolciema 46,2,50,2,602. sērija,50000,1000.0,1,56.90178,24.09964,46.0,Ozolciema iela,07/06/2019 08:01,12/06/2019 08:01
2480,Latvia,Riga,Centrs,Duntes 28,3,131,9,Jaunais projekts,149000,1137.4,1,56.98778,24.13353,28.0,Duntes iela,07/06/2019 08:01,16/06/2019 08:01
2481,Latvia,Riga,Ķengarags,Maskavas 252,2,49,1,Lietuviešu projekts,42500,867.35,1,56.91291,24.173,252.0,Maskavas iela,07/06/2019 08:01,11/06/2019 08:00
2482,Latvia,Riga,Bolderāja,Platā 24,2,40,2,Mazģimeņu projekts,34000,850.0,1,57.02598,24.04524,12.0,Platā iela,07/06/2019 08:01,11/06/2019 08:00
2483,Latvia,Riga,Centrs,Ģertrūdes 100,2,46,4,Specprojekts,55000,1195.65,1,56.94815,24.13911,100.0,Ģertrūdes iela,07/06/2019 08:01,11/06/2019 08:00
2484,Latvia,Riga,Purvciems,Stirnu 35,1,30,2,Lietuviešu projekts,33000,1100.0,1,56.96094,24.18704,35.0,Stirnu iela,07/06/2019 08:01,11/06/2019 08:00
2485,Latvia,Riga,Āgenskalns,Valentīna 16,3,50,2,Jaunais projekts,79800,1596.0,1,56.94103,24.05391,16.0,Valentīna iela,07/06/2019 08:01,11/06/2019 08:00
2486,Latvia,Riga,Vecrīga,Palasta 9,4,103,3,Pirmskara projekts,200000,1941.75,1,56.94795,24.1044,9.0,Palasta iela,07/06/2019 08:01,16/06/2019 08:01
2487,Latvia,Riga,Zolitūde,Lejiņa 10,4,86,5,119. sērija,107000,1244.19,1,56.94726,24.01813,10.0,Paula Lejiņa iela,07/06/2019 08:01,11/06/2019 08:00
2488,Latvia,Riga,Zolitūde,Gramzdas 17,2,60,3,119. sērija,68000,1133.33,1,56.94555,24.00843,17.0,Gramzdas iela,07/06/2019 08:01,16/06/2019 08:01
2489,Latvia,Riga,Centrs,Brīvības 161,3,73,3,Renovēts,139900,1916.44,1,56.96674,24.14585,161.0,Brīvības iela,07/06/2019 08:01,11/06/2019 08:00
2490,Latvia,Riga,Mežciems,Kaivas 33,2,64,4,Jaunais projekts,104000,1625.0,1,56.95177,24.24578,33.0,Kaivas iela,07/06/2019 08:01,11/06/2019 08:00
2491,Latvia,Riga,Centrs,Stabu 29,4,114,5,Pirmskara projekts,198000,1736.84,1,56.9564,24.12866,29.0,Stabu iela,07/06/2019 08:01,11/06/2019 08:00
2492,Latvia,Riga,Centrs,Vēžu 14,4,116,4,Jaunais projekts,185000,1594.83,1,56.97115,24.10076,14.0,Vēžu iela,07/06/2019 08:01,11/06/2019 08:00
2493,Latvia,Riga,Vecmīlgrāvis,Emmas 28,1,18,3,Renovēts,22900,1272.22,1,57.03219,24.11679,28.0,Emmas iela,07/06/2019 08:01,11/06/2019 08:00
2494,Latvia,Riga,Vecmīlgrāvis,Emmas 28,2,38,3,Jaunais projekts,42200,1110.53,1,57.03219,24.11679,28.0,Emmas iela,07/06/2019 08:01,11/06/2019 08:00
2495,Latvia,Riga,Citi,Gaujas 29,2,42,2,Renovēts,55000,1309.52,1,56.98469,24.15967,29.0,Gaujas iela,07/06/2019 08:01,16/06/2019 08:01
2496,Latvia,Riga,Ķengarags,Aglonas 29,2,44,4,Hruščova projekts,46500,1056.82,1,56.91268,24.18399,29.0,Aglonas iela,07/06/2019 08:01,11/06/2019 08:00
2497,Latvia,Riga,Ziepniekkalns,Ozolciema 16,3,77,1,119. sērija,75000,974.03,1,56.90083,24.08836,16.0,Ozolciema iela,07/06/2019 08:01,16/06/2019 08:01
2499,Latvia,Riga,Iļģuciems,Lilijas 8,3,55,5,Lietuviešu projekts,55000,1000.0,1,56.96499,24.06595,8.0,Lilijas iela,07/06/2019 08:01,16/06/2019 08:01
2500,Latvia,Riga,Grīziņkalns,Vārnu 11,3,111,3,Jaunais projekts,178000,1603.6,1,56.95899,24.1497,11.0,Vārnu iela,07/06/2019 08:01,11/06/2019 08:00
2501,Latvia,Riga,Centrs,Brīvības 76,4,146,6,Pirmskara projekts,295000,2020.55,1,56.95826,24.12506,76.0,Brīvības iela,07/06/2019 08:01,16/06/2019 08:01
2502,Latvia,Riga,Teika,Ropažu 14,3,75,3,Jaunais projekts,125000,1666.67,1,56.97618,24.16842,14.0,Ropažu iela,07/06/2019 08:01,16/06/2019 08:01
2503,Latvia,Riga,Pļavnieki,Sesku 7,1,43,5,Mazģimeņu projekts,27699,644.16,1,56.94496,24.17504,7.0,Sesku iela,07/06/2019 08:01,10/06/2019 08:01
2504,Latvia,Riga,Mežciems,Biķernieku 102,2,60,5,104. sērija,65900,1098.33,1,56.95994,24.2349,102.0,Biķernieku iela,07/06/2019 08:01,11/06/2019 08:00
2505,Latvia,Riga,Centrs,Tallinas 32,3,117,3,Pirmskara projekts,130000,1111.11,1,56.96195,24.13856,32.0,Tallinas iela,07/06/2019 08:01,11/06/2019 08:00
2506,Latvia,Riga,Zolitūde,Zolitūdes 75,3,69,3,Jaunais projekts,107000,1550.72,1,56.94107,24.00455,75.0,Zolitūdes iela,07/06/2019 08:01,11/06/2019 08:00
2510,Latvia,Riga,Jugla,Juglas 53,1,30,3,Hruščova projekts,34000,1133.33,1,56.97649,24.25287,53.0,Juglas iela,07/06/2019 08:01,11/06/2019 08:00
2511,Latvia,Riga,Ķengarags,Maskavas 323,3,55,4,Lietuviešu projekts,61000,1109.09,1,56.90693,24.18838,323.0,Maskavas iela,07/06/2019 08:01,11/06/2019 08:00
2512,Latvia,Riga,Citi,Kupravas 41,1,33,2,103. sērija,35000,1060.61,1,56.9325,24.19136,41.0,Kupravas iela,07/06/2019 08:01,11/06/2019 08:00
2513,Latvia,Riga,Ķengarags,Aglonas 29,2,42,3,Hruščova projekts,41300,983.33,1,56.91268,24.18399,29.0,Aglonas iela,07/06/2019 08:01,16/06/2019 08:01
2514,Latvia,Riga,Grīziņkalns,Asara 15,1,35,1,Pirmskara projekts,39900,1140.0,1,56.95608,24.15737,15.0,Jāņa Asara iela,07/06/2019 08:01,16/06/2019 08:01
2515,Latvia,Riga,Iļģuciems,Baltā 16,1,40,1,Specprojekts,40000,1000.0,1,56.9691,24.06476,16.0,Baltā iela,07/06/2019 08:01,16/06/2019 08:01
2516,Latvia,Riga,Teika,Brīvības 225,2,46,2,Specprojekts,46100,1002.17,1,56.97618,24.17402,225.0,Brīvības gatve,07/06/2019 08:01,09/06/2019 08:01
2517,Latvia,Riga,Centrs,Brīvības 159,3,71,6,Pirmskara projekts,110000,1549.3,1,56.96672,24.14497,159.0,Brīvības iela,07/06/2019 08:01,16/06/2019 08:01
2518,Latvia,Riga,Purvciems,Ieriķu 25,2,53,4,Specprojekts,70000,1320.75,1,56.96596,24.17394,25.0,Ieriķu iela,07/06/2019 08:01,11/06/2019 08:00
2519,Latvia,Riga,Mežciems,Hipokrāta 43,1,32,2,602. sērija,38700,1209.38,1,56.95999,24.23633,43.0,Hipokrāta iela,07/06/2019 08:01,11/06/2019 08:00
2520,Latvia,Riga,Āgenskalns,Kalnciema 1,2,42,4,Hruščova projekts,43000,1023.81,1,56.9457,24.08201,1.0,Kalnciema iela,07/06/2019 08:01,16/06/2019 08:01
2521,Latvia,Riga,Centrs,Blaumaņa 36,2,55,3,Pirmskara projekts,97000,1763.64,1,56.95176,24.12585,36.0,Blaumaņa iela,07/06/2019 08:01,11/06/2019 08:00
2522,Latvia,Riga,Purvciems,Madonas 19,4,92,3,119. sērija,93000,1010.87,1,56.96076,24.16993,19.0,Madonas iela,07/06/2019 08:01,16/06/2019 08:01
2523,Latvia,Riga,Teika,Bērzpils 3,2,42,4,Hruščova projekts,37000,880.95,1,56.97902,24.17156,3.0,Bērzpils iela,07/06/2019 08:01,11/06/2019 08:00
2524,Latvia,Riga,Centrs,Sparģeļu 4,4,91,2,Pirmskara projekts,65000,714.29,1,56.95535,24.14196,7.0,Sparģeļu iela,07/06/2019 08:01,16/06/2019 08:01
2525,Latvia,Riga,Centrs,Strēlnieku 7,2,51,2,Jaunais projekts,180000,3529.41,1,56.95965,24.10786,7.0,Strēlnieku iela,07/06/2019 08:01,11/06/2019 08:00
2527,Latvia,Riga,Āgenskalns,Alīses 10,3,56,3,Hruščova projekts,57000,1017.86,1,56.94734,24.06595,10.0,Alīses iela,07/06/2019 08:01,11/06/2019 08:00
2528,Latvia,Riga,Pļavnieki,Pļavnieku 3,3,63,4,602. sērija,57900,919.05,1,56.94279,24.20907,3.0,Pļavnieku iela,07/06/2019 08:01,11/06/2019 08:00
2529,Latvia,Riga,Centrs,Valdemāra 77,3,181,5,Pirmskara projekts,199000,1099.45,1,56.96295,24.12405,77.0,Krišjāņa Valdemāra iela,07/06/2019 08:01,11/06/2019 08:00
2531,Latvia,Riga,Mežciems,Eizenšteina 53,2,46,9,602. sērija,39500,858.7,1,56.96408,24.23521,53.0,Sergeja Eizenšteina iela,07/06/2019 08:01,11/06/2019 08:00
2532,Latvia,Riga,Purvciems,Varavīksnes g. 10,3,62,9,602. sērija,59000,951.61,1,56.95258,24.20347,10.0,Varavīksnes gatve,07/06/2019 08:01,11/06/2019 08:00
2533,Latvia,Riga,Jugla,Dzirnupes 4,2,40,1,Specprojekts,35700,892.5,1,56.9869,24.2508,1.0,Dzirnupes iela,07/06/2019 08:01,16/06/2019 08:01
2534,Latvia,Riga,Pļavnieki,Keldiša 10,5,89,1,602. sērija,98000,1101.12,1,56.9398,24.19997,10.0,Akadēmiķa Mstislava Keldiša iela,07/06/2019 08:01,11/06/2019 08:00
2535,Latvia,Riga,Pļavnieki,Grestes 4,2,51,1,602. sērija,36500,715.69,1,56.93639,24.20657,4.0,JAAa Grestes iela,07/06/2019 08:01,16/06/2019 08:01
2536,Latvia,Riga,Centrs,Valdemāra 57,4,72,7,Pirmskara projekts,145440,2020.0,1,56.96004,24.11979,57.0,Krišjāņa Valdemāra iela,07/06/2019 08:01,16/06/2019 08:01
2537,Latvia,Riga,Ķengarags,Prūšu 4,2,47,3,Jaunais projekts,59724,1270.72,1,56.89123,24.03524,4.0,Prūšu iela,07/06/2019 08:01,11/06/2019 08:00
2538,Latvia,Riga,Grīziņkalns,Asara 12,2,31,2,Renovēts,48000,1548.39,1,56.95524,24.14978,12.0,Jāņa Asara iela,07/06/2019 08:01,11/06/2019 08:00
2539,Latvia,Riga,Šampēteris-Pleskodāle,Ventspils 65,2,39,2,Renovēts,42500,1089.74,1,56.93534,24.04175,65.0,Ventspils iela,07/06/2019 08:01,11/06/2019 08:00
2540,Latvia,Riga,Ziepniekkalns,Ozolciema 16,4,90,6,119. sērija,93000,1033.33,1,56.90083,24.08836,16.0,Ozolciema iela,07/06/2019 08:01,11/06/2019 08:00
2541,Latvia,Riga,Centrs,Strēlnieku 7,3,94,3,Jaunais projekts,251550,2676.06,1,56.95965,24.10786,7.0,Strēlnieku iela,07/06/2019 08:01,16/06/2019 08:01
2542,Latvia,Riga,Mežaparks,Viestura pr. 55,3,115,9,Specprojekts,96900,842.61,1,57.00096,24.12737,55.0,Viestura prospekts,07/06/2019 08:01,11/06/2019 08:00
2543,Latvia,Riga,Jugla,Ciemupes 1,2,77,1,Jaunais projekts,109900,1427.27,1,56.98807,24.24669,1.0,Ciemupes iela,07/06/2019 08:01,16/06/2019 08:01
2544,Latvia,Riga,Centrs,Avotu 73,3,83,2,Pirmskara projekts,123990,1493.86,1,56.95354,24.14494,73.0,Avotu iela,07/06/2019 08:01,16/06/2019 08:01
2545,Latvia,Riga,Purvciems,Braslas 53,2,84,6,Jaunais projekts,92500,1101.19,1,56.95759,24.1667,53.0,Braslas iela,07/06/2019 08:01,11/06/2019 08:00
2546,Latvia,Riga,Centrs,Indrānu 17,2,52,3,Renovēts,103000,1980.77,1,56.96898,24.14486,17.0,Indrānu iela,07/06/2019 08:01,11/06/2019 08:00
2547,Latvia,Riga,Maskavas priekšpilsēta,Daugavpils 48,2,39,3,Pirmskara projekts,47000,1205.13,1,56.94406,24.14136,48.0,Daugavpils iela,07/06/2019 08:01,11/06/2019 08:00
2548,Latvia,Riga,Imanta,Anniņmuižas 80,4,78,5,467. sērija,82000,1051.28,1,56.95591,24.00785,80.0,Anniņmuižas bulvāris,07/06/2019 08:01,11/06/2019 08:00
2549,Latvia,Riga,Centrs,Antonijas 14,5,118,3,Pirmskara projekts,185000,1567.8,1,56.95902,24.11303,14.0,Antonijas iela,07/06/2019 08:01,16/06/2019 08:01
2550,Latvia,Riga,Centrs,Blaumaņa 36,2,55,3,Pirmskara projekts,95000,1727.27,1,56.95176,24.12585,36.0,Blaumaņa iela,07/06/2019 08:01,11/06/2019 08:00
2551,Latvia,Riga,Centrs,Klijānu 16,3,91,6,Jaunais projekts,165000,1813.19,1,56.97133,24.14974,21.0,Klijānu iela,07/06/2019 08:01,16/06/2019 08:01
2552,Latvia,Riga,Vecrīga,Vaļņu 39,4,90,4,Specprojekts,250000,2777.78,1,56.94694,24.11364,39.0,Vaļņu iela,07/06/2019 08:01,11/06/2019 08:00
2555,Latvia,Riga,Ziepniekkalns,Bauskas 49,2,37,1,Lietuviešu projekts,31500,851.35,1,56.9179,24.10259,49.0,Bauskas iela,07/06/2019 08:01,11/06/2019 08:00
2556,Latvia,Riga,Āgenskalns,Melnsila 14,2,45,2,Renovēts,76000,1688.89,1,56.94403,24.06655,14.0,Melnsila iela,07/06/2019 08:01,11/06/2019 08:00
2558,Latvia,Riga,Centrs,Blaumaņa 21,2,80,1,Pirmskara projekts,141000,1762.5,1,56.95264,24.12593,21.0,Blaumaņa iela,07/06/2019 08:01,11/06/2019 08:00
2559,Latvia,Riga,Imanta,Dammes 36,3,61,6,602. sērija,58000,950.82,1,56.96589,24.01046,36.0,Dammes iela,07/06/2019 08:01,10/06/2019 08:01
2561,Latvia,Riga,Jugla,Murjāņu 18,5,170,3,Jaunais projekts,205000,1205.88,1,56.98365,24.23773,18.0,Murjāņu iela,07/06/2019 08:01,16/06/2019 08:01
2562,Latvia,Riga,Vecmīlgrāvis,Emmas 28,1,18,4,Renovēts,20900,1161.11,1,57.03219,24.11679,28.0,Emmas iela,07/06/2019 08:01,11/06/2019 08:00
2563,Latvia,Riga,Ķengarags,Maltas 17,3,54,4,Lietuviešu projekts,44000,814.81,1,56.91058,24.18586,17.0,Maltas iela,07/06/2019 08:01,16/06/2019 08:01
2564,Latvia,Riga,Citi,Ogļu 32,3,79,1,Renovēts,260000,3291.14,1,56.96075,24.0817,32.0,Ogļu iela,07/06/2019 08:01,11/06/2019 08:00
2567,Latvia,Riga,Purvciems,Madonas 25,4,98,2,119. sērija,83000,846.94,1,56.96054,24.1719,25.0,Madonas iela,07/06/2019 08:01,11/06/2019 08:00
2568,Latvia,Riga,Centrs,Barona 64,4,130,3,Pirmskara projekts,279000,2146.15,1,56.95532,24.12989,64.0,Krišjāņa Barona iela,07/06/2019 08:01,11/06/2019 08:00
2569,Latvia,Riga,Bolderāja,Velkoņu 2,2,46,5,Specprojekts,29900,650.0,1,57.03335,24.0378,2.0,Velkoņu iela,07/06/2019 08:01,16/06/2019 08:01
2570,Latvia,Riga,Teika,Brīvības 358,2,54,2,Staļina projekts,74000,1370.37,1,56.99699,24.26645,1.0,Brīvības gatve,07/06/2019 08:01,11/06/2019 08:00
2571,Latvia,Riga,Centrs,Miera 93,4,80,2,Jaunais projekts,154000,1925.0,1,56.97335,24.14157,93.0,Miera iela,07/06/2019 08:01,11/06/2019 08:00
2572,Latvia,Riga,Centrs,Valdemāra 72,3,60,2,Hruščova projekts,80000,1333.33,1,56.96822,24.13173,72.0,Krišjāņa Valdemāra iela,07/06/2019 08:01,16/06/2019 08:01
2573,Latvia,Riga,Pļavnieki,Zemes 11,3,62,7,602. sērija,62000,1000.0,1,56.94261,24.20062,11.0,Zemes iela,07/06/2019 08:01,11/06/2019 08:00
2574,Latvia,Riga,Centrs,Ģertrūdes 16,3,64,5,Renovēts,146970,2296.41,1,56.95655,24.1232,16.0,Ģertrūdes iela,07/06/2019 08:01,11/06/2019 08:00
2575,Latvia,Riga,Daugavgrīva,Parādes 22,2,41,4,Hruščova projekts,29000,707.32,1,57.03923,24.02579,22.0,Parādes iela,07/06/2019 08:01,11/06/2019 08:00
2576,Latvia,Riga,Centrs,Ģertrūdes 16,3,66,5,Renovēts,158664,2404.0,1,56.95655,24.1232,16.0,Ģertrūdes iela,07/06/2019 08:01,11/06/2019 08:00
2577,Latvia,Riga,Centrs,Rūpniecības 1,2,72,5,Renovēts,200000,2777.78,1,56.95941,24.10266,1.0,Rūpniecības iela,07/06/2019 08:01,16/06/2019 08:01
2578,Latvia,Riga,Centrs,Bruņinieku 92,3,101,1,Pirmskara projekts,69500,688.12,1,56.94988,24.14333,92.0,Bruņinieku iela,07/06/2019 08:01,11/06/2019 08:00
2579,Latvia,Riga,Iļģuciems,Grīvas 21,4,94,2,Hruščova projekts,93000,989.36,1,56.96468,24.04848,21.0,Grīvas iela,07/06/2019 08:01,16/06/2019 08:01
2580,Latvia,Riga,Šampēteris-Pleskodāle,Irlavas 26,3,74,6,103. sērija,82500,1114.86,1,56.93984,24.03386,26.0,Irlavas iela,07/06/2019 08:01,16/06/2019 08:01
2582,Latvia,Riga,Citi,Dzirciema 71,2,51,9,602. sērija,55000,1078.43,1,56.96533,24.05457,71.0,Dzirciema iela,07/06/2019 08:01,11/06/2019 08:00
2583,Latvia,Riga,Teika,Brīvības 232,2,59,5,Specprojekts,55000,932.2,1,56.97305,24.16712,232.0,Brīvības gatve,07/06/2019 08:01,11/06/2019 08:00
2584,Latvia,Riga,Centrs,Briāna 4,2,52,2,Renovēts,119600,2300.0,1,56.96281,24.12863,4.0,Aristida Briāna iela,07/06/2019 08:01,11/06/2019 08:00
2585,Latvia,Riga,Daugavgrīva,Birzes 32,3,65,1,103. sērija,55000,846.15,1,57.0373,24.02974,32.0,Birzes iela,07/06/2019 08:01,11/06/2019 08:00
2586,Latvia,Riga,Centrs,Blaumaņa 12,1,28,1,Renovēts,70750,2526.79,1,56.95464,24.12233,12.0,Blaumaņa iela,07/06/2019 08:01,16/06/2019 08:01
2587,Latvia,Riga,Purvciems,Stirnu 37,2,48,7,602. sērija,51000,1062.5,1,56.96164,24.18712,37.0,Stirnu iela,07/06/2019 08:01,11/06/2019 08:00
2588,Latvia,Riga,Centrs,Ģertrūdes 73,3,72,2,Pirmskara projekts,69000,958.33,1,56.95138,24.13373,73.0,Ģertrūdes iela,07/06/2019 08:01,11/06/2019 08:00
2589,Latvia,Riga,Teika,Biķernieku 16,3,71,2,Jaunais projekts,140000,1971.83,1,56.97043,24.18066,16.0,Biķernieku iela,07/06/2019 08:01,16/06/2019 08:01
2590,Latvia,Riga,Centrs,Ģertrūdes 38,4,121,2,Renovēts,161900,1338.02,1,56.95374,24.12841,38.0,Ģertrūdes iela,07/06/2019 08:01,16/06/2019 08:01
2591,Latvia,Riga,Sarkandaugava,Sofijas 12,1,34,2,103. sērija,35950,1057.35,1,56.99877,24.12011,3.0,Sofijas iela,07/06/2019 08:01,11/06/2019 08:00
2592,Latvia,Riga,Centrs,Marijas 16,2,63,7,Renovēts,117900,1871.43,1,56.95053,24.12549,16.0,Marijas iela,07/06/2019 08:01,16/06/2019 08:01
2593,Latvia,Riga,Centrs,Lāčplēša 80,2,63,1,Pirmskara projekts,58000,920.63,1,56.94739,24.13371,80.0,Lāčplēša iela,07/06/2019 08:01,11/06/2019 08:00
2594,Latvia,Riga,Daugavgrīva,Parādes 1,2,47,5,103. sērija,39000,829.79,1,57.04204,24.03288,1.0,Parādes iela,07/06/2019 08:01,11/06/2019 08:00
2595,Latvia,Riga,Centrs,Hospitāļu 7,2,54,5,103. sērija,55000,1018.52,1,56.97013,24.13542,7.0,Hospitāļu iela,07/06/2019 08:01,11/06/2019 08:00
2596,Latvia,Riga,Centrs,Tallinas 86,3,69,2,Pirmskara projekts,137340,1990.43,1,56.95654,24.14794,86.0,Tallinas iela,07/06/2019 08:01,11/06/2019 08:00
2597,Latvia,Riga,Centrs,Tallinas 86,1,33,2,Pirmskara projekts,66900,2027.27,1,56.95654,24.14794,86.0,Tallinas iela,07/06/2019 08:01,11/06/2019 08:00
2598,Latvia,Riga,Imanta,Jūrmalas g. 91,3,60,4,Lietuviešu projekts,56900,948.33,1,56.95378,24.00396,91.0,Jūrmalas gatve,07/06/2019 08:01,11/06/2019 08:00
2599,Latvia,Riga,Ziepniekkalns,Valdeķu 62,3,63,5,602. sērija,68000,1079.37,1,56.90227,24.09364,62.0,Valdeķu iela,07/06/2019 08:01,11/06/2019 08:00
2600,Latvia,Riga,Centrs,Klusā 20,1,37,1,Renovēts,35500,959.46,1,56.97572,24.14539,19.0,Klusā iela,07/06/2019 08:01,11/06/2019 08:00
2602,Latvia,Riga,Centrs,Lāčplēša 13,2,36,6,Renovēts,68210,1894.72,1,56.95683,24.12075,13.0,Lāčplēša iela,07/06/2019 08:01,16/06/2019 08:01
2605,Latvia,Riga,Sarkandaugava,Ziemeļu 25,2,45,2,Pirmskara projekts,13500,300.0,1,57.00297,24.11975,25.0,Ziemeļu iela,07/06/2019 08:01,16/06/2019 08:01
2606,Latvia,Riga,Citi,Briežu 7,1,27,2,Jaunais projekts,45900,1700.0,1,57.0223,24.13797,7.0,Briežu iela,07/06/2019 08:01,11/06/2019 08:00
2607,Latvia,Riga,Maskavas priekšpilsēta,Maskavas 69,2,52,1,Pirmskara projekts,33000,634.62,1,56.93966,24.13517,69.0,Maskavas iela,07/06/2019 08:01,16/06/2019 08:01
2608,Latvia,Riga,Centrs,Brīvības 133,3,57,4,Pirmskara projekts,85400,1498.25,1,56.96427,24.13958,133.0,Brīvības iela,07/06/2019 08:01,16/06/2019 08:01
2609,Latvia,Riga,Centrs,Brīvības 91,1,28,1,Renovēts,66565,2377.32,1,56.96077,24.13144,91.0,Brīvības iela,07/06/2019 08:01,16/06/2019 08:01
2611,Latvia,Riga,Centrs,Brīvības 91,2,49,3,Renovēts,123315,2516.63,1,56.96077,24.13144,91.0,Brīvības iela,07/06/2019 08:01,10/06/2019 08:01
2612,Latvia,Riga,Āgenskalns,Kristapa 33,2,46,1,Renovēts,59500,1293.48,1,56.94412,24.06688,33.0,Kristapa iela,07/06/2019 08:01,10/06/2019 08:01
2613,Latvia,Riga,Jugla,Silciema 13,3,59,4,Hruščova projekts,65000,1101.69,1,56.98584,24.23998,13.0,Silciema iela,07/06/2019 08:01,10/06/2019 08:01
2614,Latvia,Riga,Centrs,Brīvības 91,3,56,3,Renovēts,130000,2321.43,1,56.96077,24.13144,91.0,Brīvības iela,07/06/2019 08:01,10/06/2019 08:01
2616,Latvia,Riga,Centrs,Brīvības 91,3,56,2,Renovēts,141065,2519.02,1,56.96077,24.13144,91.0,Brīvības iela,07/06/2019 08:01,16/06/2019 08:01
2617,Latvia,Riga,Purvciems,Burtnieku 33,1,18,4,Mazģimeņu projekts,19900,1105.56,1,56.96907,24.18228,33.0,Burtnieku iela,07/06/2019 08:01,16/06/2019 08:01
2618,Latvia,Riga,Šampēteris-Pleskodāle,Lielirbes 11,3,93,17,Jaunais projekts,149000,1602.15,1,56.93415,24.04373,11.0,Lielirbes iela,07/06/2019 08:01,10/06/2019 08:01
2620,Latvia,Riga,Centrs,Tērbatas 6,2,50,1,Pirmskara projekts,78000,1560.0,1,56.95323,24.12041,6.0,Tērbatas iela,07/06/2019 08:01,10/06/2019 08:01
2621,Latvia,Riga,Centrs,Lāčplēša 120,3,55,6,Jaunais projekts,99500,1809.09,1,56.96149,24.1387,36.0,Lāčplēša iela,07/06/2019 08:01,10/06/2019 08:01
2622,Latvia,Riga,Purvciems,Purvciema 53,1,44,5,Specprojekts,35999,818.16,1,56.95456,24.17902,53.0,Purvciema iela,07/06/2019 08:01,10/06/2019 08:01
2623,Latvia,Riga,Zolitūde,Bieziņa 12,3,75,3,119. sērija,90000,1200.0,1,56.94558,24.02429,12.0,Aleksandra Bieziņa iela,07/06/2019 08:01,10/06/2019 08:01
2625,Latvia,Riga,Purvciems,Ilūkstes 38,3,79,4,119. sērija,75000,949.37,1,56.94594,24.19816,38.0,Ilūkstes iela,07/06/2019 08:01,10/06/2019 08:01
2627,Latvia,Riga,Maskavas priekšpilsēta,Rēznas 7,1,29,1,Hruščova projekts,32000,1103.45,1,56.93663,24.16231,7.0,Rēznas iela,07/06/2019 08:01,10/06/2019 08:01
2628,Latvia,Riga,Mežciems,Gaiļezera 2,3,64,1,602. sērija,66500,1039.06,1,56.96838,24.23354,2.0,Gaiļezera iela,07/06/2019 08:01,10/06/2019 08:01
2630,Latvia,Riga,Ziepniekkalns,Īslīces 1,3,75,8,119. sērija,72000,960.0,1,56.90054,24.08335,1.0,Īslīces iela,07/06/2019 08:01,10/06/2019 08:01
2631,Latvia,Riga,Imanta,Kurzemes pr. 40,2,50,4,Lietuviešu projekts,55000,1100.0,1,56.96245,24.02887,40.0,Kurzemes prospekts,07/06/2019 08:01,10/06/2019 08:01
2632,Latvia,Riga,Pļavnieki,Rudens 10,4,75,9,602. sērija,71900,958.67,1,56.93747,24.20099,10.0,Rudens iela,07/06/2019 08:01,07/06/2019 08:01
2634,Latvia,Riga,Mežciems,Mežciema 23,3,73,3,104. sērija,87000,1191.78,1,56.9712,24.23441,23.0,Mežciema iela,07/06/2019 08:01,10/06/2019 08:01
2635,Latvia,Riga,Šampēteris-Pleskodāle,Lielirbes 6,2,70,2,Specprojekts,90000,1285.71,1,56.93546,24.04329,6.0,Lielirbes iela,07/06/2019 08:01,10/06/2019 08:01
2636,Latvia,Riga,Citi,Lielirbes 6,1,36,5,Specprojekts,55000,1527.78,1,56.93546,24.04329,6.0,Lielirbes iela,07/06/2019 08:01,10/06/2019 08:01
2639,Latvia,Riga,Centrs,Tallinas 86,1,33,2,Renovēts,65400,1981.82,1,56.95654,24.14794,86.0,Tallinas iela,07/06/2019 08:01,10/06/2019 08:01
2641,Latvia,Riga,Āgenskalns,Bauskas 33,3,125,6,Jaunais projekts,148990,1191.92,1,56.92109,24.09654,33.0,Bauskas iela,07/06/2019 08:01,10/06/2019 08:01
2642,Latvia,Riga,Centrs,Stabu 19,4,107,6,Pirmskara projekts,240000,2242.99,1,56.95757,24.12618,19.0,Stabu iela,07/06/2019 08:01,10/06/2019 08:01
2643,Latvia,Riga,Maskavas priekšpilsēta,Katoļu 31,2,46,3,Jaunais projekts,75000,1630.43,1,56.94353,24.1362,31.0,Katoļu iela,07/06/2019 08:01,16/06/2019 08:01
2644,Latvia,Riga,Centrs,Bruņinieku 78,2,53,4,Pirmskara projekts,45000,849.06,1,56.95087,24.14186,78.0,Bruņinieku iela,07/06/2019 08:01,16/06/2019 08:01
2645,Latvia,Riga,Purvciems,Dzelzavas 15,2,41,4,Hruščova projekts,44500,1085.37,1,56.96258,24.17208,15.0,Dzelzavas iela,07/06/2019 08:01,10/06/2019 08:01
2646,Latvia,Riga,Centrs,Elizabetes 22,4,91,6,Renovēts,262500,2884.62,1,56.9498,24.12185,22.0,Elizabetes iela,07/06/2019 08:01,16/06/2019 08:01
2647,Latvia,Riga,Jugla,Brīvības 418,3,74,3,Staļina projekts,76500,1033.78,1,56.98761,24.23364,418.0,Brīvības gatve,07/06/2019 08:01,16/06/2019 08:01
2648,Latvia,Riga,Mežaparks,Ezermalas 27,1,38,7,Specprojekts,48000,1263.16,1,57.00106,24.16941,27.0,Ezermalas iela,07/06/2019 08:01,16/06/2019 08:01
2649,Latvia,Riga,Šampēteris-Pleskodāle,Apuzes 13,3,74,1,Jaunais projekts,114500,1547.3,1,56.93531,24.02879,13.0,Apuzes iela,07/06/2019 08:01,16/06/2019 08:01
2650,Latvia,Riga,Centrs,Valdemāra 109,3,68,2,103. sērija,116500,1713.24,1,56.96575,24.12878,109.0,Krišjāņa Valdemāra iela,07/06/2019 08:01,10/06/2019 08:01
2651,Latvia,Riga,Purvciems,Astras 8,3,79,12,Jaunais projekts,158000,2000.0,1,56.92988,24.05259,8.0,Astras iela,07/06/2019 08:01,10/06/2019 08:01
2652,Latvia,Riga,Centrs,Dzirnavu 31,4,90,5,Pirmskara projekts,155000,1722.22,1,56.95907,24.11234,31.0,Dzirnavu iela,07/06/2019 08:01,16/06/2019 08:01
2653,Latvia,Riga,Maskavas priekšpilsēta,Rēznas 7,2,43,2,Hruščova projekts,40000,930.23,1,56.93663,24.16231,7.0,Rēznas iela,07/06/2019 08:01,16/06/2019 08:01
2654,Latvia,Riga,Purvciems,Staiceles 15,2,52,4,602. sērija,48500,932.69,1,56.95861,24.1736,15.0,Staiceles iela,07/06/2019 08:01,16/06/2019 08:01
2656,Latvia,Riga,Mežaparks,Ezermalas 27,2,52,7,Čehu projekts,70000,1346.15,1,57.00106,24.16941,27.0,Ezermalas iela,07/06/2019 08:01,10/06/2019 08:01
2657,Latvia,Riga,Pļavnieki,Ilūkstes 6,1,46,2,Mazģimeņu projekts,38500,836.96,1,56.93406,24.19696,6.0,Ilūkstes iela,07/06/2019 08:01,10/06/2019 08:01
2658,Latvia,Riga,Ķengarags,Lokomotīves 78,2,45,5,Lietuviešu projekts,38000,844.44,1,56.9033,24.21215,78.0,Lokomotīves iela,07/06/2019 08:01,16/06/2019 08:01
2661,Latvia,Riga,Purvciems,Purvciema 24,4,95,6,119. sērija,105000,1105.26,1,56.95325,24.17288,24.0,Purvciema iela,07/06/2019 08:01,16/06/2019 08:01
2662,Latvia,Riga,Centrs,J. Daliņa 8,4,130,15,Jaunais projekts,328000,2523.08,1,56.97171,24.12468,8.0,Jāņa Daliņa iela,07/06/2019 08:01,10/06/2019 08:01
2663,Latvia,Riga,Ķengarags,Maskavas 279,1,30,4,Lietuviešu projekts,30000,1000.0,1,56.9199,24.17409,279.0,Maskavas iela,07/06/2019 08:01,10/06/2019 08:01
2664,Latvia,Riga,Centrs,Tērbatas 97,3,96,5,Pirmskara projekts,174000,1812.5,1,56.9614,24.13764,97.0,Tērbatas iela,07/06/2019 08:01,10/06/2019 08:01
2667,Latvia,Riga,Iļģuciems,Lilijas 13,3,51,1,Privātmāja,14890,291.96,1,56.96471,24.06647,13.0,Lilijas iela,07/06/2019 08:01,10/06/2019 08:01
2669,Latvia,Riga,Vecmīlgrāvis,Emmas 14,2,43,3,Staļina projekts,13680,318.14,1,57.02994,24.11193,14.0,Emmas iela,07/06/2019 08:01,10/06/2019 08:01
2671,Latvia,Riga,Citi,Elvīras 18,2,47,3,Hruščova projekts,47500,1010.64,1,56.94676,24.04951,18.0,Elvīras iela,07/06/2019 08:01,10/06/2019 08:01
2673,Latvia,Riga,Centrs,Pērnavas 1,2,51,5,Staļina projekts,80000,1568.63,1,56.96707,24.14732,1.0,Pērnavas iela,07/06/2019 08:01,16/06/2019 08:01
2674,Latvia,Riga,Teika,Krustabaznīcas 3,1,23,1,Pirmskara projekts,14950,650.0,1,56.98292,24.19488,3.0,Krustabaznīcas iela,07/06/2019 08:01,16/06/2019 08:01
2675,Latvia,Riga,Maskavas priekšpilsēta,Krāslavas 14,2,40,2,Jaunais projekts,80000,2000.0,1,56.94306,24.13451,14.0,Krāslavas iela,07/06/2019 08:01,10/06/2019 08:01
2676,Latvia,Riga,Centrs,Ģertrūdes 105,3,110,5,Jaunais projekts,210000,1909.09,1,56.94952,24.13743,105.0,Ģertrūdes iela,07/06/2019 08:01,10/06/2019 08:01
2678,Latvia,Riga,Centrs,Matīsa 131,1,24,1,Pirmskara projekts,15800,658.33,1,56.94869,24.1514,131.0,Matīsa iela,07/06/2019 08:01,16/06/2019 08:01
2679,Latvia,Riga,Šampēteris-Pleskodāle,Volguntes 40,3,164,4,Jaunais projekts,265000,1615.85,1,56.93744,24.03756,40.0,Volguntes iela,07/06/2019 08:01,16/06/2019 08:01
2680,Latvia,Riga,Centrs,Tērbatas 50,3,83,5,Pirmskara projekts,180000,2168.67,1,56.95631,24.1272,50.0,Tērbatas iela,07/06/2019 08:01,10/06/2019 08:01
2682,Latvia,Riga,Āgenskalns,Bauskas 23,1,32,2,Pirmskara projekts,32000,1000.0,1,56.92217,24.09536,23.0,Bauskas iela,07/06/2019 08:01,16/06/2019 08:01
2683,Latvia,Riga,Centrs,Alunāna 6,2,64,3,Pirmskara projekts,120000,1875.0,1,56.95682,24.11161,6.0,Jura Alunāna iela,07/06/2019 08:01,10/06/2019 08:01
2684,Latvia,Riga,Purvciems,Ūnijas 74,4,169,4,Jaunais projekts,195000,1153.85,1,56.96052,24.18123,74.0,Ūnijas iela,07/06/2019 08:01,10/06/2019 08:01
2686,Latvia,Riga,Ķengarags,Prūšu 46,3,88,5,Jaunais projekts,117000,1329.55,1,56.90845,24.19543,46.0,Prūšu iela,07/06/2019 08:01,10/06/2019 08:01
2691,Latvia,Riga,Zolitūde,Rostokas 38,3,76,1,119. sērija,66900,880.26,1,56.94861,24.01269,38.0,Rostokas iela,07/06/2019 08:01,16/06/2019 08:01
2692,Latvia,Riga,Pļavnieki,Deglava 154,2,50,2,602. sērija,45500,910.0,1,56.94435,24.21812,154.0,Augusta Deglava iela,07/06/2019 08:01,16/06/2019 08:01
2693,Latvia,Riga,Ziepniekkalns,Īslīces 1,2,59,10,119. sērija,62000,1050.85,1,56.90054,24.08335,1.0,Īslīces iela,07/06/2019 08:01,10/06/2019 08:01
2694,Latvia,Riga,Centrs,Marijas 16,3,65,7,Renovēts,136600,2101.54,1,56.95053,24.12549,16.0,Marijas iela,07/06/2019 08:01,16/06/2019 08:01
2695,Latvia,Riga,Bolderāja,Platā 6,3,60,2,Staļina projekts,47000,783.33,1,57.02804,24.04178,6.0,Platā iela,07/06/2019 08:01,10/06/2019 08:01
2696,Latvia,Riga,Zolitūde,Ruses 2,2,58,1,119. sērija,57900,998.28,1,56.9476,24.00081,2.0,Ruses iela,07/06/2019 08:01,16/06/2019 08:01
2697,Latvia,Riga,Centrs,Pulkv. Brieža 13,4,102,6,Renovēts,239000,2343.14,1,56.96056,24.10539,13.0,Pulkveža Brieža iela,07/06/2019 08:01,10/06/2019 08:01
2698,Latvia,Riga,Centrs,Tallinas 86,2,44,5,Renovēts,87680,1992.73,1,56.95654,24.14794,86.0,Tallinas iela,07/06/2019 08:01,10/06/2019 08:01
2699,Latvia,Riga,Citi,Neretas 6,1,26,1,Pirmskara projekts,13499,519.19,1,56.92019,24.09554,6.0,Neretas iela,07/06/2019 08:01,10/06/2019 08:01
2700,Latvia,Riga,Purvciems,Nīcgales 6,2,46,5,Lietuviešu projekts,53000,1152.17,1,56.95826,24.17557,6.0,Nīcgales iela,07/06/2019 08:01,10/06/2019 08:01
2701,Latvia,Riga,Centrs,Valdemāra 93,3,80,5,Staļina projekts,93500,1168.75,1,56.96408,24.12637,93.0,Krišjāņa Valdemāra iela,07/06/2019 08:01,10/06/2019 08:01
2702,Latvia,Riga,Centrs,Vīlandes 16,3,90,2,Renovēts,265000,2944.44,1,56.96141,24.10225,16.0,Vīlandes iela,07/06/2019 08:01,16/06/2019 08:01
2706,Latvia,Riga,Mežciems,Hipokrāta 11,3,73,2,104. sērija,67000,917.81,1,56.9672,24.23758,11.0,Hipokrāta iela,07/06/2019 08:01,10/06/2019 08:01
2707,Latvia,Riga,Teika,Ropažu 103,3,59,1,Staļina projekts,62000,1050.85,1,56.98348,24.1974,103.0,Ropažu iela,07/06/2019 08:01,10/06/2019 08:01
2708,Latvia,Riga,Centrs,Indrānu 17,2,49,3,Renovēts,99000,2020.41,1,56.96898,24.14486,17.0,Indrānu iela,07/06/2019 08:01,10/06/2019 08:01
2709,Latvia,Riga,Centrs,Ausekļa 3,2,42,4,Pirmskara projekts,85000,2023.81,1,56.96001,24.09978,3.0,Ausekļa iela,07/06/2019 08:01,10/06/2019 08:01
2710,Latvia,Riga,Āgenskalns,Valentīna 16,1,34,3,Jaunais projekts,59000,1735.29,1,56.94103,24.05391,16.0,Valentīna iela,07/06/2019 08:01,10/06/2019 08:01
2711,Latvia,Riga,Ziepniekkalns,Saulkalnes 9,1,29,3,Hruščova projekts,27900,962.07,1,56.91435,24.09915,9.0,Saulkalnes iela,07/06/2019 08:01,10/06/2019 08:01
2712,Latvia,Riga,Centrs,Brīvības 70,4,180,3,Pirmskara projekts,215000,1194.44,1,56.95756,24.12384,70.0,Brīvības iela,07/06/2019 08:01,10/06/2019 08:01
2714,Latvia,Riga,Purvciems,Ilūkstes 103,2,52,1,103. sērija,49400,950.0,1,56.95378,24.19434,103.0,Ilūkstes iela,07/06/2019 08:01,10/06/2019 08:01
2715,Latvia,Riga,Centrs,Blaumaņa 6,5,144,3,Pirmskara projekts,185000,1284.72,1,56.95537,24.12134,6.0,Blaumaņa iela,07/06/2019 08:01,10/06/2019 08:01
2716,Latvia,Riga,Imanta,Anniņmuižas 43,4,137,19,Jaunais projekts,250000,1824.82,1,56.9591,24.01397,43.0,Anniņmuižas bulvāris,07/06/2019 08:01,16/06/2019 08:01
2717,Latvia,Riga,Imanta,Anniņmuižas 41,3,97,5,Jaunais projekts,158000,1628.87,1,56.95966,24.01484,41.0,Anniņmuižas bulvāris,07/06/2019 08:01,16/06/2019 08:01
2718,Latvia,Riga,Centrs,Ausekļa 14,2,71,4,Renovēts,260000,3661.97,1,56.96163,24.10046,14.0,Ausekļa iela,07/06/2019 08:01,10/06/2019 08:01
2719,Latvia,Riga,Centrs,Stabu 14,4,135,3,Pirmskara projekts,250000,1851.85,1,56.91029,24.11353,14.0,Staburaga iela,07/06/2019 08:01,10/06/2019 08:01
2722,Latvia,Riga,Purvciems,Purvciema 15,3,76,12,104. sērija,79777,1049.7,1,56.95356,24.1685,15.0,Purvciema iela,07/06/2019 08:01,16/06/2019 08:01
2723,Latvia,Riga,Centrs,Silmaču 1,2,54,4,Jaunais projekts,107000,1981.48,1,56.96882,24.148,1.0,Silmaču iela,07/06/2019 08:01,10/06/2019 08:01
2724,Latvia,Riga,Āgenskalns,M. Nometņu 7,2,37,2,Pirmskara projekts,37700,1018.92,1,56.93392,24.077,7.0,Mazā Nometņu iela,07/06/2019 08:01,10/06/2019 08:01
2725,Latvia,Riga,Ziepniekkalns,Komētas 22,3,77,3,Jaunais projekts,119000,1545.45,1,56.91445,24.13248,13.0,Komētas iela,07/06/2019 08:01,16/06/2019 08:01
2727,Latvia,Riga,Teika,Bajāru 16,3,65,1,Jaunais projekts,109800,1689.23,1,56.97204,24.18072,16.0,Bajāru iela,07/06/2019 08:01,10/06/2019 08:01
2728,Latvia,Riga,Ziepniekkalns,Komētas 26,3,76,2,Jaunais projekts,123000,1618.42,1,56.91445,24.13248,13.0,Komētas iela,07/06/2019 08:01,16/06/2019 08:01
2729,Latvia,Riga,Ziepniekkalns,Zaļenieku 18,4,121,6,Jaunais projekts,199850,1651.65,1,56.90934,24.09625,18.0,Zaļenieku iela,07/06/2019 08:01,10/06/2019 08:01
2730,Latvia,Riga,Sarkandaugava,Tvaika 16,3,58,1,Specprojekts,51500,887.93,1,56.99981,24.11842,16.0,Tvaika iela,07/06/2019 08:01,16/06/2019 08:01
2732,Latvia,Riga,Centrs,Čaka 132,2,45,1,Pirmskara projekts,40000,888.89,1,56.96139,24.14648,132.0,Aleksandra Čaka iela,07/06/2019 08:01,16/06/2019 08:01
2734,Latvia,Riga,Centrs,Indrānu 5,2,63,4,Jaunais projekts,135000,2142.86,1,56.96828,24.14678,5.0,Indrānu iela,07/06/2019 08:01,16/06/2019 08:01
2735,Latvia,Riga,Ziepniekkalns,Kartupeļu 6,1,19,2,Staļina projekts,20000,1052.63,1,56.91266,24.09848,6.0,Kartupeļu iela,07/06/2019 08:01,16/06/2019 08:01
2737,Latvia,Riga,Centrs,Tallinas 75,1,33,3,Pirmskara projekts,35000,1060.61,1,56.95761,24.14713,75.0,Tallinas iela,07/06/2019 08:01,10/06/2019 08:01
2738,Latvia,Riga,Jugla,Brīvības 411,2,37,4,Specprojekts,35800,967.57,1,56.9905,24.24205,411.0,Brīvības gatve,07/06/2019 08:01,10/06/2019 08:01
2741,Latvia,Riga,Citi,Vienības g. 53,3,77,2,Pirmskara projekts,54500,707.79,1,56.91935,24.08771,53.0,Vienības gatve,07/06/2019 08:01,08/06/2019 08:01
2742,Latvia,Riga,Āgenskalns,Kuldīgas 29,3,90,2,Pirmskara projekts,110000,1222.22,1,56.94883,24.06192,29.0,Kuldīgas iela,07/06/2019 08:01,16/06/2019 08:01
2743,Latvia,Riga,Āgenskalns,Lapu 7,4,121,3,Pirmskara projekts,168000,1388.43,1,56.87487,24.24881,7.0,Rožlapu iela,07/06/2019 08:01,16/06/2019 08:01
2744,Latvia,Riga,Āgenskalns,Vienības g. 53,3,77,2,Pirmskara projekts,54500,707.79,1,56.91935,24.08771,53.0,Vienības gatve,07/06/2019 08:01,08/06/2019 08:01
2745,Latvia,Riga,Ķengarags,Aglonas 10,3,60,2,Lietuviešu projekts,50000,833.33,1,56.9104,24.18342,10.0,Aglonas iela,07/06/2019 08:01,10/06/2019 08:01
2746,Latvia,Riga,Grīziņkalns,Alauksta 21,1,34,5,Pirmskara projekts,35000,1029.41,1,56.95995,24.15133,21.0,Alauksta iela,07/06/2019 08:01,10/06/2019 08:01
2747,Latvia,Riga,Centrs,Baznīcas 41,3,96,3,Specprojekts,146000,1520.83,1,56.95967,24.1242,41.0,Baznīcas iela,07/06/2019 08:01,10/06/2019 08:01
2748,Latvia,Riga,Vecmīlgrāvis,Gliemežu 5,1,40,1,Specprojekts,28500,712.5,1,57.03717,24.08823,5.0,Gliemežu iela,07/06/2019 08:01,10/06/2019 08:01
2751,Latvia,Riga,Ziepniekkalns,Vienības g. 126,1,21,2,Pirmskara projekts,11000,523.81,1,56.91385,24.08752,126.0,Vienības gatve,07/06/2019 08:01,10/06/2019 08:01
2752,Latvia,Riga,Centrs,Bruņinieku 43,1,22,5,Pirmskara projekts,18000,818.18,1,56.95614,24.1326,43.0,Bruņinieku iela,07/06/2019 08:01,16/06/2019 08:01
2753,Latvia,Riga,Imanta,Kurzemes pr. 30,2,49,3,Lietuviešu projekts,53500,1091.84,1,56.96121,24.03121,30.0,Kurzemes prospekts,07/06/2019 08:01,10/06/2019 08:01
2754,Latvia,Riga,Jugla,Malienas 78,3,59,5,Lietuviešu projekts,58000,983.05,1,56.97588,24.25326,78.0,Malienas iela,07/06/2019 08:01,10/06/2019 08:01
2756,Latvia,Riga,Imanta,Kurzemes pr. 110,3,62,4,602. sērija,62500,1008.06,1,56.96786,24.01132,110.0,Kurzemes prospekts,07/06/2019 08:01,10/06/2019 08:01
2758,Latvia,Riga,Šampēteris-Pleskodāle,Lielirbes 11,3,93,17,Jaunais projekts,149000,1602.15,1,56.93415,24.04373,11.0,Lielirbes iela,07/06/2019 08:01,10/06/2019 08:01
2761,Latvia,Riga,Ziepniekkalns,Ozolciema 46,3,63,5,602. sērija,56000,888.89,1,56.90178,24.09964,46.0,Ozolciema iela,07/06/2019 08:01,16/06/2019 08:01
2762,Latvia,Riga,Teika,Brīvības 313,3,106,1,Specprojekts,113000,1066.04,1,56.98272,24.19616,313.0,Brīvības gatve,07/06/2019 08:01,10/06/2019 08:01
2763,Latvia,Riga,Imanta,Anniņmuižas 41,2,64,7,Jaunais projekts,100000,1562.5,1,56.95966,24.01484,41.0,Anniņmuižas bulvāris,07/06/2019 08:01,16/06/2019 08:01
2764,Latvia,Riga,Centrs,Dzirnavu 63,5,141,3,Pirmskara projekts,170000,1205.67,1,56.95486,24.12016,63.0,Dzirnavu iela,07/06/2019 08:01,10/06/2019 08:01
2765,Latvia,Riga,Citi,Rusova 9,3,77,1,Jaunais projekts,115000,1493.51,1,56.98863,24.16984,9.0,Rusova iela,07/06/2019 08:01,10/06/2019 08:01
2766,Latvia,Riga,Šampēteris-Pleskodāle,Lielirbes 13,2,68,11,Jaunais projekts,112000,1647.06,1,56.93334,24.04343,13.0,Lielirbes iela,07/06/2019 08:01,10/06/2019 08:01
2767,Latvia,Riga,Pļavnieki,Ulbrokas 22,3,62,4,602. sērija,63000,1016.13,1,56.94432,24.21776,22.0,Ulbrokas iela,07/06/2019 08:01,09/06/2019 08:01
2769,Latvia,Riga,Centrs,Stabu 57,3,99,4,Pirmskara projekts,132000,1333.33,1,56.95356,24.13449,57.0,Stabu iela,07/06/2019 08:01,16/06/2019 08:01
2770,Latvia,Riga,Ķengarags,Prūšu 4,3,59,1,Jaunais projekts,71858,1217.93,1,56.89123,24.03524,4.0,Prūšu iela,07/06/2019 08:01,09/06/2019 08:01
2771,Latvia,Riga,Centrs,Avotu 16,2,50,1,Pirmskara projekts,42500,850.0,1,56.95047,24.13005,16.0,Avotu iela,07/06/2019 08:01,09/06/2019 08:01
2772,Latvia,Riga,Centrs,Tērbatas 4,2,57,5,Pirmskara projekts,165000,2894.74,1,56.95303,24.12002,4.0,Tērbatas iela,07/06/2019 08:01,09/06/2019 08:01
2773,Latvia,Riga,Purvciems,Burtnieku 35,1,20,4,Hruščova projekts,19500,975.0,1,56.96729,24.18113,35.0,Burtnieku iela,07/06/2019 08:01,16/06/2019 08:01
2774,Latvia,Riga,Zolitūde,Priedaines 13,4,184,5,Jaunais projekts,179000,972.83,1,56.94285,24.01554,13.0,Priedaines iela,07/06/2019 08:01,16/06/2019 08:01
2775,Latvia,Riga,Centrs,Visvalža 1,3,85,2,Pirmskara projekts,119000,1400.0,1,56.94914,24.12692,1.0,Visvalža iela,07/06/2019 08:01,09/06/2019 08:01
2777,Latvia,Riga,Centrs,Ģertrūdes 16,3,66,4,Renovēts,158400,2400.0,1,56.95655,24.1232,16.0,Ģertrūdes iela,07/06/2019 08:01,16/06/2019 08:01
2778,Latvia,Riga,Centrs,Ģertrūdes 16,3,63,4,Renovēts,144900,2300.0,1,56.95655,24.1232,16.0,Ģertrūdes iela,07/06/2019 08:01,16/06/2019 08:01
2781,Latvia,Riga,Centrs,Barona 30,2,55,4,Renovēts,153440,2789.82,1,56.95238,24.12388,30.0,Krišjāņa Barona iela,07/06/2019 08:01,16/06/2019 08:01
2782,Latvia,Riga,Centrs,Blaumaņa 34,4,103,3,Pirmskara projekts,174250,1691.75,1,56.95195,24.12559,34.0,Blaumaņa iela,07/06/2019 08:01,16/06/2019 08:01
2783,Latvia,Riga,Centrs,Čaka 36,1,36,5,Pirmskara projekts,64000,1777.78,1,56.95272,24.13,36.0,Aleksandra Čaka iela,07/06/2019 08:01,09/06/2019 08:01
2784,Latvia,Riga,Citi,Tēraudlietuves 10,1,25,1,Pirmskara projekts,13500,540.0,1,56.9814,24.15211,10.0,Tēraudlietuves iela,07/06/2019 08:01,09/06/2019 08:01
2785,Latvia,Riga,Jugla,Kvēles 31,3,59,3,Lietuviešu projekts,59000,1000.0,1,56.98286,24.24668,31.0,Kvēles iela,07/06/2019 08:01,16/06/2019 08:01
2786,Latvia,Riga,Purvciems,Ķeguma 60,1,39,5,Mazģimeņu projekts,27000,692.31,1,56.96471,24.19614,60.0,Ķeguma iela,07/06/2019 08:01,09/06/2019 08:01
2787,Latvia,Riga,Centrs,Brīvības 74,3,101,5,Pirmskara projekts,199000,1970.3,1,56.95793,24.12452,74.0,Brīvības iela,07/06/2019 08:01,09/06/2019 08:01
2788,Latvia,Riga,Centrs,Birznieka-Upīša 13,3,76,6,Jaunais projekts,188000,2473.68,1,56.94911,24.12647,13.0,Ernesta Birznieka-Upīša iela,07/06/2019 08:01,09/06/2019 08:01
2790,Latvia,Riga,Vecmīlgrāvis,Stiebru 2,3,55,5,Lietuviešu projekts,55500,1009.09,1,57.03347,24.09431,2.0,Stiebru iela,07/06/2019 08:01,16/06/2019 08:01
2791,Latvia,Riga,Vecrīga,Arsenāla 7,3,80,3,Pirmskara projekts,110000,1375.0,1,56.95081,24.10296,7.0,Arsenāla iela,07/06/2019 08:01,16/06/2019 08:01
2792,Latvia,Riga,Pļavnieki,Zemes 7,3,63,1,602. sērija,82000,1301.59,1,56.94256,24.19917,7.0,Zemes iela,07/06/2019 08:01,09/06/2019 08:01
2793,Latvia,Riga,Imanta,Anniņmuižas 30,3,75,5,Specprojekts,95000,1266.67,1,56.96042,24.01939,30.0,Anniņmuižas bulvāris,07/06/2019 08:01,09/06/2019 08:01
2794,Latvia,Riga,Mežaparks,Viestura pr. 47,2,49,8,Specprojekts,48500,989.8,1,57.00241,24.12862,47.0,Viestura prospekts,07/06/2019 08:01,09/06/2019 08:01
2795,Latvia,Riga,Āgenskalns,Kuldīgas 39,4,155,1,Pirmskara projekts,171000,1103.23,1,56.94652,24.05799,39.0,Kuldīgas iela,07/06/2019 08:01,16/06/2019 08:01
2796,Latvia,Riga,Purvciems,Ilūkstes 32,3,80,2,119. sērija,77900,973.75,1,56.94511,24.19758,32.0,Ilūkstes iela,07/06/2019 08:01,16/06/2019 08:01
2797,Latvia,Riga,Daugavgrīva,Plēksnes 6,2,50,1,103. sērija,29500,590.0,1,57.04021,24.03134,6.0,Plēksnes iela,07/06/2019 08:01,16/06/2019 08:01
2798,Latvia,Riga,Mežaparks,Viestura pr. 51,2,48,2,Specprojekts,46000,958.33,1,57.00236,24.12755,51.0,Viestura prospekts,07/06/2019 08:01,09/06/2019 08:01
2800,Latvia,Riga,Purvciems,Kurmju 7,2,42,2,Specprojekts,55000,1309.52,1,56.95357,24.18575,7.0,Kurmju iela,07/06/2019 08:01,09/06/2019 08:01
2801,Latvia,Riga,Ķengarags,Ķengaraga 5,2,38,3,Lietuviešu projekts,55000,1447.37,1,56.91584,24.16937,5.0,Ķengaraga iela,07/06/2019 08:01,09/06/2019 08:01
2802,Latvia,Riga,Ziepniekkalns,Kaplavas 5,3,99,4,Jaunais projekts,140000,1414.14,1,56.90834,24.07889,5.0,Kaplavas iela,07/06/2019 08:01,16/06/2019 08:01
2803,Latvia,Riga,Grīziņkalns,Laboratorijas 14,2,58,5,Specprojekts,80000,1379.31,1,56.95904,24.14662,14.0,Laboratorijas iela,07/06/2019 08:01,09/06/2019 08:01
2804,Latvia,Riga,Pļavnieki,Deglava 152,4,79,9,602. sērija,75500,955.7,1,56.94457,24.21632,152.0,Augusta Deglava iela,07/06/2019 08:01,09/06/2019 08:01
2805,Latvia,Riga,Jugla,Brīvības 371,2,43,4,Hruščova projekts,36900,858.14,1,56.9879,24.22045,371.0,Brīvības gatve,07/06/2019 08:01,09/06/2019 08:01
2806,Latvia,Riga,Ķengarags,Plostu 12,1,41,4,Specprojekts,40500,987.8,1,56.90491,24.1964,12.0,Plostu iela,07/06/2019 08:01,09/06/2019 08:01
2807,Latvia,Riga,Sarkandaugava,Tvaika 54,2,44,3,Hruščova projekts,35000,795.45,1,57.00794,24.12443,54.0,Tvaika iela,07/06/2019 08:01,16/06/2019 08:01
2808,Latvia,Riga,Purvciems,Zvaigznāja g. 9,2,49,2,Lietuviešu projekts,50000,1020.41,1,56.95277,24.2074,9.0,Zvaigznāja gatve,07/06/2019 08:01,09/06/2019 08:01
2809,Latvia,Riga,Ķengarags,Lokomotīves 52,1,34,6,Čehu projekts,33500,985.29,1,56.90819,24.20177,52.0,Lokomotīves iela,07/06/2019 08:01,09/06/2019 08:01
2810,Latvia,Riga,Purvciems,Madonas 21,2,57,3,Specprojekts,79950,1402.63,1,56.9609,24.171,21.0,Madonas iela,07/06/2019 08:01,09/06/2019 08:01
2811,Latvia,Riga,Zolitūde,Gramzdas 21,4,95,5,119. sērija,98000,1031.58,1,56.94312,24.00547,21.0,Gramzdas iela,07/06/2019 08:01,09/06/2019 08:01
2812,Latvia,Riga,Centrs,Eksporta 10,2,50,5,Staļina projekts,87000,1740.0,1,56.96803,24.09826,10.0,Eksporta iela,07/06/2019 08:01,16/06/2019 08:01
2815,Latvia,Riga,Pļavnieki,Pļavnieku 5,3,62,9,602. sērija,71000,1145.16,1,56.94249,24.21088,5.0,Pļavnieku iela,07/06/2019 08:01,16/06/2019 08:01
2816,Latvia,Riga,Imanta,Slokas 193,3,69,1,Lietuviešu projekts,58000,840.58,1,56.9632,24.01605,193.0,Slokas iela,07/06/2019 08:01,09/06/2019 08:01
2817,Latvia,Riga,Ziepniekkalns,Kaplavas 5,4,140,2,Jaunais projekts,180700,1290.71,1,56.90834,24.07889,5.0,Kaplavas iela,07/06/2019 08:01,09/06/2019 08:01
2818,Latvia,Riga,Ziepniekkalns,Valdeķu 61,4,90,5,119. sērija,90000,1000.0,1,56.90041,24.09109,61.0,Valdeķu iela,07/06/2019 08:01,16/06/2019 08:01
2819,Latvia,Riga,Ziepniekkalns,Valdeķu 13,3,55,5,Hruščova projekts,59998,1090.87,1,56.91653,24.096,13.0,Valdeķu iela,07/06/2019 08:01,09/06/2019 08:01
2820,Latvia,Riga,Āgenskalns,Kristapa 8,1,18,1,Mazģimeņu projekts,21500,1194.44,1,56.94269,24.06096,8.0,Kristapa iela,07/06/2019 08:01,16/06/2019 08:01
2821,Latvia,Riga,Vecmīlgrāvis,Emmas 28,1,19,1,Specprojekts,22400,1178.95,1,57.03219,24.11679,28.0,Emmas iela,07/06/2019 08:01,09/06/2019 08:01
2822,Latvia,Riga,Centrs,Duntes 28,4,138,16,Jaunais projekts,162500,1177.54,1,56.98778,24.13353,28.0,Duntes iela,07/06/2019 08:01,09/06/2019 08:01
2823,Latvia,Riga,Centrs,Valdemāra 119,3,76,2,Pirmskara projekts,137000,1802.63,1,56.96667,24.1297,119.0,Krišjāņa Valdemāra iela,07/06/2019 08:01,16/06/2019 08:01
2824,Latvia,Riga,Ķengarags,Maskavas 256,2,49,5,Hruščova projekts,48000,979.59,1,56.91091,24.17528,256.0,Maskavas iela,07/06/2019 08:01,09/06/2019 08:01
2825,Latvia,Riga,Mežciems,Druvienas 32,2,49,5,Lietuviešu projekts,45800,934.69,1,56.97035,24.23141,32.0,Druvienas iela,07/06/2019 08:01,16/06/2019 08:01
2827,Latvia,Riga,Mežciems,Kaivas 50,3,76,5,Jaunais projekts,83830,1103.03,1,56.95557,24.24257,50.0,Kaivas iela,07/06/2019 08:01,08/06/2019 08:01
2828,Latvia,Riga,Mežciems,Kaivas 50,2,57,3,Jaunais projekts,62150,1090.35,1,56.95557,24.24257,50.0,Kaivas iela,07/06/2019 08:01,08/06/2019 08:01
2829,Latvia,Riga,Centrs,Birznieka-Upīša 13,3,79,2,Jaunais projekts,218000,2759.49,1,56.94911,24.12647,13.0,Ernesta Birznieka-Upīša iela,07/06/2019 08:01,16/06/2019 08:01
2830,Latvia,Riga,Teika,Biķernieku 47,1,27,2,Pirmskara projekts,27000,1000.0,1,56.97034,24.17961,47.0,Biķernieku iela,07/06/2019 08:01,08/06/2019 08:01
2831,Latvia,Riga,Citi,Saulkrastu 2,1,22,2,Mazģimeņu projekts,19500,886.36,1,56.98751,24.18101,2.0,Saulkrastu iela,07/06/2019 08:01,08/06/2019 08:01
2832,Latvia,Riga,Āgenskalns,Nomales 8,2,42,3,Hruščova projekts,49000,1166.67,1,56.93718,24.05656,8.0,Nomales iela,07/06/2019 08:01,08/06/2019 08:01
2833,Latvia,Riga,Ziepniekkalns,Komētas 20,3,77,2,Jaunais projekts,127500,1655.84,1,56.91427,24.12837,20.0,Komētas iela,07/06/2019 08:01,08/06/2019 08:01
2834,Latvia,Riga,Ķengarags,Maltas 21,2,49,1,Lietuviešu projekts,45000,918.37,1,56.90924,24.18665,21.0,Maltas iela,07/06/2019 08:01,08/06/2019 08:01
2836,Latvia,Riga,Ziepniekkalns,Komētas 20,4,141,4,Jaunais projekts,199950,1418.09,1,56.91427,24.12837,20.0,Komētas iela,07/06/2019 08:01,08/06/2019 08:01
2837,Latvia,Riga,Centrs,Ģertrūdes 95,5,135,4,Pirmskara projekts,135000,1000.0,1,56.95021,24.1359,95.0,Ģertrūdes iela,07/06/2019 08:01,16/06/2019 08:01
2838,Latvia,Riga,Bolderāja,Stagaru 4,2,52,5,Specprojekts,32500,625.0,1,57.02909,24.035,4.0,Stagaru iela,07/06/2019 08:01,16/06/2019 08:01
2839,Latvia,Riga,Teika,Ropažu 76,2,38,2,Specprojekts,37000,973.68,1,56.98194,24.18522,76.0,Ropažu iela,07/06/2019 08:01,11/06/2019 08:00
2840,Latvia,Riga,Purvciems,Purvciema 57,1,42,6,Mazģimeņu projekts,45000,1071.43,1,56.95495,24.18138,57.0,Purvciema iela,07/06/2019 08:01,16/06/2019 08:01
2841,Latvia,Riga,Centrs,Valdemāra 57,4,72,7,Pirmskara projekts,145440,2020.0,1,56.96004,24.11979,57.0,Krišjāņa Valdemāra iela,07/06/2019 08:01,08/06/2019 08:01
2842,Latvia,Riga,Mežaparks,Ķempes 4,3,140,8,Jaunais projekts,199000,1421.43,1,56.99447,24.16623,4.0,Mirdzas Ķempes iela,07/06/2019 08:01,16/06/2019 08:01
2843,Latvia,Riga,Centrs,Sadovņikova 21,3,65,4,Specprojekts,80700,1241.54,1,56.94227,24.1328,21.0,Firsa Sadovņikova iela,07/06/2019 08:01,08/06/2019 08:01
2845,Latvia,Riga,Mežciems,Druvienas 36,3,61,7,602. sērija,55000,901.64,1,56.97008,24.23294,36.0,Druvienas iela,07/06/2019 08:01,08/06/2019 08:01
2846,Latvia,Riga,Centrs,Eksporta 3,2,66,5,Pirmskara projekts,125000,1893.94,1,56.95905,24.095,3.0,Eksporta iela,07/06/2019 08:01,08/06/2019 08:01
2847,Latvia,Riga,Purvciems,Dzelzavas 75,3,61,6,467. sērija,59000,967.21,1,56.95617,24.19984,75.0,Dzelzavas iela,07/06/2019 08:01,08/06/2019 08:01
2848,Latvia,Riga,Āgenskalns,Melnsila 28,2,44,2,Hruščova projekts,61500,1397.73,1,56.94622,24.06378,28.0,Melnsila iela,07/06/2019 08:01,16/06/2019 08:01
2849,Latvia,Riga,Teika,Ropažu 78,2,46,2,Hruščova projekts,57000,1239.13,1,56.98237,24.18657,78.0,Ropažu iela,07/06/2019 08:01,08/06/2019 08:01
2850,Latvia,Riga,Sarkandaugava,Sliežu 33,1,39,1,Specprojekts,25500,653.85,1,57.00907,24.12595,33.0,Sliežu iela,07/06/2019 08:01,08/06/2019 08:01
2851,Latvia,Riga,Sarkandaugava,Hāpsalas 15,3,78,1,Specprojekts,71500,916.67,1,57.0024,24.12108,15.0,Hāpsalas iela,07/06/2019 08:01,08/06/2019 08:01
2852,Latvia,Riga,Ziepniekkalns,Ozolciema 18,3,75,5,119. sērija,75000,1000.0,1,56.89883,24.08506,18.0,Ozolciema iela,07/06/2019 08:01,08/06/2019 08:01
2853,Latvia,Riga,Ziepniekkalns,Ozolciema 18,3,75,2,119. sērija,72000,960.0,1,56.89883,24.08506,18.0,Ozolciema iela,07/06/2019 08:01,08/06/2019 08:01
2855,Latvia,Riga,Sarkandaugava,Viestura pr. 71,3,57,5,Hruščova projekts,46000,807.02,1,57.0062,24.12658,71.0,Viestura prospekts,07/06/2019 08:01,16/06/2019 08:01
2856,Latvia,Riga,Centrs,Lugažu 6,3,60,2,Lietuviešu projekts,58000,966.67,1,56.97492,24.10813,6.0,Lugažu iela,07/06/2019 08:01,08/06/2019 08:01
2857,Latvia,Riga,Mežciems,Eizenšteina 65,4,75,7,602. sērija,66900,892.0,1,56.96247,24.23347,65.0,Sergeja Eizenšteina iela,07/06/2019 08:01,08/06/2019 08:01
2858,Latvia,Riga,Imanta,Dumbrāja 18,3,80,4,Jaunais projekts,205000,2562.5,1,56.95732,24.01958,18.0,Dumbrāja iela,07/06/2019 08:01,08/06/2019 08:01
2859,Latvia,Riga,Ķengarags,Prūšu 4,2,68,2,Jaunais projekts,82716,1216.41,1,56.89123,24.03524,4.0,Prūšu iela,07/06/2019 08:01,07/06/2019 08:01
2860,Latvia,Riga,Āgenskalns,Ulmaņa g. 3,2,47,1,Hruščova projekts,41900,891.49,1,56.92155,24.10329,3.0,Kārļa Ulmaņa gatve,07/06/2019 08:01,07/06/2019 08:01
2861,Latvia,Riga,Centrs,Ganību d. 15,3,66,2,Pirmskara projekts,96400,1460.61,1,56.97362,24.11071,15.0,Ganību dambis,07/06/2019 08:01,07/06/2019 08:01
2862,Latvia,Riga,Centrs,Hanzas 4,3,75,3,Pirmskara projekts,155000,2066.67,1,56.96095,24.1194,4.0,Hanzas iela,07/06/2019 08:01,07/06/2019 08:01
2863,Latvia,Riga,Šampēteris-Pleskodāle,Candera 25,4,71,3,Hruščova projekts,67000,943.66,1,56.94176,24.05077,2.0,Fridriha Candera iela,07/06/2019 08:01,07/06/2019 08:01
2864,Latvia,Riga,Centrs,Brīvības 46,3,126,6,Renovēts,278000,2206.35,1,56.95526,24.11979,46.0,Brīvības iela,07/06/2019 08:01,16/06/2019 08:01
2865,Latvia,Riga,Centrs,Valdemāra 37,3,111,6,Renovēts,321030,2892.16,1,56.95865,24.11643,37.0,Krišjāņa Valdemāra iela,07/06/2019 08:01,07/06/2019 08:01
2866,Latvia,Riga,Daugavgrīva,Birzes 26,3,76,8,Specprojekts,60000,789.47,1,57.03865,24.03266,26.0,Birzes iela,07/06/2019 08:01,16/06/2019 08:01
2867,Latvia,Riga,Centrs,Tomsona 21,2,57,1,Pirmskara projekts,76260,1337.89,1,56.96503,24.1258,21.0,Tomsona iela,07/06/2019 08:01,16/06/2019 08:01
2868,Latvia,Riga,Centrs,Tomsona 21,2,57,1,Pirmskara projekts,76260,1337.89,1,56.96503,24.1258,21.0,Tomsona iela,07/06/2019 08:01,07/06/2019 08:01
2870,Latvia,Riga,Citi,Granīta 17,2,44,4,Jaunais projekts,59000,1340.91,1,56.91258,24.22344,1.0,Granīta iela,07/06/2019 08:01,16/06/2019 08:01
2871,Latvia,Riga,Citi,Briežu 9,1,27,1,Jaunais projekts,36000,1333.33,1,57.02292,24.1371,9.0,Briežu iela,07/06/2019 08:01,16/06/2019 08:01
2872,Latvia,Riga,Citi,Bauskas 4,3,86,2,Pirmskara projekts,96000,1116.28,1,56.92578,24.09378,4.0,Bauskas iela,07/06/2019 08:01,07/06/2019 08:01
2874,Latvia,Riga,Vecmīlgrāvis,Vanadziņa g. 7,3,62,2,Lietuviešu projekts,48000,774.19,1,57.03203,24.10605,7.0,Vanadziņa gatve,07/06/2019 08:01,07/06/2019 08:01
2875,Latvia,Riga,Teika,Raunas 3,2,34,2,Pirmskara projekts,26000,764.71,1,56.97,24.16952,3.0,Raunas iela,07/06/2019 08:01,07/06/2019 08:01
2876,Latvia,Riga,Purvciems,Ilūkstes 56,3,53,1,Lietuviešu projekts,61500,1160.38,1,56.95101,24.19869,56.0,Ilūkstes iela,07/06/2019 08:01,07/06/2019 08:01
2878,Latvia,Riga,Ķengarags,Krustpils 46,3,51,1,Specprojekts,16890,331.18,1,56.9059,24.2152,46.0,Krustpils iela,07/06/2019 08:01,16/06/2019 08:01
2879,Latvia,Riga,Vecmīlgrāvis,Emmas 14,3,54,3,Pirmskara projekts,19790,366.48,1,57.02994,24.11193,14.0,Emmas iela,07/06/2019 08:01,07/06/2019 08:01
2880,Latvia,Riga,Centrs,Pulkv. Brieža 13,5,102,5,Renovēts,239000,2343.14,1,56.96056,24.10539,13.0,Pulkveža Brieža iela,07/06/2019 08:01,16/06/2019 08:01
2882,Latvia,Riga,Iļģuciems,Dzirciema 71,2,58,6,602. sērija,56300,970.69,1,56.96533,24.05457,71.0,Dzirciema iela,07/06/2019 08:01,16/06/2019 08:01
2883,Latvia,Riga,Ziepniekkalns,Bikstu 6,3,104,4,Jaunais projekts,164000,1576.92,1,56.90896,24.07931,6.0,Bikstu iela,07/06/2019 08:01,16/06/2019 08:01
2884,Latvia,Riga,Bolderāja,Keramikas 4,2,42,3,Staļina projekts,26800,638.1,1,57.0264,24.04047,4.0,Keramikas iela,07/06/2019 08:01,16/06/2019 08:01
2886,Latvia,Riga,Vecmīlgrāvis,Emmas 28,1,18,1,Renovēts,21900,1216.67,1,57.03219,24.11679,28.0,Emmas iela,07/06/2019 08:01,07/06/2019 08:01
2887,Latvia,Riga,Purvciems,Madonas 19,1,37,9,119. sērija,54000,1459.46,1,56.96076,24.16993,19.0,Madonas iela,07/06/2019 08:01,07/06/2019 08:01
2889,Latvia,Riga,Zolitūde,Zolitūdes 36,3,75,9,119. sērija,105000,1400.0,1,56.94748,24.00082,36.0,Zolitūdes iela,07/06/2019 08:01,16/06/2019 08:01
2890,Latvia,Riga,Centrs,Puškina 13,3,52,3,Pirmskara projekts,38000,730.77,1,56.94186,24.1213,13.0,Puškina iela,07/06/2019 08:01,07/06/2019 08:01
2891,Latvia,Riga,Purvciems,Stirnu 61,2,43,1,Lietuviešu projekts,41800,972.09,1,56.9648,24.19429,61.0,Stirnu iela,07/06/2019 08:01,07/06/2019 08:01
2893,Latvia,Riga,Ķengarags,Prūšu 4,3,59,1,Jaunais projekts,71492,1211.73,1,56.89123,24.03524,4.0,Prūšu iela,07/06/2019 08:01,07/06/2019 08:01
2895,Latvia,Riga,Imanta,Dammes 27,2,50,9,602. sērija,55000,1100.0,1,56.96475,24.00911,27.0,Dammes iela,07/06/2019 08:01,07/06/2019 08:01
2896,Latvia,Riga,Ķengarags,Maskavas 413,3,60,1,Lietuviešu projekts,40000,666.67,1,56.90068,24.20664,413.0,Maskavas iela,07/06/2019 08:01,07/06/2019 08:01
2897,Latvia,Riga,Imanta,Zentenes 39,3,55,1,Lietuviešu projekts,65000,1181.82,1,56.95877,24.00015,39.0,Zentenes iela,07/06/2019 08:01,16/06/2019 08:01
2898,Latvia,Riga,Krasta rajons,Pļaviņu 17,3,75,2,Specprojekts,86000,1146.67,1,56.93229,24.16369,17.0,Pļaviņu iela,07/06/2019 08:01,07/06/2019 08:01
2899,Latvia,Riga,Centrs,Tallinas 52,2,60,5,Pirmskara projekts,85800,1430.0,1,56.95983,24.1415,52.0,Tallinas iela,07/06/2019 08:01,16/06/2019 08:01
2900,Latvia,Riga,Centrs,Baznīcas 7,2,46,6,Pirmskara projekts,79500,1728.26,1,56.95587,24.11758,7.0,Baznīcas iela,07/06/2019 08:01,16/06/2019 08:01
2901,Latvia,Riga,Teika,Vairoga 32,4,57,1,Renovēts,111110,1949.3,1,56.96893,24.17178,32.0,Vairoga iela,07/06/2019 08:01,16/06/2019 08:01
2904,Latvia,Riga,Imanta,Anniņmuižas 43,2,46,3,Jaunais projekts,67700,1471.74,1,56.9591,24.01397,43.0,Anniņmuižas bulvāris,07/06/2019 08:01,16/06/2019 08:01
2905,Latvia,Riga,Teika,Brīvības 354,3,69,4,Staļina projekts,86900,1259.42,1,56.98204,24.19695,354.0,Brīvības gatve,07/06/2019 08:01,07/06/2019 08:01
2906,Latvia,Riga,Centrs,Birznieka-Upīša 13,2,54,6,Jaunais projekts,137000,2537.04,1,56.94911,24.12647,13.0,Ernesta Birznieka-Upīša iela,07/06/2019 08:01,16/06/2019 08:01
2907,Latvia,Riga,Centrs,Martas 9,4,104,2,Pirmskara projekts,155000,1490.38,1,56.95513,24.1281,9.0,Martas iela,07/06/2019 08:01,16/06/2019 08:01
2908,Latvia,Riga,Sarkandaugava,Alekša 7,1,35,4,Renovēts,32000,914.29,1,56.99287,24.12533,7.0,Alekša iela,07/06/2019 08:01,07/06/2019 08:01
2909,Latvia,Riga,Ķengarags,Višķu 7,2,38,5,Lietuviešu projekts,31500,828.95,1,56.89899,24.21327,7.0,Višķu iela,07/06/2019 08:01,07/06/2019 08:01
2910,Latvia,Riga,Centrs,Stabu 11,4,89,2,Specprojekts,176000,1977.53,1,56.95921,24.12282,11.0,Stabu iela,07/06/2019 08:01,07/06/2019 08:01
2911,Latvia,Riga,Purvciems,Ilūkstes 107,4,87,6,467. sērija,92500,1063.22,1,56.95403,24.19499,107.0,Ilūkstes iela,07/06/2019 08:01,16/06/2019 08:01
2912,Latvia,Riga,Centrs,Pērnavas 6,3,67,4,Staļina projekts,98900,1476.12,1,56.96627,24.14775,6.0,Pērnavas iela,07/06/2019 08:01,16/06/2019 08:01
2913,Latvia,Riga,Jugla,Tirzas 3,2,42,1,Hruščova projekts,36600,871.43,1,56.98859,24.2258,3.0,Tirzas iela,07/06/2019 08:01,16/06/2019 08:01
2916,Latvia,Riga,Citi,Brīvības 228,2,55,1,Staļina projekts,53000,963.64,1,56.9725,24.16546,228.0,Brīvības gatve,07/06/2019 08:01,16/06/2019 08:01
2917,Latvia,Riga,Mežaparks,Kokneses pr. 20,3,79,3,Pirmskara projekts,115000,1455.7,1,57.00178,24.1597,20.0,Kokneses prospekts,07/06/2019 08:01,07/06/2019 08:01
2920,Latvia,Riga,Citi,Vecāķu pr. 111,3,44,2,Specprojekts,46000,1045.45,1,57.05911,24.10547,111.0,Vecāķu prospekts,07/06/2019 08:01,16/06/2019 08:01
2921,Latvia,Riga,Citi,Airu 58,2,52,2,Hruščova projekts,36500,701.92,1,57.0554,24.10272,58.0,Airu iela,07/06/2019 08:01,16/06/2019 08:01
2925,Latvia,Riga,Citi,Jāņogu 73,1,35,1,Privātmāja,26000,742.86,1,56.8655,24.25728,73.0,Jāņogu iela,07/06/2019 08:01,16/06/2019 08:01
2926,Latvia,Riga,Citi,Jāņogu 73,1,32,2,Privātmāja,16000,500.0,1,56.8655,24.25728,73.0,Jāņogu iela,07/06/2019 08:01,16/06/2019 08:01
2927,Latvia,Riga,Citi,Airu 42,2,58,2,Specprojekts,50000,862.07,1,57.05276,24.10245,42.0,Airu iela,07/06/2019 08:01,16/06/2019 08:01
2929,Latvia,Riga,Citi,Rātsupītes 3,3,78,5,Jaunais projekts,120000,1538.46,1,56.9834,24.02993,3.0,Rātsupītes iela,07/06/2019 08:01,12/06/2019 08:01
2930,Latvia,Riga,Sarkandaugava,Hāpsalas 1,2,58,3,Renovēts,75000,1293.1,1,56.99844,24.12197,1.0,Hāpsalas iela,08/06/2019 08:01,16/06/2019 08:01
2931,Latvia,Riga,Purvciems,Ūnijas 71,1,42,9,Specprojekts,35500,845.24,1,56.96463,24.17845,71.0,Ūnijas iela,08/06/2019 08:01,16/06/2019 08:01
2933,Latvia,Riga,Jugla,Malienas 64,3,61,3,Lietuviešu projekts,61500,1008.2,1,56.97522,24.24895,64.0,Malienas iela,08/06/2019 08:01,16/06/2019 08:01
2934,Latvia,Riga,Jugla,Baltezera 8,2,50,1,Hruščova projekts,38000,760.0,1,56.9927,24.24006,1.0,Baltezera iela,08/06/2019 08:01,16/06/2019 08:01
2936,Latvia,Riga,Mežciems,Kaivas 50,2,57,5,Jaunais projekts,90000,1578.95,1,56.95557,24.24257,50.0,Kaivas iela,08/06/2019 08:01,10/06/2019 08:01
2937,Latvia,Riga,Šampēteris-Pleskodāle,Zalves 52,1,33,3,103. sērija,30000,909.09,1,56.93915,24.03408,52.0,Zalves iela,08/06/2019 08:01,16/06/2019 08:01
2938,Latvia,Riga,Purvciems,Braslas 53,2,67,6,Specprojekts,69000,1029.85,1,56.95759,24.1667,53.0,Braslas iela,08/06/2019 08:01,16/06/2019 08:01
2939,Latvia,Riga,Grīziņkalns,Asara 12,1,25,2,Renovēts,39000,1560.0,1,56.95524,24.14978,12.0,Jāņa Asara iela,08/06/2019 08:01,16/06/2019 08:01
2940,Latvia,Riga,Imanta,Kleistu 11,4,170,16,Jaunais projekts,159900,940.59,1,56.96316,24.02243,11.0,Kleistu iela,08/06/2019 08:01,16/06/2019 08:01
2941,Latvia,Riga,Pļavnieki,Zemes 2,3,63,1,602. sērija,66000,1047.62,1,56.94175,24.19741,2.0,Zemes iela,08/06/2019 08:01,16/06/2019 08:01
2942,Latvia,Riga,Daugavgrīva,Plēksnes 8,2,32,1,Specprojekts,28000,875.0,1,57.04058,24.03085,8.0,Plēksnes iela,08/06/2019 08:01,16/06/2019 08:01
2943,Latvia,Riga,Imanta,M. Krūmu 18,2,50,9,602. sērija,45000,900.0,1,56.96108,24.00385,18.0,Mazā Krūmu iela,08/06/2019 08:01,08/06/2019 08:01
2944,Latvia,Riga,Centrs,Hospitāļu 39,3,72,3,Jaunais projekts,170000,2361.11,1,56.9742,24.13777,39.0,Hospitāļu iela,08/06/2019 08:01,16/06/2019 08:01
2945,Latvia,Riga,Iļģuciems,Saulgožu 2,3,55,3,Lietuviešu projekts,57000,1036.36,1,56.96205,24.04683,2.0,Saulgožu iela,08/06/2019 08:01,16/06/2019 08:01
2946,Latvia,Riga,Āgenskalns,Valguma 24,2,43,3,Hruščova projekts,50000,1162.79,1,56.94308,24.09033,24.0,Valguma iela,08/06/2019 08:01,16/06/2019 08:01
2948,Latvia,Riga,Purvciems,Stirnu 49,2,38,5,Lietuviešu projekts,35000,921.05,1,56.96345,24.19152,49.0,Stirnu iela,08/06/2019 08:01,16/06/2019 08:01
2950,Latvia,Riga,Āgenskalns,Elvīras 12,4,70,1,Specprojekts,70000,1000.0,1,56.94712,24.05129,12.0,Elvīras iela,08/06/2019 08:01,12/06/2019 08:01
2951,Latvia,Riga,Āgenskalns,Satiksmes 2,2,57,4,Pirmskara projekts,85000,1491.23,1,56.92708,24.09173,2.0,Satiksmes iela,08/06/2019 08:01,16/06/2019 08:01
2952,Latvia,Riga,Centrs,Pulkv. Brieža 13,3,72,6,Renovēts,175000,2430.56,1,56.96056,24.10539,13.0,Pulkveža Brieža iela,08/06/2019 08:01,16/06/2019 08:01
2953,Latvia,Riga,Citi,Traleru 19,2,52,3,103. sērija,37000,711.54,1,57.05335,24.06457,19.0,Traleru iela,08/06/2019 08:01,16/06/2019 08:01
2954,Latvia,Riga,Mežciems,Eizenšteina 55,4,76,4,602. sērija,53000,697.37,1,56.96385,24.2342,55.0,Sergeja Eizenšteina iela,08/06/2019 08:01,16/06/2019 08:01
2955,Latvia,Riga,Centrs,Grostonas 17,2,66,1,Jaunais projekts,135000,2045.45,1,56.96999,24.12392,17.0,Grostonas iela,08/06/2019 08:01,16/06/2019 08:01
2956,Latvia,Riga,Jugla,Juglas 47,1,30,3,Lietuviešu projekts,33000,1100.0,1,56.97747,24.25345,47.0,Juglas iela,08/06/2019 08:01,16/06/2019 08:01
2957,Latvia,Riga,Imanta,Jūrmalas g. 92,2,45,4,Jaunais projekts,76557,1701.27,1,56.952,24.00367,92.0,Jūrmalas gatve,08/06/2019 08:01,16/06/2019 08:01
2958,Latvia,Riga,Imanta,Jūrmalas g. 92,3,60,9,Jaunais projekts,107042,1784.03,1,56.952,24.00367,92.0,Jūrmalas gatve,08/06/2019 08:01,16/06/2019 08:01
2960,Latvia,Riga,Imanta,Jūrmalas g. 92,4,78,3,Jaunais projekts,128248,1644.21,1,56.952,24.00367,92.0,Jūrmalas gatve,08/06/2019 08:01,16/06/2019 08:01
2961,Latvia,Riga,Iļģuciems,Grīvas 9,2,42,3,Hruščova projekts,39999,952.36,1,56.96586,24.05039,9.0,Grīvas iela,08/06/2019 08:01,16/06/2019 08:01
2962,Latvia,Riga,Purvciems,Ūnijas 67,3,88,6,Jaunais projekts,164373,1867.88,1,56.96497,24.17775,67.0,Ūnijas iela,08/06/2019 08:01,16/06/2019 08:01
2963,Latvia,Riga,Pļavnieki,Jasmuižas 4,3,63,7,602. sērija,75000,1190.48,1,56.93734,24.2081,4.0,Jasmuižas iela,08/06/2019 08:01,16/06/2019 08:01
2964,Latvia,Riga,Mežciems,Kaivas 50,2,50,1,Jaunais projekts,63855,1277.1,1,56.95557,24.24257,50.0,Kaivas iela,08/06/2019 08:01,16/06/2019 08:01
2965,Latvia,Riga,Sarkandaugava,Aptiekas 8,3,58,3,Staļina projekts,77000,1327.59,1,56.99669,24.12268,8.0,Aptiekas iela,08/06/2019 08:01,16/06/2019 08:01
2966,Latvia,Riga,Purvciems,Dzelzavas 25,2,49,7,602. sērija,56900,1161.22,1,56.95985,24.1772,25.0,Dzelzavas iela,08/06/2019 08:01,16/06/2019 08:01
2967,Latvia,Riga,Vecmīlgrāvis,Sarmas 7,3,66,5,602. sērija,67000,1015.15,1,57.03943,24.10084,7.0,Sarmas iela,08/06/2019 08:01,16/06/2019 08:01
2968,Latvia,Riga,Pļavnieki,Rembates 8,3,96,8,Jaunais projekts,128800,1341.67,1,56.94105,24.2299,8.0,Rembates iela,08/06/2019 08:01,16/06/2019 08:01
2971,Latvia,Riga,Mežaparks,Sudrabu Edžus 16,1,18,1,Pirmskara projekts,35000,1944.44,1,56.99647,24.1664,16.0,Sudrabu Edžus iela,08/06/2019 08:01,16/06/2019 08:01
2972,Latvia,Riga,Imanta,Anniņmuižas 38,2,62,5,Jaunais projekts,85000,1370.97,1,56.96097,24.01567,38.0,Anniņmuižas bulvāris,08/06/2019 08:01,16/06/2019 08:01
2973,Latvia,Riga,Centrs,Pulkv. Brieža 35,1,37,6,Jaunais projekts,83000,2243.24,1,56.96606,24.10569,35.0,Pulkveža Brieža iela,08/06/2019 08:01,16/06/2019 08:01
2975,Latvia,Riga,Teika,Brīvības 215,2,54,4,Specprojekts,60000,1111.11,1,56.97532,24.17213,215.0,Brīvības gatve,08/06/2019 08:01,16/06/2019 08:01
2976,Latvia,Riga,Centrs,Klijānu 6,2,71,9,Renovēts,89000,1253.52,1,57.07854,24.14644,6.0,Klijānu iela,08/06/2019 08:01,16/06/2019 08:01
2977,Latvia,Riga,Purvciems,Vaidavas 6,2,38,1,Renovēts,63000,1657.89,1,56.90079,24.05052,6.0,Vaidavas iela,08/06/2019 08:01,16/06/2019 08:01
2978,Latvia,Riga,Centrs,Kalniņa 1,1,27,5,Renovēts,78790,2918.15,1,56.94935,24.12075,1.0,Alfrēda Kalniņa iela,08/06/2019 08:01,14/06/2019 08:01
2979,Latvia,Riga,Maskavas priekšpilsēta,Daugavpils 49,1,25,5,Pirmskara projekts,20000,800.0,1,56.94555,24.14086,49.0,Daugavpils iela,08/06/2019 08:01,16/06/2019 08:01
2980,Latvia,Riga,Centrs,Bruņinieku 88,3,57,4,Pirmskara projekts,75000,1315.79,1,56.95029,24.14293,88.0,Bruņinieku iela,08/06/2019 08:01,16/06/2019 08:01
2981,Latvia,Riga,Centrs,Kalniņa 1,1,27,4,Renovēts,76690,2840.37,1,56.94935,24.12075,1.0,Alfrēda Kalniņa iela,08/06/2019 08:01,14/06/2019 08:01
2982,Latvia,Riga,Centrs,Stabu 51,4,136,3,Renovēts,159000,1169.12,1,56.95394,24.13383,51.0,Stabu iela,08/06/2019 08:01,16/06/2019 08:01
2983,Latvia,Riga,Purvciems,Ieriķu 58,1,36,5,Specprojekts,34500,958.33,1,56.96553,24.18168,58.0,Ieriķu iela,08/06/2019 08:01,16/06/2019 08:01
2984,Latvia,Riga,Centrs,Kalniņa 1,1,15,3,Renovēts,48290,3219.33,1,56.94935,24.12075,1.0,Alfrēda Kalniņa iela,08/06/2019 08:01,14/06/2019 08:01
2985,Latvia,Riga,Ziepniekkalns,Kartupeļu 50,2,49,3,Specprojekts,41500,846.94,1,56.91159,24.10719,50.0,Kartupeļu iela,08/06/2019 08:01,16/06/2019 08:01
2987,Latvia,Riga,Mežaparks,Ezermalas 13,3,100,3,Jaunais projekts,170000,1700.0,1,56.99667,24.17068,13.0,Ezermalas iela,08/06/2019 08:01,16/06/2019 08:01
2988,Latvia,Riga,Imanta,Kurzemes pr. 78,2,50,1,Lietuviešu projekts,51000,1020.0,1,56.96762,24.01579,78.0,Kurzemes prospekts,08/06/2019 08:01,16/06/2019 08:01
2989,Latvia,Riga,Centrs,Ausekļa 3,2,52,5,Pirmskara projekts,135000,2596.15,1,56.96001,24.09978,3.0,Ausekļa iela,08/06/2019 08:01,16/06/2019 08:01
2990,Latvia,Riga,Ķengarags,Aviācijas 7,2,49,5,Lietuviešu projekts,55000,1122.45,1,56.90573,24.19737,7.0,Aviācijas iela,08/06/2019 08:01,16/06/2019 08:01
2991,Latvia,Riga,Imanta,Jūrmalas g. 95,3,63,9,602. sērija,59000,936.51,1,56.95483,24.00113,95.0,Jūrmalas gatve,08/06/2019 08:01,16/06/2019 08:01
2992,Latvia,Riga,Jugla,Ūdeļu 29,2,55,3,103. sērija,45900,834.55,1,56.97751,24.26572,37.0,Ūdeļu iela,08/06/2019 08:01,16/06/2019 08:01
2993,Latvia,Riga,Ziepniekkalns,Bruknas 14,3,74,3,119. sērija,63000,851.35,1,56.9021,24.08822,14.0,Bruknas iela,08/06/2019 08:01,16/06/2019 08:01
2996,Latvia,Riga,Centrs,Valdemāra 57,3,88,3,Pirmskara projekts,200000,2272.73,1,56.96004,24.11979,57.0,Krišjāņa Valdemāra iela,08/06/2019 08:01,16/06/2019 08:01
2999,Latvia,Riga,Centrs,Grostonas 17,2,70,2,Jaunais projekts,133000,1900.0,1,56.96999,24.12392,17.0,Grostonas iela,08/06/2019 08:01,16/06/2019 08:01
3000,Latvia,Riga,Bolderāja,Lielupes 68,2,48,2,Lietuviešu projekts,35000,729.17,1,57.03111,24.05747,68.0,Lielupes iela,08/06/2019 08:01,16/06/2019 08:01
3001,Latvia,Riga,Centrs,Lāčplēša 52,1,17,1,Pirmskara projekts,32500,1911.76,1,56.95197,24.12953,52.0,Lāčplēša iela,08/06/2019 08:01,16/06/2019 08:01
3002,Latvia,Riga,Pļavnieki,Salnas 21,2,70,7,Jaunais projekts,116000,1657.14,1,56.94229,24.22901,21.0,Salnas iela,08/06/2019 08:01,16/06/2019 08:01
3003,Latvia,Riga,Pļavnieki,Slāvu 15,3,63,8,602. sērija,69000,1095.24,1,56.92947,24.17707,15.0,Slāvu iela,08/06/2019 08:01,16/06/2019 08:01
3004,Latvia,Riga,Centrs,Dzirnavu 157,2,63,1,Renovēts,95000,1507.94,1,56.94137,24.12721,157.0,Dzirnavu iela,08/06/2019 08:01,16/06/2019 08:01
3005,Latvia,Riga,Centrs,Ausekļa 1,3,78,3,Renovēts,190000,2435.9,1,56.95944,24.09971,1.0,Ausekļa iela,08/06/2019 08:01,16/06/2019 08:01
3006,Latvia,Riga,Centrs,Eksporta 12,3,109,3,Renovēts,147000,1348.62,1,56.96884,24.09823,12.0,Eksporta iela,08/06/2019 08:01,16/06/2019 08:01
3007,Latvia,Riga,Centrs,Zirņu 8,3,54,3,Hruščova projekts,74950,1387.96,1,56.9712,24.13552,8.0,Zirņu iela,08/06/2019 08:01,16/06/2019 08:01
3008,Latvia,Riga,Centrs,Lāčplēša 13,2,58,2,Renovēts,134090,2311.9,1,56.95683,24.12075,13.0,Lāčplēša iela,08/06/2019 08:01,16/06/2019 08:01
3009,Latvia,Riga,Centrs,Lāčplēša 13,3,64,3,Renovēts,131405,2053.2,1,56.95683,24.12075,13.0,Lāčplēša iela,08/06/2019 08:01,16/06/2019 08:01
3010,Latvia,Riga,Vecmīlgrāvis,Kāvu 2,3,62,3,Lietuviešu projekts,58000,935.48,1,57.03287,24.09971,2.0,Kāvu iela,08/06/2019 08:01,16/06/2019 08:01
3011,Latvia,Riga,Centrs,Barona 94,2,46,3,Pirmskara projekts,57240,1244.35,1,56.95901,24.13722,94.0,Krišjāņa Barona iela,08/06/2019 08:01,09/06/2019 08:01
3012,Latvia,Riga,Centrs,Zaubes 1,1,37,1,Pirmskara projekts,54900,1483.78,1,56.96278,24.12301,1.0,Zaubes iela,08/06/2019 08:01,16/06/2019 08:01
3013,Latvia,Riga,Iļģuciems,Saulgožu 13,2,43,5,Hruščova projekts,42000,976.74,1,56.96533,24.04792,13.0,Saulgožu iela,08/06/2019 08:01,16/06/2019 08:01
3014,Latvia,Riga,Centrs,Skolas 14,4,144,4,Pirmskara projekts,300000,2083.33,1,56.95748,24.11852,14.0,Skolas iela,08/06/2019 08:01,16/06/2019 08:01
3015,Latvia,Riga,Āgenskalns,Valentīna 16,3,61,2,Jaunais projekts,89000,1459.02,1,56.94103,24.05391,16.0,Valentīna iela,09/06/2019 08:01,16/06/2019 08:01
3017,Latvia,Riga,Centrs,Eksporta 18,2,34,2,Specprojekts,41900,1232.35,1,56.97174,24.10026,18.0,Eksporta iela,09/06/2019 08:01,16/06/2019 08:01
3018,Latvia,Riga,Imanta,M. Krūmu 18,2,50,9,602. sērija,45000,900.0,1,56.96108,24.00385,18.0,Mazā Krūmu iela,09/06/2019 08:01,15/06/2019 08:01
3019,Latvia,Riga,Ziepniekkalns,Valdeķu 15,3,55,5,Hruščova projekts,55000,1000.0,1,56.91584,24.09613,15.0,Valdeķu iela,09/06/2019 08:01,16/06/2019 08:01
3020,Latvia,Riga,Mežaparks,Ezermalas 27,2,48,3,Čehu projekts,72000,1500.0,1,57.00106,24.16941,27.0,Ezermalas iela,09/06/2019 08:01,16/06/2019 08:01
3022,Latvia,Riga,Pļavnieki,Ilūkstes 32,3,80,2,119. sērija,77900,973.75,1,56.94511,24.19758,32.0,Ilūkstes iela,09/06/2019 08:01,16/06/2019 08:01
3024,Latvia,Riga,Āgenskalns,Dreiliņu 16,2,43,1,Hruščova projekts,49000,1139.53,1,56.94317,24.05973,16.0,Dreiliņu iela,09/06/2019 08:01,16/06/2019 08:01
3025,Latvia,Riga,Citi,Vienības g. 53,3,77,2,Privātmāja,52000,675.32,1,56.91935,24.08771,53.0,Vienības gatve,09/06/2019 08:01,16/06/2019 08:01
3026,Latvia,Riga,Pļavnieki,Salnas 5,3,63,2,602. sērija,70000,1111.11,1,56.87201,24.13167,5.0,Salnas iela,09/06/2019 08:01,16/06/2019 08:01
3027,Latvia,Riga,Centrs,Miera 105,4,101,6,Renovēts,155000,1534.65,1,56.97541,24.14373,105.0,Miera iela,09/06/2019 08:01,16/06/2019 08:01
3028,Latvia,Riga,Centrs,Klijānu 12,1,30,3,Jaunais projekts,55000,1833.33,1,56.97133,24.14974,21.0,Klijānu iela,09/06/2019 08:01,16/06/2019 08:01
3029,Latvia,Riga,Zolitūde,Lejiņa 9,4,95,7,119. sērija,102000,1073.68,1,56.94812,24.01927,9.0,Paula Lejiņa iela,09/06/2019 08:01,16/06/2019 08:01
3030,Latvia,Riga,Purvciems,Dzelzavas 71,2,50,9,467. sērija,46000,920.0,1,56.95622,24.19839,71.0,Dzelzavas iela,09/06/2019 08:01,16/06/2019 08:01
3031,Latvia,Riga,Imanta,Kurzemes pr. 106,3,64,2,602. sērija,58000,906.25,1,56.9677,24.01245,106.0,Kurzemes prospekts,09/06/2019 08:01,16/06/2019 08:01
3033,Latvia,Riga,Pļavnieki,Salnas 11,3,63,3,602. sērija,69900,1109.52,1,56.94274,24.22462,11.0,Salnas iela,09/06/2019 08:01,16/06/2019 08:01
3035,Latvia,Riga,Citi,Tapešu 43,2,37,2,Lietuviešu projekts,34000,918.92,1,56.95538,24.04646,43.0,Tapešu iela,09/06/2019 08:01,16/06/2019 08:01
3036,Latvia,Riga,Pļavnieki,Jasmuižas 14,1,32,6,602. sērija,32000,1000.0,1,56.93625,24.21276,14.0,Jasmuižas iela,09/06/2019 08:01,16/06/2019 08:01
3037,Latvia,Riga,Centrs,Stabu 49,3,54,1,Pirmskara projekts,89500,1657.41,1,56.95482,24.13183,49.0,Stabu iela,09/06/2019 08:01,16/06/2019 08:01
3038,Latvia,Riga,Imanta,Jūrmalas g. 100,2,54,5,Jaunais projekts,94000,1740.74,1,56.95215,24.00025,100.0,Jūrmalas gatve,09/06/2019 08:01,16/06/2019 08:01
3039,Latvia,Riga,Centrs,Miera 32,2,38,1,Pirmskara projekts,42000,1105.26,1,56.96375,24.13224,32.0,Miera iela,09/06/2019 08:01,16/06/2019 08:01
3040,Latvia,Riga,Teika,Ropažu 14,2,71,6,Jaunais projekts,128500,1809.86,1,56.97618,24.16842,14.0,Ropažu iela,09/06/2019 08:01,16/06/2019 08:01
3041,Latvia,Riga,Imanta,Kurzemes pr. 6,3,54,1,Lietuviešu projekts,62000,1148.15,1,56.95514,24.03422,6.0,Kurzemes prospekts,09/06/2019 08:01,16/06/2019 08:01
3042,Latvia,Riga,Imanta,Kurzemes pr. 122,1,36,6,602. sērija,38000,1055.56,1,56.96486,24.00383,122.0,Kurzemes prospekts,09/06/2019 08:01,13/06/2019 08:01
3043,Latvia,Riga,Jugla,Vangažu 19,1,31,1,Hruščova projekts,28500,919.35,1,56.98732,24.23101,19.0,Vangažu iela,09/06/2019 08:01,16/06/2019 08:01
3044,Latvia,Riga,Grīziņkalns,Zemitāna 24,2,45,5,Pirmskara projekts,57500,1277.78,1,56.96568,24.15221,2.0,Zemitāna iela,10/06/2019 08:01,16/06/2019 08:01
3045,Latvia,Riga,Centrs,Brīvības 60,1,42,2,Pirmskara projekts,37500,892.86,1,56.95652,24.12207,60.0,Brīvības iela,10/06/2019 08:01,16/06/2019 08:01
3046,Latvia,Riga,Centrs,Ģertrūdes 113,2,48,6,Pirmskara projekts,72000,1500.0,1,56.94875,24.13856,113.0,Ģertrūdes iela,10/06/2019 08:01,16/06/2019 08:01
3047,Latvia,Riga,Centrs,Stabu 27,2,80,2,Renovēts,130000,1625.0,1,56.95655,24.12825,27.0,Stabu iela,10/06/2019 08:01,16/06/2019 08:01
3048,Latvia,Riga,Citi,Ostas 6,2,45,2,Lietuviešu projekts,42000,933.33,1,57.0227,24.12973,6.0,Ostas iela,10/06/2019 08:01,16/06/2019 08:01
3049,Latvia,Riga,Pļavnieki,Salnas 1,1,32,9,467. sērija,31900,996.88,1,56.87067,24.13023,1.0,Salnas iela,10/06/2019 08:01,16/06/2019 08:01
3050,Latvia,Riga,Iļģuciems,Palangas 1,3,62,1,Lietuviešu projekts,57000,919.35,1,56.96977,24.05435,1.0,Palangas iela,10/06/2019 08:01,16/06/2019 08:01
3052,Latvia,Riga,Purvciems,Lielvārdes 107,2,56,11,104. sērija,53000,946.43,1,56.9603,24.20041,107.0,Lielvārdes iela,10/06/2019 08:01,16/06/2019 08:01
3053,Latvia,Riga,Centrs,Katrīnas d. 20,2,42,2,Hruščova projekts,60000,1428.57,1,56.97308,24.10305,1.0,Katrīnas dambis,10/06/2019 08:01,16/06/2019 08:01
3056,Latvia,Riga,Purvciems,Stirnu 4,3,88,2,Jaunais projekts,135000,1534.09,1,56.95117,24.18443,4.0,Stirnu iela,10/06/2019 08:01,16/06/2019 08:01
3057,Latvia,Riga,Zolitūde,Liedes 2,3,78,1,Jaunais projekts,140000,1794.87,1,56.94413,24.02549,2.0,Liedes iela,10/06/2019 08:01,16/06/2019 08:01
3058,Latvia,Riga,Pļavnieki,Lubānas 56,3,62,4,602. sērija,57500,927.42,1,56.93126,24.17705,56.0,Lubānas iela,10/06/2019 08:01,16/06/2019 08:01
3059,Latvia,Riga,Centrs,Artilērijas 19,2,35,2,Renovēts,69000,1971.43,1,56.95935,24.13906,19.0,Artilērijas iela,10/06/2019 08:01,16/06/2019 08:01
3060,Latvia,Riga,Vecrīga,Kungu 25,3,78,5,Jaunais projekts,155200,1989.74,1,56.94561,24.10951,25.0,Kungu iela,10/06/2019 08:01,16/06/2019 08:01
3061,Latvia,Riga,Pļavnieki,J. Vācieša 5,3,61,8,602. sērija,66500,1090.16,1,56.93325,24.08433,5.0,Ojāra Vācieša iela,10/06/2019 08:01,16/06/2019 08:01
3062,Latvia,Riga,Purvciems,Sesku 7,1,34,1,Mazģimeņu projekts,40000,1176.47,1,56.94496,24.17504,7.0,Sesku iela,10/06/2019 08:01,16/06/2019 08:01
3063,Latvia,Riga,Pļavnieki,Dravnieku 10,3,62,6,602. sērija,65000,1048.39,1,56.94334,24.21425,10.0,Dravnieku iela,10/06/2019 08:01,16/06/2019 08:01
3064,Latvia,Riga,Centrs,Vīlandes 20,2,35,1,Pirmskara projekts,75000,2142.86,1,56.96206,24.10275,20.0,Vīlandes iela,10/06/2019 08:01,16/06/2019 08:01
3065,Latvia,Riga,Āgenskalns,Kalnciema 22,2,41,1,Pirmskara projekts,43500,1060.98,1,56.94446,24.07212,22.0,Kalnciema iela,10/06/2019 08:01,16/06/2019 08:01
3066,Latvia,Riga,Centrs,Katrīnas d. 16,2,39,5,Hruščova projekts,42000,1076.92,1,56.97075,24.10216,16.0,Katrīnas dambis,10/06/2019 08:01,16/06/2019 08:01
3068,Latvia,Riga,Krasta rajons,Zilupes 4,4,79,4,467. sērija,65000,822.78,1,56.93152,24.16546,4.0,Zilupes iela,10/06/2019 08:01,16/06/2019 08:01
3069,Latvia,Riga,Citi,Altonavas 5,2,42,1,Pirmskara projekts,13000,309.52,1,56.92569,24.08643,5.0,Altonavas iela,10/06/2019 08:01,16/06/2019 08:01
3071,Latvia,Riga,Jugla,Tirzas 3,1,30,4,Hruščova projekts,29900,996.67,1,56.98859,24.2258,3.0,Tirzas iela,10/06/2019 08:01,16/06/2019 08:01
3072,Latvia,Riga,Citi,Altonavas 10,2,36,2,Specprojekts,34900,969.44,1,56.92519,24.08617,10.0,Altonavas iela,10/06/2019 08:01,16/06/2019 08:01
3073,Latvia,Riga,Centrs,Birznieka-Upīša 27,3,77,5,Pirmskara projekts,165000,2142.86,1,56.94982,24.13127,27.0,Ernesta Birznieka-Upīša iela,10/06/2019 08:01,16/06/2019 08:01
3074,Latvia,Riga,Bolderāja,Lielupes 66,3,67,4,Lietuviešu projekts,48000,716.42,1,57.03106,24.05687,66.0,Lielupes iela,10/06/2019 08:01,16/06/2019 08:01
3075,Latvia,Riga,Pļavnieki,Jasmuižas 10,1,33,1,602. sērija,46500,1409.09,1,56.9363,24.21089,10.0,Jasmuižas iela,10/06/2019 08:01,16/06/2019 08:01
3076,Latvia,Riga,Vecmīlgrāvis,Stiebru 8,1,28,4,Lietuviešu projekts,26000,928.57,1,57.03514,24.09712,8.0,Stiebru iela,10/06/2019 08:01,16/06/2019 08:01
3077,Latvia,Riga,Citi,Brīvības 446,3,130,2,Jaunais projekts,187000,1438.46,1,56.99559,24.26602,446.0,Brīvības gatve,10/06/2019 08:01,16/06/2019 08:01
3078,Latvia,Riga,Imanta,Slokas 185,3,55,5,Lietuviešu projekts,49800,905.45,1,56.96313,24.01885,185.0,Slokas iela,10/06/2019 08:01,16/06/2019 08:01
3079,Latvia,Riga,Zolitūde,Priedaines 13,3,84,2,Jaunais projekts,125000,1488.1,1,56.94285,24.01554,13.0,Priedaines iela,10/06/2019 08:01,16/06/2019 08:01
3080,Latvia,Riga,Ķengarags,Salaspils 12,3,60,3,Lietuviešu projekts,52000,866.67,1,56.92025,24.1808,12.0,Salaspils iela,10/06/2019 08:01,16/06/2019 08:01
3081,Latvia,Riga,Vecmīlgrāvis,Emmas 12,2,51,3,Staļina projekts,37000,725.49,1,57.02927,24.11081,12.0,Emmas iela,10/06/2019 08:01,16/06/2019 08:01
3082,Latvia,Riga,Purvciems,Nīcgales 38,2,53,2,103. sērija,53000,1000.0,1,56.9479,24.17152,38.0,Nīcgales iela,10/06/2019 08:01,16/06/2019 08:01
3083,Latvia,Riga,Ķengarags,Višķu 15,3,61,5,Lietuviešu projekts,59950,982.79,1,56.90055,24.21286,15.0,Višķu iela,10/06/2019 08:01,16/06/2019 08:01
3084,Latvia,Riga,Bolderāja,Lemešu 3,3,67,2,Lietuviešu projekts,42000,626.87,1,57.03375,24.05749,3.0,Lemešu iela,10/06/2019 08:01,16/06/2019 08:01
3085,Latvia,Riga,Imanta,Dammes 1,2,49,1,602. sērija,50000,1020.41,1,56.96106,24.0127,1.0,Dammes iela,10/06/2019 08:01,16/06/2019 08:01
3086,Latvia,Riga,Āgenskalns,Lapu 7,4,121,3,Pirmskara projekts,168000,1388.43,1,56.87487,24.24881,7.0,Rožlapu iela,10/06/2019 08:01,16/06/2019 08:01
3087,Latvia,Riga,Centrs,Ausekļa 7,2,70,5,Pirmskara projekts,250000,3571.43,1,56.96105,24.09985,7.0,Ausekļa iela,10/06/2019 08:01,16/06/2019 08:01
3089,Latvia,Riga,Citi,Altonavas 5,2,35,1,Pirmskara projekts,16900,482.86,1,56.92569,24.08643,5.0,Altonavas iela,10/06/2019 08:01,16/06/2019 08:01
3090,Latvia,Riga,Mežciems,Kaivas 29,2,61,1,Jaunais projekts,98500,1614.75,1,56.94985,24.24659,29.0,Kaivas iela,10/06/2019 08:01,16/06/2019 08:01
3091,Latvia,Riga,Maskavas priekšpilsēta,Krāslavas 34,1,18,4,Pirmskara projekts,13400,744.44,1,56.94509,24.13488,34.0,Krāslavas iela,10/06/2019 08:01,16/06/2019 08:01
3093,Latvia,Riga,Zolitūde,Lejiņa 7,3,78,8,119. sērija,89000,1141.03,1,56.9481,24.01923,7.0,Paula Lejiņa iela,10/06/2019 08:01,16/06/2019 08:01
3094,Latvia,Riga,Purvciems,Mārcienas 6,2,57,4,119. sērija,64000,1122.81,1,56.95432,24.16674,6.0,Mārcienas iela,10/06/2019 08:01,16/06/2019 08:01
3095,Latvia,Riga,Imanta,Jūrmalas g. 99,3,62,5,602. sērija,53000,854.84,1,56.95464,24.00003,99.0,Jūrmalas gatve,10/06/2019 08:01,16/06/2019 08:01
3096,Latvia,Riga,Ķengarags,Maskavas 419,2,36,1,Lietuviešu projekts,30800,855.56,1,56.89908,24.20666,419.0,Maskavas iela,10/06/2019 08:01,16/06/2019 08:01
3098,Latvia,Riga,Sarkandaugava,Viestura pr. 47,2,49,8,Specprojekts,48500,989.8,1,57.00241,24.12862,47.0,Viestura prospekts,10/06/2019 08:01,16/06/2019 08:01
3099,Latvia,Riga,Mežciems,Līduma 8,3,67,3,Lietuviešu projekts,59400,886.57,1,56.9732,24.23289,8.0,Līduma iela,10/06/2019 08:01,16/06/2019 08:01
3101,Latvia,Riga,Centrs,Nītaures 3,3,120,4,Jaunais projekts,219000,1825.0,1,56.96365,24.12345,3.0,Nītaures iela,10/06/2019 08:01,16/06/2019 08:01
3103,Latvia,Riga,Centrs,Miera 78,4,127,7,Pirmskara projekts,129000,1015.75,1,56.97474,24.14364,78.0,Miera iela,10/06/2019 08:01,16/06/2019 08:01
3104,Latvia,Riga,Daugavgrīva,Parādes 3,3,65,1,Specprojekts,39000,600.0,1,57.04151,24.03291,3.0,Parādes iela,10/06/2019 08:01,16/06/2019 08:01
3105,Latvia,Riga,Ķengarags,Rušonu 26,2,48,5,Specprojekts,43000,895.83,1,56.91468,24.18622,26.0,Rušonu iela,10/06/2019 08:01,16/06/2019 08:01
3106,Latvia,Riga,Purvciems,Nīcgales 16,1,30,4,Lietuviešu projekts,31500,1050.0,1,56.95683,24.1736,16.0,Nīcgales iela,10/06/2019 08:01,13/06/2019 08:01
3107,Latvia,Riga,Citi,Balasta d. 70,4,124,1,Renovēts,330000,2661.29,1,56.95819,24.08464,70.0,Balasta dambis,10/06/2019 08:01,16/06/2019 08:01
3108,Latvia,Riga,Mežciems,Kaivas 31,3,80,2,Jaunais projekts,140000,1750.0,1,56.95125,24.24832,31.0,Kaivas iela,10/06/2019 08:01,16/06/2019 08:01
3109,Latvia,Riga,Centrs,Bruņinieku 68,2,49,1,Pirmskara projekts,49600,1012.24,1,56.95271,24.13839,68.0,Bruņinieku iela,10/06/2019 08:01,16/06/2019 08:01
3111,Latvia,Riga,Teika,Burtnieku 33,1,18,4,Mazģimeņu projekts,19900,1105.56,1,56.96907,24.18228,33.0,Burtnieku iela,11/06/2019 08:00,16/06/2019 08:01
3112,Latvia,Riga,Mežciems,Mežciema 6,3,61,3,Lietuviešu projekts,62000,1016.39,1,56.97259,24.2309,6.0,Mežciema iela,11/06/2019 08:00,16/06/2019 08:01
3113,Latvia,Riga,Purvciems,Kastrānes 7,2,40,4,Hruščova projekts,38000,950.0,1,56.96686,24.17726,7.0,Kastrānes iela,11/06/2019 08:00,16/06/2019 08:01
3114,Latvia,Riga,Teika,Kastrānes 7,2,40,4,Hruščova projekts,38000,950.0,1,56.96686,24.17726,7.0,Kastrānes iela,11/06/2019 08:00,16/06/2019 08:01
3115,Latvia,Riga,Purvciems,Varavīksnes g. 20,3,62,1,602. sērija,55000,887.1,1,56.95064,24.20469,20.0,Varavīksnes gatve,11/06/2019 08:00,16/06/2019 08:01
3116,Latvia,Riga,Vecmīlgrāvis,Ledus 4,2,52,4,602. sērija,43000,826.92,1,57.03813,24.09584,4.0,Ledus iela,11/06/2019 08:00,16/06/2019 08:01
3117,Latvia,Riga,Centrs,Čaka 36,2,57,4,Pirmskara projekts,114000,2000.0,1,56.95272,24.13,36.0,Aleksandra Čaka iela,11/06/2019 08:00,16/06/2019 08:01
3119,Latvia,Riga,Centrs,Čaka 36,2,46,1,Pirmskara projekts,89700,1950.0,1,56.95272,24.13,36.0,Aleksandra Čaka iela,11/06/2019 08:00,16/06/2019 08:01
3120,Latvia,Riga,Centrs,Dzirnavu 6,2,48,1,Renovēts,125000,2604.17,1,56.96119,24.10753,6.0,Dzirnavu iela,11/06/2019 08:00,16/06/2019 08:01
3121,Latvia,Riga,Centrs,Dzirnavu 6,2,34,2,Renovēts,60000,1764.71,1,56.96119,24.10753,6.0,Dzirnavu iela,11/06/2019 08:00,16/06/2019 08:01
3122,Latvia,Riga,Centrs,Valdemāra 57,2,32,7,Renovēts,70400,2200.0,1,56.96004,24.11979,57.0,Krišjāņa Valdemāra iela,11/06/2019 08:00,16/06/2019 08:01
3123,Latvia,Riga,Centrs,Valdemāra 57,1,28,1,Pirmskara projekts,46980,1677.86,1,56.96004,24.11979,57.0,Krišjāņa Valdemāra iela,11/06/2019 08:00,16/06/2019 08:01
3124,Latvia,Riga,Centrs,Valdemāra 57,2,62,3,Pirmskara projekts,115000,1854.84,1,56.96004,24.11979,57.0,Krišjāņa Valdemāra iela,11/06/2019 08:00,16/06/2019 08:01
3125,Latvia,Riga,Centrs,Dzirnavu 6,4,97,2,Renovēts,250000,2577.32,1,56.96119,24.10753,6.0,Dzirnavu iela,11/06/2019 08:00,16/06/2019 08:01
3126,Latvia,Riga,Centrs,Valdemāra 57,2,42,1,Pirmskara projekts,74500,1773.81,1,56.96004,24.11979,57.0,Krišjāņa Valdemāra iela,11/06/2019 08:00,16/06/2019 08:01
3127,Latvia,Riga,Ķengarags,Prūšu 4,2,42,5,Jaunais projekts,53298,1269.0,1,56.89123,24.03524,4.0,Prūšu iela,11/06/2019 08:00,16/06/2019 08:01
3128,Latvia,Riga,Iļģuciems,Dzirciema 67,3,57,7,Specprojekts,75400,1322.81,1,56.96457,24.05546,67.0,Dzirciema iela,11/06/2019 08:00,16/06/2019 08:01
3129,Latvia,Riga,Teika,Pudiķa 24,4,137,1,Pirmskara projekts,200000,1459.85,1,56.97631,24.17939,24.0,Pudiķa iela,11/06/2019 08:00,16/06/2019 08:01
3130,Latvia,Riga,Centrs,Marijas 16,2,45,7,Renovēts,103730,2305.11,1,56.95053,24.12549,16.0,Marijas iela,11/06/2019 08:00,16/06/2019 08:01
3131,Latvia,Riga,Centrs,Marijas 16,3,65,7,Pirmskara projekts,149500,2300.0,1,56.95053,24.12549,16.0,Marijas iela,11/06/2019 08:00,16/06/2019 08:01
3132,Latvia,Riga,Centrs,Vesetas 32,2,46,12,Čehu projekts,65000,1413.04,1,56.97429,24.13057,27.0,Vesetas iela,11/06/2019 08:00,16/06/2019 08:01
3133,Latvia,Riga,Centrs,Rūpniecības 22,4,114,5,Specprojekts,199000,1745.61,1,56.96144,24.10363,22.0,Rūpniecības iela,11/06/2019 08:00,16/06/2019 08:01
3136,Latvia,Riga,Centrs,Valdemāra 69,2,32,3,Renovēts,58990,1843.44,1,56.96186,24.12278,69.0,Krišjāņa Valdemāra iela,11/06/2019 08:00,16/06/2019 08:01
3137,Latvia,Riga,Imanta,Slokas 201,2,51,9,602. sērija,64000,1254.9,1,56.96361,24.01398,201.0,Slokas iela,11/06/2019 08:00,16/06/2019 08:01
3139,Latvia,Riga,Citi,Rododendru 1,4,73,3,Hruščova projekts,47000,643.84,1,56.94903,24.0545,1.0,Rododendru iela,11/06/2019 08:00,16/06/2019 08:01
3140,Latvia,Riga,Ziepniekkalns,Ozolciema 18,4,90,8,119. sērija,81000,900.0,1,56.89883,24.08506,18.0,Ozolciema iela,11/06/2019 08:00,16/06/2019 08:01
3141,Latvia,Riga,Centrs,Antonijas 18,3,100,2,Renovēts,247000,2470.0,1,56.95966,24.11346,18.0,Antonijas iela,11/06/2019 08:00,16/06/2019 08:01
3142,Latvia,Riga,Teika,Ropažu 26,2,42,2,Hruščova projekts,38000,904.76,1,56.97832,24.17281,26.0,Ropažu iela,11/06/2019 08:00,16/06/2019 08:01
3143,Latvia,Riga,Teika,Brīvības 237,2,53,3,Specprojekts,55900,1054.72,1,56.97676,24.17758,237.0,Brīvības gatve,11/06/2019 08:00,16/06/2019 08:01
3144,Latvia,Riga,Ziepniekkalns,Valdeķu 59,3,74,4,119. sērija,73000,986.49,1,56.90028,24.08942,59.0,Valdeķu iela,11/06/2019 08:00,16/06/2019 08:01
3145,Latvia,Riga,Purvciems,Ieriķu 33,2,47,2,Hruščova projekts,62000,1319.15,1,56.96694,24.17851,33.0,Ieriķu iela,11/06/2019 08:00,16/06/2019 08:01
3146,Latvia,Riga,Centrs,Stabu 15,3,68,3,Pirmskara projekts,140000,2058.82,1,56.95862,24.1241,15.0,Stabu iela,11/06/2019 08:00,16/06/2019 08:01
3147,Latvia,Riga,Citi,Zvejnieku 24,4,151,2,Jaunais projekts,450000,2980.13,1,56.95963,24.07978,24.0,Zvejnieku iela,11/06/2019 08:00,16/06/2019 08:01
3148,Latvia,Riga,Jugla,Murjāņu 56,1,33,1,Lietuviešu projekts,40000,1212.12,1,56.97784,24.25237,56.0,Murjāņu iela,11/06/2019 08:00,11/06/2019 08:00
3149,Latvia,Riga,Purvciems,Ieriķu 33,3,57,5,Lietuviešu projekts,59500,1043.86,1,56.96694,24.17851,33.0,Ieriķu iela,11/06/2019 08:00,16/06/2019 08:01
3150,Latvia,Riga,Purvciems,Saktas 24,3,76,2,Jaunais projekts,154000,2026.32,1,56.95601,24.17348,24.0,Saktas iela,11/06/2019 08:00,16/06/2019 08:01
3151,Latvia,Riga,Centrs,Kalniņa 1,1,19,5,Renovēts,56690,2983.68,1,56.94935,24.12075,1.0,Alfrēda Kalniņa iela,11/06/2019 08:00,16/06/2019 08:01
3152,Latvia,Riga,Sarkandaugava,Allažu 1,3,53,5,Hruščova projekts,43500,820.75,1,56.99782,24.12008,1.0,Allažu iela,11/06/2019 08:00,16/06/2019 08:01
3153,Latvia,Riga,Citi,Sila 8,2,38,1,Specprojekts,32500,855.26,1,56.90675,24.22038,8.0,Sila iela,11/06/2019 08:00,16/06/2019 08:01
3154,Latvia,Riga,Imanta,Zentenes 2,2,48,3,Lietuviešu projekts,44500,927.08,1,56.95893,24.00839,2.0,Zentenes iela,11/06/2019 08:00,11/06/2019 08:00
3156,Latvia,Riga,Ziepniekkalns,Ozolciema 46,2,50,1,602. sērija,50100,1002.0,1,56.90178,24.09964,46.0,Ozolciema iela,11/06/2019 08:00,16/06/2019 08:01
3157,Latvia,Riga,Vecmīlgrāvis,Emmas 30,3,64,1,Staļina projekts,53000,828.13,1,57.03238,24.11686,30.0,Emmas iela,11/06/2019 08:00,16/06/2019 08:01
3158,Latvia,Riga,Mežciems,Hipokrāta 35,1,32,8,602. sērija,33000,1031.25,1,56.96065,24.23726,35.0,Hipokrāta iela,11/06/2019 08:00,16/06/2019 08:01
3159,Latvia,Riga,Imanta,Jūrmalas g. 101,2,50,1,602. sērija,46900,938.0,1,56.95354,23.99938,101.0,Jūrmalas gatve,11/06/2019 08:00,16/06/2019 08:01
3160,Latvia,Riga,Centrs,Strēlnieku 15,3,85,1,Renovēts,118000,1388.24,1,56.96112,24.11001,15.0,Strēlnieku iela,11/06/2019 08:00,16/06/2019 08:01
3161,Latvia,Riga,Centrs,Lienes 7,2,58,1,Renovēts,76500,1318.97,1,56.95408,24.14582,7.0,Lienes iela,11/06/2019 08:00,16/06/2019 08:01
3162,Latvia,Riga,Centrs,Čaka 36,4,87,2,Pirmskara projekts,163687,1881.46,1,56.95272,24.13,36.0,Aleksandra Čaka iela,11/06/2019 08:00,16/06/2019 08:01
3163,Latvia,Riga,Pļavnieki,Ulbrokas 6,1,43,1,Mazģimeņu projekts,26700,620.93,1,56.94095,24.21718,6.0,Ulbrokas iela,11/06/2019 08:00,16/06/2019 08:01
3164,Latvia,Riga,Mežaparks,Viestura pr. 63,2,48,9,Specprojekts,66000,1375.0,1,57.0049,24.12812,63.0,Viestura prospekts,11/06/2019 08:00,16/06/2019 08:01
3165,Latvia,Riga,Centrs,Brīvības 158,2,48,4,Pirmskara projekts,69500,1447.92,1,56.96535,24.14302,158.0,Brīvības iela,11/06/2019 08:00,16/06/2019 08:01
3167,Latvia,Riga,Centrs,Bruņinieku 45,4,115,3,Pirmskara projekts,279000,2426.09,1,56.95584,24.13269,45.0,Bruņinieku iela,11/06/2019 08:00,16/06/2019 08:01
3168,Latvia,Riga,Centrs,Melngaiļa 2,5,152,6,Jaunais projekts,295000,1940.79,1,56.95969,24.11648,2.0,Emiļa Melngaiļa iela,11/06/2019 08:00,16/06/2019 08:01
3170,Latvia,Riga,Citi,Tapešu 45,2,45,5,Lietuviešu projekts,50000,1111.11,1,56.95567,24.0485,45.0,Tapešu iela,11/06/2019 08:00,16/06/2019 08:01
3172,Latvia,Riga,Imanta,Slokas 106,2,44,1,Specprojekts,20900,475.0,1,56.96141,24.05017,106.0,Slokas iela,11/06/2019 08:00,16/06/2019 08:01
3173,Latvia,Riga,Vecmīlgrāvis,Vijolīšu 6,1,43,5,Mazģimeņu projekts,30000,697.67,1,57.03506,24.09434,6.0,Vijolīšu iela,11/06/2019 08:00,16/06/2019 08:01
3174,Latvia,Riga,Imanta,Kurzemes pr. 50,2,49,5,Lietuviešu projekts,50000,1020.41,1,56.96287,24.02769,50.0,Kurzemes prospekts,11/06/2019 08:00,16/06/2019 08:01
3175,Latvia,Riga,Ziepniekkalns,Bauskas 203,3,62,3,602. sērija,69000,1112.9,1,56.90154,24.14574,203.0,Bauskas iela,11/06/2019 08:00,16/06/2019 08:01
3176,Latvia,Riga,Centrs,Kurbada 3,2,50,3,Pirmskara projekts,62000,1240.0,1,56.94787,24.13761,3.0,Kurbada iela,11/06/2019 08:00,16/06/2019 08:01
3177,Latvia,Riga,Pļavnieki,Tīnūžu 7,1,40,8,Mazģimeņu projekts,35000,875.0,1,56.93448,24.20924,7.0,Tīnūžu iela,11/06/2019 08:00,16/06/2019 08:01
3178,Latvia,Riga,Ķengarags,Prūšu 4,3,57,2,Jaunais projekts,71125,1247.81,1,56.89123,24.03524,4.0,Prūšu iela,11/06/2019 08:00,16/06/2019 08:01
3179,Latvia,Riga,Centrs,Brīvības 73,4,150,4,Pirmskara projekts,295000,1966.67,1,56.95899,24.12569,73.0,Brīvības iela,11/06/2019 08:00,16/06/2019 08:01
3180,Latvia,Riga,Pļavnieki,Dravnieku 12,1,40,7,Mazģimeņu projekts,32000,800.0,1,56.94334,24.21271,12.0,Dravnieku iela,11/06/2019 08:00,13/06/2019 08:01
3181,Latvia,Riga,Citi,Zeltiņu 22,2,50,4,602. sērija,48000,960.0,1,56.94661,24.1701,22.0,Zeltiņu iela,11/06/2019 08:00,16/06/2019 08:01
3182,Latvia,Riga,Pļavnieki,Pļavnieku 12,1,40,5,Mazģimeņu projekts,32000,800.0,1,56.94119,24.21248,12.0,Pļavnieku iela,11/06/2019 08:00,13/06/2019 08:01
3183,Latvia,Riga,Centrs,Klijānu 16,4,121,7,Jaunais projekts,174000,1438.02,1,56.97133,24.14974,21.0,Klijānu iela,11/06/2019 08:00,16/06/2019 08:01
3184,Latvia,Riga,Ķengarags,Krustpils 75,2,45,3,Hruščova projekts,31900,708.89,1,56.912,24.20624,75.0,Krustpils iela,11/06/2019 08:00,16/06/2019 08:01
3185,Latvia,Riga,Zolitūde,Bieziņa 4,1,44,7,119. sērija,46500,1056.82,1,56.94466,24.0201,4.0,Aleksandra Bieziņa iela,11/06/2019 08:00,16/06/2019 08:01
3186,Latvia,Riga,Ziepniekkalns,Valdeķu 59,3,78,3,119. sērija,66000,846.15,1,56.90028,24.08942,59.0,Valdeķu iela,11/06/2019 08:00,16/06/2019 08:01
3187,Latvia,Riga,Ķengarags,Ikšķiles 2,2,50,6,467. sērija,45000,900.0,1,56.90118,24.20596,2.0,Ikšķiles iela,11/06/2019 08:00,16/06/2019 08:01
3188,Latvia,Riga,Centrs,Ģertrūdes 113,3,68,1,Pirmskara projekts,62000,911.76,1,56.94875,24.13856,113.0,Ģertrūdes iela,11/06/2019 08:00,16/06/2019 08:01
3189,Latvia,Riga,Centrs,Briāna 4,2,56,2,Jaunais projekts,111800,1996.43,1,56.96281,24.12863,4.0,Aristida Briāna iela,11/06/2019 08:00,16/06/2019 08:01
3190,Latvia,Riga,Pļavnieki,Dzeņu 8,1,40,1,Mazģimeņu projekts,32500,812.5,1,56.93985,24.21102,8.0,Dzeņu iela,11/06/2019 08:00,16/06/2019 08:01
3191,Latvia,Riga,Centrs,Ēveles 10,1,36,4,Pirmskara projekts,16500,458.33,1,56.96888,24.13428,10.0,Ēveles iela,11/06/2019 08:00,16/06/2019 08:01
3192,Latvia,Riga,Iļģuciems,Skujenes 11,2,45,1,Hruščova projekts,55900,1242.22,1,56.96274,24.04851,11.0,Skujenes iela,11/06/2019 08:00,16/06/2019 08:01
3193,Latvia,Riga,Citi,Balasta d. 72,3,105,1,Renovēts,189000,1800.0,1,56.9587,24.08421,72.0,Balasta dambis,11/06/2019 08:00,16/06/2019 08:01
3194,Latvia,Riga,Centrs,Ganību d. 40,2,41,3,Pirmskara projekts,24000,585.37,1,56.98848,24.12646,40.0,Ganību dambis,11/06/2019 08:00,16/06/2019 08:01
3195,Latvia,Riga,Citi,Ogļu 32,3,79,1,Pirmskara projekts,260000,3291.14,1,56.96075,24.0817,32.0,Ogļu iela,11/06/2019 08:00,16/06/2019 08:01
3196,Latvia,Riga,Centrs,Lāčplēša 11,2,46,2,Jaunais projekts,182210,3961.09,1,56.95701,24.12041,11.0,Lāčplēša iela,11/06/2019 08:00,16/06/2019 08:01
3197,Latvia,Riga,Citi,Dārzciema 131,3,63,1,103. sērija,70000,1111.11,1,56.93236,24.1822,131.0,DArzciema iela,11/06/2019 08:00,16/06/2019 08:01
3198,Latvia,Riga,Citi,Ogļu 32,3,128,4,Renovēts,450000,3515.63,1,56.96075,24.0817,32.0,Ogļu iela,11/06/2019 08:00,16/06/2019 08:01
3199,Latvia,Riga,Citi,Ogļu 30,3,104,2,Jaunais projekts,320000,3076.92,1,56.96087,24.08178,30.0,Ogļu iela,11/06/2019 08:00,16/06/2019 08:01
3203,Latvia,Riga,Purvciems,Purvciema 13,1,46,5,104. sērija,45900,997.83,1,56.95354,24.16747,13.0,Purvciema iela,11/06/2019 08:00,16/06/2019 08:01
3204,Latvia,Riga,Centrs,Artilērijas 6,3,89,3,Pirmskara projekts,122500,1376.4,1,56.96092,24.13553,6.0,Artilērijas iela,11/06/2019 08:00,16/06/2019 08:01
3205,Latvia,Riga,Pļavnieki,Ilūkstes 34,3,80,1,119. sērija,69500,868.75,1,56.94578,24.19636,34.0,Ilūkstes iela,11/06/2019 08:00,16/06/2019 08:01
3206,Latvia,Riga,Pļavnieki,Salnas 32,2,50,9,602. sērija,44898,897.96,1,56.94191,24.22806,32.0,Salnas iela,11/06/2019 08:00,16/06/2019 08:01
3207,Latvia,Riga,Centrs,Strēlnieku 13,3,73,5,Renovēts,162000,2219.18,1,56.9607,24.11006,13.0,Strēlnieku iela,11/06/2019 08:00,16/06/2019 08:01
3208,Latvia,Riga,Centrs,Miera 93,4,80,2,Jaunais projekts,154000,1925.0,1,56.97335,24.14157,93.0,Miera iela,11/06/2019 08:00,16/06/2019 08:01
3211,Latvia,Riga,Purvciems,Burtnieku 35,1,15,2,Hruščova projekts,12900,860.0,1,56.96729,24.18113,35.0,Burtnieku iela,11/06/2019 08:00,16/06/2019 08:01
3213,Latvia,Riga,Ķengarags,Ikšķiles 3,3,57,3,Specprojekts,41900,735.09,1,56.90168,24.20565,3.0,Ikšķiles iela,11/06/2019 08:00,16/06/2019 08:01
3215,Latvia,Riga,Citi,Ogļu 30,3,99,2,Jaunais projekts,330000,3333.33,1,56.96087,24.08178,30.0,Ogļu iela,11/06/2019 08:00,16/06/2019 08:01
3216,Latvia,Riga,Citi,Zvejnieku 24,2,70,1,Jaunais projekts,225000,3214.29,1,56.95963,24.07978,24.0,Zvejnieku iela,11/06/2019 08:00,16/06/2019 08:01
3217,Latvia,Riga,Citi,Zvejnieku 24,2,72,1,Jaunais projekts,235000,3263.89,1,56.95963,24.07978,24.0,Zvejnieku iela,11/06/2019 08:00,16/06/2019 08:01
3220,Latvia,Riga,Šampēteris-Pleskodāle,Lielirbes 11,3,93,17,Jaunais projekts,149000,1602.15,1,56.93415,24.04373,11.0,Lielirbes iela,11/06/2019 08:00,16/06/2019 08:01
3221,Latvia,Riga,Purvciems,Andromedas g. 1,1,30,5,Lietuviešu projekts,34000,1133.33,1,56.95911,24.1938,1.0,Andromedas gatve,11/06/2019 08:00,16/06/2019 08:01
3222,Latvia,Riga,Centrs,Brīvības 158,2,56,6,Pirmskara projekts,63500,1133.93,1,56.96535,24.14302,158.0,Brīvības iela,11/06/2019 08:00,16/06/2019 08:01
3223,Latvia,Riga,Ķengarags,Salaspils 18,3,60,3,Lietuviešu projekts,45000,750.0,1,56.91875,24.18346,18.0,Salaspils iela,11/06/2019 08:00,16/06/2019 08:01
3228,Latvia,Riga,Purvciems,Upeņu 17,2,62,5,Specprojekts,112000,1806.45,1,56.95998,24.19168,17.0,Upeņu iela,11/06/2019 08:00,16/06/2019 08:01
3229,Latvia,Riga,Citi,Ogļu 30,3,100,1,Jaunais projekts,300000,3000.0,1,56.96087,24.08178,30.0,Ogļu iela,11/06/2019 08:00,16/06/2019 08:01
3230,Latvia,Riga,Centrs,Tomsona 17,3,76,5,Pirmskara projekts,149000,1960.53,1,56.9648,24.12542,17.0,Tomsona iela,11/06/2019 08:00,16/06/2019 08:01
3231,Latvia,Riga,Ķengarags,Maskavas 417,2,51,7,467. sērija,48500,950.98,1,56.9002,24.20812,417.0,Maskavas iela,11/06/2019 08:00,16/06/2019 08:01
3232,Latvia,Riga,Iļģuciems,Lilijas 29,2,40,2,Pirmskara projekts,19900,497.5,1,56.96454,24.06047,29.0,Lilijas iela,11/06/2019 08:00,16/06/2019 08:01
3233,Latvia,Riga,Citi,Bauskas 15,1,43,4,Mazģimeņu projekts,37000,860.47,1,56.92377,24.09382,15.0,Bauskas iela,11/06/2019 08:00,16/06/2019 08:01
3234,Latvia,Riga,Centrs,Vidus 3,4,93,3,Pirmskara projekts,199000,2139.78,1,56.96147,24.1009,3.0,Vidus iela,11/06/2019 08:00,16/06/2019 08:01
3235,Latvia,Riga,Citi,St. Rusas 11,3,66,5,103. sērija,82000,1242.42,1,56.94391,24.09168,11.0,Staraja Rusas iela,11/06/2019 08:00,16/06/2019 08:01
3236,Latvia,Riga,Āgenskalns,Nomales 8,2,45,3,Hruščova projekts,43000,955.56,1,56.93718,24.05656,8.0,Nomales iela,11/06/2019 08:00,16/06/2019 08:01
3237,Latvia,Riga,Ķengarags,Maskavas 243,3,62,9,467. sērija,45000,725.81,1,56.9258,24.16824,243.0,Maskavas iela,11/06/2019 08:00,14/06/2019 08:01
3238,Latvia,Riga,Teika,Ūnijas 34,1,19,1,Pirmskara projekts,16000,842.11,1,56.96658,24.17308,34.0,Ūnijas iela,12/06/2019 08:01,16/06/2019 08:01
3239,Latvia,Riga,Pļavnieki,Ilūkstes 32,3,84,7,119. sērija,73500,875.0,1,56.94511,24.19758,32.0,Ilūkstes iela,12/06/2019 08:01,16/06/2019 08:01
3240,Latvia,Riga,Centrs,Klijānu 5,2,54,3,Pirmskara projekts,83000,1537.04,1,57.07829,24.1467,5.0,Klijānu iela,12/06/2019 08:01,16/06/2019 08:01
3241,Latvia,Riga,Mežciems,Biķernieku 220,1,35,2,103. sērija,29600,845.71,1,56.95862,24.2911,220.0,Biķernieku iela,12/06/2019 08:01,16/06/2019 08:01
3242,Latvia,Riga,Iļģuciems,Lidoņu 24,3,76,2,Lietuviešu projekts,58000,763.16,1,56.97085,24.05928,24.0,Lidoņu iela,12/06/2019 08:01,16/06/2019 08:01
3243,Latvia,Riga,Centrs,Zirņu 3,3,83,4,Specprojekts,98000,1180.72,1,56.97244,24.13224,3.0,Zirņu iela,12/06/2019 08:01,16/06/2019 08:01
3244,Latvia,Riga,Pļavnieki,Salnas 21,3,64,1,Jaunais projekts,98000,1531.25,1,56.94229,24.22901,21.0,Salnas iela,12/06/2019 08:01,16/06/2019 08:01
3245,Latvia,Riga,Šampēteris-Pleskodāle,Irlavas 20,3,62,5,103. sērija,65000,1048.39,1,56.93963,24.03578,20.0,Irlavas iela,12/06/2019 08:01,16/06/2019 08:01
3246,Latvia,Riga,Purvciems,Burtnieku 33,1,18,4,Mazģimeņu projekts,19900,1105.56,1,56.96907,24.18228,33.0,Burtnieku iela,12/06/2019 08:01,16/06/2019 08:01
3247,Latvia,Riga,Vecmīlgrāvis,Gāles 7,3,77,1,Pirmskara projekts,53900,700.0,1,57.03019,24.11908,7.0,Gāles iela,12/06/2019 08:01,16/06/2019 08:01
3248,Latvia,Riga,Imanta,Sidraba 1,2,49,1,Lietuviešu projekts,39000,795.92,1,56.96024,24.02829,1.0,Sidraba iela,12/06/2019 08:01,16/06/2019 08:01
3249,Latvia,Riga,Ziepniekkalns,Ozolciema 16,4,90,1,119. sērija,81000,900.0,1,56.90083,24.08836,16.0,Ozolciema iela,12/06/2019 08:01,16/06/2019 08:01
3250,Latvia,Riga,Krasta rajons,Dzērvju 3,4,80,9,467. sērija,88000,1100.0,1,56.93073,24.16437,3.0,Dzērvju iela,12/06/2019 08:01,16/06/2019 08:01
3251,Latvia,Riga,Centrs,Tallinas 90,1,25,2,Pirmskara projekts,43000,1720.0,1,56.95626,24.14881,90.0,Tallinas iela,12/06/2019 08:01,16/06/2019 08:01
3252,Latvia,Riga,Vecrīga,Bīskapa gāte 3,3,78,4,Pirmskara projekts,165000,2115.38,1,56.94881,24.10259,3.0,Bīskapa gāte,12/06/2019 08:01,16/06/2019 08:01
3253,Latvia,Riga,Ķengarags,Prūšu 17,1,31,1,Hruščova projekts,26500,854.84,1,56.91288,24.19129,17.0,Prūšu iela,12/06/2019 08:01,16/06/2019 08:01
3255,Latvia,Riga,Ķengarags,Višķu 17,1,31,5,Lietuviešu projekts,25000,806.45,1,56.89973,24.21428,17.0,Višķu iela,12/06/2019 08:01,16/06/2019 08:01
3256,Latvia,Riga,Sarkandaugava,Ziemeļu 12,1,38,2,Pirmskara projekts,18500,486.84,1,57.00081,24.11991,12.0,Ziemeļu iela,12/06/2019 08:01,16/06/2019 08:01
3257,Latvia,Riga,Jugla,Kvēles 21,2,49,5,Lietuviešu projekts,35500,724.49,1,56.98188,24.24541,21.0,Kvēles iela,12/06/2019 08:01,12/06/2019 08:01
3258,Latvia,Riga,Zolitūde,Lejiņa 18,3,76,1,119. sērija,81000,1065.79,1,56.94727,24.02124,18.0,Paula Lejiņa iela,12/06/2019 08:01,16/06/2019 08:01
3259,Latvia,Riga,Iļģuciems,Garā 16,2,49,1,Lietuviešu projekts,39990,816.12,1,56.96852,24.05666,16.0,Garā iela,12/06/2019 08:01,16/06/2019 08:01
3260,Latvia,Riga,Maskavas priekšpilsēta,Daugavpils 9,1,19,2,Renovēts,12500,657.89,1,56.94235,24.14161,28.0,Daugavpils iela,12/06/2019 08:01,16/06/2019 08:01
3262,Latvia,Riga,Ķengarags,Maltas 29,3,59,1,Lietuviešu projekts,42900,727.12,1,56.9077,24.18846,29.0,Maltas iela,12/06/2019 08:01,16/06/2019 08:01
3263,Latvia,Riga,Imanta,Kurzemes pr. 34,2,49,1,Lietuviešu projekts,41200,840.82,1,56.96176,24.03024,34.0,Kurzemes prospekts,12/06/2019 08:01,16/06/2019 08:01
3264,Latvia,Riga,Citi,Preiļu 4,2,51,1,103. sērija,62000,1215.69,1,56.93715,24.18805,4.0,Preiļu iela,12/06/2019 08:01,16/06/2019 08:01
3265,Latvia,Riga,Purvciems,Burtnieku 33,1,18,4,Mazģimeņu projekts,18500,1027.78,1,56.96907,24.18228,33.0,Burtnieku iela,12/06/2019 08:01,13/06/2019 08:01
3266,Latvia,Riga,Zolitūde,Zolitūdes 46,4,94,6,119. sērija,85000,904.26,1,56.94436,24.00322,46.0,Zolitūdes iela,12/06/2019 08:01,16/06/2019 08:01
3268,Latvia,Riga,Purvciems,Raunas 3,2,34,1,Pirmskara projekts,15790,464.41,1,56.97,24.16952,3.0,Raunas iela,12/06/2019 08:01,16/06/2019 08:01
3269,Latvia,Riga,Sarkandaugava,Hāpsalas 30,2,51,1,Pirmskara projekts,20000,392.16,1,57.00245,24.12159,30.0,Hāpsalas iela,12/06/2019 08:01,16/06/2019 08:01
3270,Latvia,Riga,Āgenskalns,M. Nometņu 3,2,57,2,Specprojekts,80000,1403.51,1,56.93381,24.07785,3.0,Mazā Nometņu iela,12/06/2019 08:01,16/06/2019 08:01
3271,Latvia,Riga,Sarkandaugava,Hāpsalas 15,3,78,1,Specprojekts,70000,897.44,1,57.0024,24.12108,15.0,Hāpsalas iela,12/06/2019 08:01,16/06/2019 08:01
3273,Latvia,Riga,Centrs,Vesetas 8,4,103,2,Specprojekts,155000,1504.85,1,56.96399,24.12272,8.0,Vesetas iela,12/06/2019 08:01,16/06/2019 08:01
3275,Latvia,Riga,Ziepniekkalns,Valdeķu 54,4,80,3,602. sērija,82000,1025.0,1,56.90305,24.09878,54.0,Valdeķu iela,12/06/2019 08:01,16/06/2019 08:01
3276,Latvia,Riga,Ķengarags,Maskavas 256,2,49,2,Lietuviešu projekts,40000,816.33,1,56.91091,24.17528,256.0,Maskavas iela,12/06/2019 08:01,16/06/2019 08:01
3277,Latvia,Riga,Jugla,Murjāņu 56,1,33,1,Lietuviešu projekts,40000,1212.12,1,56.97784,24.25237,56.0,Murjāņu iela,12/06/2019 08:01,13/06/2019 08:01
3278,Latvia,Riga,Centrs,Stabu 55,5,136,5,Pirmskara projekts,145000,1066.18,1,56.95369,24.13426,55.0,Stabu iela,12/06/2019 08:01,16/06/2019 08:01
3279,Latvia,Riga,Centrs,Cēsu 43,3,98,5,Pirmskara projekts,89000,908.16,1,56.96632,24.14414,43.0,Cēsu iela,12/06/2019 08:01,16/06/2019 08:01
3280,Latvia,Riga,Centrs,Brīvības 78,3,89,5,Specprojekts,159000,1786.52,1,56.95854,24.12557,78.0,Brīvības iela,12/06/2019 08:01,16/06/2019 08:01
3281,Latvia,Riga,Jugla,Malienas 70,3,61,3,Lietuviešu projekts,62500,1024.59,1,56.97537,24.2502,70.0,Malienas iela,12/06/2019 08:01,16/06/2019 08:01
3283,Latvia,Riga,Purvciems,Burtnieku 35,1,25,4,Hruščova projekts,16000,640.0,1,56.96729,24.18113,35.0,Burtnieku iela,12/06/2019 08:01,16/06/2019 08:01
3285,Latvia,Riga,Imanta,Anniņmuižas 43,2,54,17,Jaunais projekts,95000,1759.26,1,56.9591,24.01397,43.0,Anniņmuižas bulvāris,12/06/2019 08:01,16/06/2019 08:01
3286,Latvia,Riga,Vecmīlgrāvis,Emmas 1,2,48,2,Hruščova projekts,35500,739.58,1,57.02736,24.10536,1.0,Emmas iela,12/06/2019 08:01,16/06/2019 08:01
3287,Latvia,Riga,Teika,Vairoga 32,4,82,3,Renovēts,159800,1948.78,1,56.96893,24.17178,32.0,Vairoga iela,12/06/2019 08:01,16/06/2019 08:01
3288,Latvia,Riga,Imanta,Kleistu 17,2,52,8,602. sērija,50000,961.54,1,56.96427,24.02361,17.0,Kleistu iela,12/06/2019 08:01,16/06/2019 08:01
3289,Latvia,Riga,Teika,Vairoga 32,3,86,3,Renovēts,149800,1741.86,1,56.96893,24.17178,32.0,Vairoga iela,12/06/2019 08:01,16/06/2019 08:01
3290,Latvia,Riga,Citi,Vabu 17,3,104,1,Jaunais projekts,80000,769.23,1,57.06956,24.09514,17.0,Vabu iela,12/06/2019 08:01,16/06/2019 08:01
3291,Latvia,Riga,Teika,Vairoga 32,3,65,3,Renovēts,134000,2061.54,1,56.96893,24.17178,32.0,Vairoga iela,12/06/2019 08:01,16/06/2019 08:01
3293,Latvia,Riga,Centrs,Vesetas 10,3,100,6,Specprojekts,155000,1550.0,1,56.96455,24.12362,10.0,Vesetas iela,12/06/2019 08:01,16/06/2019 08:01
3294,Latvia,Riga,Centrs,Ganu 6,3,83,1,Pirmskara projekts,120000,1445.78,1,56.96167,24.10954,6.0,Ganu iela,12/06/2019 08:01,16/06/2019 08:01
3295,Latvia,Riga,Jugla,Murjāņu 46,2,43,1,Hruščova projekts,44000,1023.26,1,56.97737,24.24914,46.0,Murjāņu iela,12/06/2019 08:01,16/06/2019 08:01
3296,Latvia,Riga,Ziepniekkalns,Mālu 7,3,73,2,Specprojekts,65000,890.41,1,56.91255,24.10271,7.0,Mālu iela,12/06/2019 08:01,16/06/2019 08:01
3297,Latvia,Riga,Ziepniekkalns,Bauskas 203,2,53,2,103. sērija,47500,896.23,1,56.90154,24.14574,203.0,Bauskas iela,12/06/2019 08:01,16/06/2019 08:01
3298,Latvia,Riga,Centrs,Blaumaņa 34,3,77,5,Renovēts,127720,1658.7,1,56.95195,24.12559,34.0,Blaumaņa iela,12/06/2019 08:01,16/06/2019 08:01
3299,Latvia,Riga,Teika,Ropažu 5,3,68,4,Specprojekts,78000,1147.06,1,56.97489,24.17028,5.0,Ropažu iela,12/06/2019 08:01,16/06/2019 08:01
3300,Latvia,Riga,Imanta,Dumbrāja 18,3,68,3,Jaunais projekts,118000,1735.29,1,56.95732,24.01958,18.0,Dumbrāja iela,12/06/2019 08:01,16/06/2019 08:01
3301,Latvia,Riga,Pļavnieki,Dzeņu 9,4,62,4,602. sērija,56000,903.23,1,57.08161,24.15346,9.0,Dzeņu iela,12/06/2019 08:01,16/06/2019 08:01
3303,Latvia,Riga,Ziepniekkalns,Īslīces 9,2,49,1,119. sērija,49000,1000.0,1,56.89938,24.08423,9.0,Īslīces iela,12/06/2019 08:01,16/06/2019 08:01
3307,Latvia,Riga,Centrs,Hospitāļu 28,2,62,4,Pirmskara projekts,68000,1096.77,1,56.97382,24.13811,28.0,Hospitāļu iela,12/06/2019 08:01,16/06/2019 08:01
3309,Latvia,Riga,Centrs,Brīvības 117,1,26,2,Pirmskara projekts,38500,1480.77,1,56.96335,24.13605,117.0,Brīvības iela,12/06/2019 08:01,16/06/2019 08:01
3310,Latvia,Riga,Ķengarags,Maltas 21,2,49,1,Lietuviešu projekts,42900,875.51,1,56.90924,24.18665,21.0,Maltas iela,12/06/2019 08:01,16/06/2019 08:01
3311,Latvia,Riga,Centrs,Dzirnavu 62,5,133,4,Pirmskara projekts,232900,1751.13,1,56.9543,24.12022,62.0,Dzirnavu iela,12/06/2019 08:01,16/06/2019 08:01
3312,Latvia,Riga,Centrs,Miera 28,2,57,2,Pirmskara projekts,72500,1271.93,1,56.96351,24.13204,28.0,Miera iela,12/06/2019 08:01,16/06/2019 08:01
3314,Latvia,Riga,Vecrīga,Teātra 7,3,86,3,Jaunais projekts,302400,3516.28,1,56.94846,24.11239,7.0,Teātra iela,12/06/2019 08:01,16/06/2019 08:01
3319,Latvia,Riga,Centrs,Mednieku 7,2,72,5,Renovēts,244900,3401.39,1,56.96046,24.10789,7.0,Mednieku iela,12/06/2019 08:01,16/06/2019 08:01
3320,Latvia,Riga,Purvciems,Varavīksnes g. 11,3,62,1,Lietuviešu projekts,61900,998.39,1,56.95143,24.20584,11.0,Varavīksnes gatve,12/06/2019 08:01,16/06/2019 08:01
3322,Latvia,Riga,Centrs,Gogoļa 10,3,70,2,Pirmskara projekts,93000,1328.57,1,56.94236,24.12462,10.0,Gogoļa iela,12/06/2019 08:01,16/06/2019 08:01
3324,Latvia,Riga,Iļģuciems,Skujenes 9,2,46,5,Hruščova projekts,37500,815.22,1,56.9628,24.04924,9.0,Skujenes iela,12/06/2019 08:01,16/06/2019 08:01
3325,Latvia,Riga,Maskavas priekšpilsēta,Krāslavas 14,1,17,2,Jaunais projekts,37000,2176.47,1,56.94306,24.13451,14.0,Krāslavas iela,12/06/2019 08:01,16/06/2019 08:01
3326,Latvia,Riga,Maskavas priekšpilsēta,Katoļu 9,3,59,6,Renovēts,88500,1500.0,1,56.94148,24.13706,9.0,Katoļu iela,12/06/2019 08:01,16/06/2019 08:01
3327,Latvia,Riga,Centrs,Lāčplēša 120,2,35,3,Jaunais projekts,64750,1850.0,1,56.96149,24.1387,36.0,Lāčplēša iela,12/06/2019 08:01,16/06/2019 08:01
3328,Latvia,Riga,Mežciems,Biķernieku 238,2,41,3,Hruščova projekts,26000,634.15,1,56.95897,24.29697,238.0,Biķernieku iela,12/06/2019 08:01,16/06/2019 08:01
3330,Latvia,Riga,Centrs,Marijas 16,1,45,1,Pirmskara projekts,56000,1244.44,1,56.95053,24.12549,16.0,Marijas iela,12/06/2019 08:01,16/06/2019 08:01
3332,Latvia,Riga,Ķengarags,Prūšu 4,2,45,3,Jaunais projekts,57404,1275.64,1,56.89123,24.03524,4.0,Prūšu iela,12/06/2019 08:01,16/06/2019 08:01
3333,Latvia,Riga,Pļavnieki,Deglava 164,3,64,4,602. sērija,66000,1031.25,1,56.94309,24.22725,164.0,Augusta Deglava iela,12/06/2019 08:01,16/06/2019 08:01
3336,Latvia,Riga,Ķengarags,Aglonas 10,3,60,2,Lietuviešu projekts,50000,833.33,1,56.9104,24.18342,10.0,Aglonas iela,12/06/2019 08:01,16/06/2019 08:01
3337,Latvia,Riga,Purvciems,Viršu 4,2,57,7,104. sērija,67000,1175.44,1,56.95212,24.17939,4.0,Viršu iela,12/06/2019 08:01,16/06/2019 08:01
3338,Latvia,Riga,Centrs,Stabu 6,4,117,6,Pirmskara projekts,104940,896.92,1,56.95914,24.12217,6.0,Stabu iela,12/06/2019 08:01,12/06/2019 08:01
3339,Latvia,Riga,Mežciems,Biķernieku 37,3,87,3,Jaunais projekts,199000,2287.36,1,56.97056,24.17753,37.0,Biķernieku iela,12/06/2019 08:01,16/06/2019 08:01
3340,Latvia,Riga,Āgenskalns,Alīses 8,2,46,4,Hruščova projekts,57500,1250.0,1,56.94692,24.06662,8.0,Alīses iela,12/06/2019 08:01,16/06/2019 08:01
3341,Latvia,Riga,Sarkandaugava,Sarkandaugavas 2,2,53,2,103. sērija,41000,773.58,1,56.99527,24.12656,2.0,Sarkandaugavas iela,13/06/2019 08:01,16/06/2019 08:01
3342,Latvia,Riga,Ķengarags,Lokomotīves 72,2,50,6,467. sērija,48000,960.0,1,56.90367,24.21107,72.0,Lokomotīves iela,13/06/2019 08:01,16/06/2019 08:01
3343,Latvia,Riga,Centrs,Kalniņa 2,2,51,5,Pirmskara projekts,105000,2058.82,1,56.94917,24.12147,2.0,Alfrēda Kalniņa iela,13/06/2019 08:01,13/06/2019 08:01
3344,Latvia,Riga,Purvciems,Purvciema 26,2,61,3,119. sērija,68000,1114.75,1,56.95332,24.17389,26.0,Purvciema iela,13/06/2019 08:01,16/06/2019 08:01
3345,Latvia,Riga,Pļavnieki,Rudens 9,3,76,6,602. sērija,82000,1078.95,1,56.93837,24.20145,9.0,Rudens iela,13/06/2019 08:01,16/06/2019 08:01
3347,Latvia,Riga,Centrs,Tallinas 86,1,30,2,Renovēts,60000,2000.0,1,56.95654,24.14794,86.0,Tallinas iela,13/06/2019 08:01,16/06/2019 08:01
3348,Latvia,Riga,Centrs,Pētersalas 11,2,58,2,Staļina projekts,89000,1534.48,1,56.96789,24.10288,11.0,Pētersalas iela,13/06/2019 08:01,16/06/2019 08:01
3349,Latvia,Riga,Vecmīlgrāvis,Baltāsbaznīcas 33,2,48,1,Hruščova projekts,47500,989.58,1,57.0363,24.08893,33.0,Baltāsbaznīcas iela,13/06/2019 08:01,16/06/2019 08:01
3350,Latvia,Riga,Ķengarags,Višķu 33,3,60,1,Lietuviešu projekts,55000,916.67,1,56.90055,24.21286,15.0,Višķu iela,13/06/2019 08:01,16/06/2019 08:01
3351,Latvia,Riga,Iļģuciems,Reņģes 2,2,50,3,Lietuviešu projekts,43000,860.0,1,56.96605,24.06206,2.0,Reņģes iela,13/06/2019 08:01,16/06/2019 08:01
3352,Latvia,Riga,Centrs,M. Piena 6,2,36,2,Jaunais projekts,57500,1597.22,1,56.96975,24.10403,6.0,Mazā Piena iela,13/06/2019 08:01,16/06/2019 08:01
3354,Latvia,Riga,Imanta,Anniņmuižas 38,2,62,9,Specprojekts,84000,1354.84,1,56.96097,24.01567,38.0,Anniņmuižas bulvāris,13/06/2019 08:01,16/06/2019 08:01
3355,Latvia,Riga,Teika,Kastrānes 16,3,74,1,Staļina projekts,91000,1229.73,1,56.96789,24.17696,16.0,Kastrānes iela,13/06/2019 08:01,16/06/2019 08:01
3356,Latvia,Riga,Centrs,Valdemāra 145,2,42,2,Hruščova projekts,63000,1500.0,1,56.97101,24.13312,145.0,Krišjāņa Valdemāra iela,13/06/2019 08:01,16/06/2019 08:01
3357,Latvia,Riga,Mežciems,Malienas 3,2,45,1,119. sērija,50000,1111.11,1,56.97461,24.22931,3.0,Malienas iela,13/06/2019 08:01,14/06/2019 08:01
3358,Latvia,Riga,Centrs,Zaļā 4,3,100,5,Specprojekts,195000,1950.0,1,56.95862,24.11428,4.0,Zaļā iela,13/06/2019 08:01,16/06/2019 08:01
3359,Latvia,Riga,Bolderāja,Lielā 25,3,64,2,Privātmāja,26000,406.25,1,57.03656,24.04149,25.0,Lielā iela,13/06/2019 08:01,16/06/2019 08:01
3360,Latvia,Riga,Purvciems,Vējavas 10,2,51,8,602. sērija,49500,970.59,1,56.95584,24.1684,10.0,Vējavas iela,13/06/2019 08:01,16/06/2019 08:01
3362,Latvia,Riga,Pļavnieki,Ilūkstes 1,1,33,2,103. sērija,34000,1030.3,1,56.94615,24.19589,1.0,Ilūkstes iela,13/06/2019 08:01,15/06/2019 08:01
3363,Latvia,Riga,Pļavnieki,Keldiša 28,2,50,7,602. sērija,51500,1030.0,1,56.93838,24.2094,28.0,Akadēmiķa Mstislava Keldiša iela,13/06/2019 08:01,16/06/2019 08:01
3364,Latvia,Riga,Daugavgrīva,Birzes 42,3,63,2,103. sērija,50000,793.65,1,57.0364,24.02768,42.0,Birzes iela,13/06/2019 08:01,16/06/2019 08:01
3365,Latvia,Riga,Pļavnieki,Ilūkstes 4,1,40,1,Mazģimeņu projekts,25500,637.5,1,56.93393,24.19605,4.0,Ilūkstes iela,13/06/2019 08:01,16/06/2019 08:01
3367,Latvia,Riga,Mežaparks,Ezermalas 2,1,32,10,Čehu projekts,40500,1265.63,1,56.99268,24.19243,2.0,Ezermalas iela,13/06/2019 08:01,16/06/2019 08:01
3368,Latvia,Riga,Citi,Sitas 48,1,40,1,Mazģimeņu projekts,25500,637.5,1,56.93317,24.19313,48.0,Sitas iela,13/06/2019 08:01,16/06/2019 08:01
3369,Latvia,Riga,Purvciems,Zvaigznāja g. 7,3,61,4,Lietuviešu projekts,65000,1065.57,1,56.95285,24.20659,7.0,Zvaigznāja gatve,13/06/2019 08:01,16/06/2019 08:01
3370,Latvia,Riga,Āgenskalns,Rododendru 12,2,41,5,Hruščova projekts,39300,958.54,1,56.94904,24.05179,6.0,Rododendru iela,13/06/2019 08:01,16/06/2019 08:01
3371,Latvia,Riga,Centrs,Valdemāra 123,1,84,6,Pirmskara projekts,141668,1686.52,1,56.96729,24.1302,123.0,Krišjāņa Valdemāra iela,13/06/2019 08:01,16/06/2019 08:01
3372,Latvia,Riga,Daugavgrīva,Slimnīcas 11,2,54,3,103. sērija,44900,831.48,1,57.03809,24.02846,11.0,Slimnīcas iela,13/06/2019 08:01,13/06/2019 08:01
3373,Latvia,Riga,Purvciems,Dzelzavas 19,2,42,2,Hruščova projekts,40000,952.38,1,56.96251,24.17387,19.0,Dzelzavas iela,13/06/2019 08:01,16/06/2019 08:01
3374,Latvia,Riga,Mežciems,Druvienas 34,1,27,1,Lietuviešu projekts,40000,1481.48,1,56.96981,24.2325,34.0,Druvienas iela,13/06/2019 08:01,16/06/2019 08:01
3375,Latvia,Riga,Ķengarags,Lokomotīves 70,3,63,5,Lietuviešu projekts,70000,1111.11,1,56.90365,24.20993,70.0,Lokomotīves iela,13/06/2019 08:01,16/06/2019 08:01
3376,Latvia,Riga,Daugavgrīva,Lēpju 11,2,46,1,Hruščova projekts,39000,847.83,1,57.03953,24.02325,11.0,Lēpju iela,13/06/2019 08:01,16/06/2019 08:01
3377,Latvia,Riga,Iļģuciems,Vaidelotes 18,1,27,1,Hruščova projekts,25000,925.93,1,56.96666,24.05066,18.0,Vaidelotes iela,13/06/2019 08:01,16/06/2019 08:01
3378,Latvia,Riga,Teika,Ūnijas 68,3,70,5,Specprojekts,85000,1214.29,1,56.96195,24.18172,68.0,Ūnijas iela,13/06/2019 08:01,16/06/2019 08:01
3379,Latvia,Riga,Ziepniekkalns,Bikstu 6,3,59,3,Jaunais projekts,75500,1279.66,1,56.90896,24.07931,6.0,Bikstu iela,13/06/2019 08:01,16/06/2019 08:01
3380,Latvia,Riga,Imanta,Kurzemes pr. 130,4,76,8,602. sērija,75000,986.84,1,56.96313,24.00045,130.0,Kurzemes prospekts,13/06/2019 08:01,16/06/2019 08:01
3381,Latvia,Riga,Ķengarags,Maskavas 281,2,47,12,Čehu projekts,49900,1061.7,1,56.91837,24.17392,281.0,Maskavas iela,13/06/2019 08:01,13/06/2019 08:01
3382,Latvia,Riga,Purvciems,Kastrānes 1,1,16,1,Renovēts,28000,1750.0,1,56.966,24.17666,1.0,Kastrānes iela,13/06/2019 08:01,16/06/2019 08:01
3383,Latvia,Riga,Grīziņkalns,Alauksta 12,1,24,4,Pirmskara projekts,33600,1400.0,1,56.96037,24.14992,12.0,Alauksta iela,13/06/2019 08:01,16/06/2019 08:01
3384,Latvia,Riga,Grīziņkalns,Alauksta 12,1,28,4,Pirmskara projekts,39200,1400.0,1,56.96037,24.14992,12.0,Alauksta iela,13/06/2019 08:01,16/06/2019 08:01
3385,Latvia,Riga,Purvciems,Nīcgales 55,2,47,4,103. sērija,45500,968.09,1,56.94207,24.17553,55.0,Nīcgales iela,13/06/2019 08:01,16/06/2019 08:01
3386,Latvia,Riga,Ziepniekkalns,Misas 17,3,67,2,Privātmāja,74000,1104.48,1,56.90716,24.10253,17.0,Misas iela,13/06/2019 08:01,14/06/2019 08:01
3387,Latvia,Riga,Centrs,Lāčplēša 112,2,40,4,Pirmskara projekts,37000,925.0,1,56.94178,24.12983,112.0,Lāčplēša iela,13/06/2019 08:01,16/06/2019 08:01
3390,Latvia,Riga,Sarkandaugava,Viestura pr. 69,3,54,1,Specprojekts,32390,599.81,1,57.00589,24.12822,69.0,Viestura prospekts,13/06/2019 08:01,16/06/2019 08:01
3391,Latvia,Riga,Centrs,Briāna 4,2,57,1,Renovēts,94710,1661.58,1,56.96281,24.12863,4.0,Aristida Briāna iela,13/06/2019 08:01,16/06/2019 08:01
3392,Latvia,Riga,Maskavas priekšpilsēta,Daugavpils 8,1,24,1,Pirmskara projekts,10690,445.42,1,56.9399,24.14119,8.0,Daugavpils iela,13/06/2019 08:01,16/06/2019 08:01
3393,Latvia,Riga,Daugavgrīva,Zvīņu 1,2,48,2,Specprojekts,16690,347.71,1,57.03603,24.02628,1.0,Zvīņu iela,13/06/2019 08:01,16/06/2019 08:01
3394,Latvia,Riga,Ziepniekkalns,Bikstu 6,3,109,3,Jaunais projekts,130000,1192.66,1,56.90896,24.07931,6.0,Bikstu iela,13/06/2019 08:01,16/06/2019 08:01
3395,Latvia,Riga,Purvciems,Dudajeva g. 4,2,50,5,Lietuviešu projekts,49500,990.0,1,56.95758,24.1921,4.0,Džohara Dudajeva gatve,13/06/2019 08:01,16/06/2019 08:01
3396,Latvia,Riga,Centrs,Kalniņa 1,1,27,3,Renovēts,76690,2840.37,1,56.94935,24.12075,1.0,Alfrēda Kalniņa iela,13/06/2019 08:01,16/06/2019 08:01
3397,Latvia,Riga,Purvciems,Raunas 50,1,30,2,Hruščova projekts,27500,916.67,1,56.9683,24.18388,50.0,Raunas iela,13/06/2019 08:01,16/06/2019 08:01
3398,Latvia,Riga,Centrs,Kalniņa 1,2,33,4,Renovēts,92390,2799.7,1,56.94935,24.12075,1.0,Alfrēda Kalniņa iela,13/06/2019 08:01,16/06/2019 08:01
3399,Latvia,Riga,Centrs,Pētersalas 2,2,51,1,Pirmskara projekts,69000,1352.94,1,56.96785,24.10503,2.0,Pētersalas iela,13/06/2019 08:01,16/06/2019 08:01
3400,Latvia,Riga,Centrs,Pētersalas 2,3,74,1,Pirmskara projekts,98000,1324.32,1,56.96785,24.10503,2.0,Pētersalas iela,13/06/2019 08:01,16/06/2019 08:01
3401,Latvia,Riga,Purvciems,Nīcgales 38,2,55,5,103. sērija,56000,1018.18,1,56.9479,24.17152,38.0,Nīcgales iela,13/06/2019 08:01,16/06/2019 08:01
3402,Latvia,Riga,Pļavnieki,Zemes 2,3,63,4,602. sērija,55500,880.95,1,56.94175,24.19741,2.0,Zemes iela,13/06/2019 08:01,16/06/2019 08:01
3403,Latvia,Riga,Centrs,Kalniņa 1,1,19,4,Renovēts,56690,2983.68,1,56.94935,24.12075,1.0,Alfrēda Kalniņa iela,13/06/2019 08:01,16/06/2019 08:01
3404,Latvia,Riga,Iļģuciems,Lilijas 28,2,69,2,Jaunais projekts,95000,1376.81,1,56.96474,24.06009,28.0,Lilijas iela,13/06/2019 08:01,16/06/2019 08:01
3405,Latvia,Riga,Ziepniekkalns,Ozolciema 18,3,78,8,119. sērija,60950,781.41,1,56.89883,24.08506,18.0,Ozolciema iela,13/06/2019 08:01,16/06/2019 08:01
3407,Latvia,Riga,Iļģuciems,Stūres 2,1,18,4,Mazģimeņu projekts,15200,844.44,1,56.96931,24.06951,2.0,Stūres iela,13/06/2019 08:01,16/06/2019 08:01
3408,Latvia,Riga,Pļavnieki,Rembates 8,2,53,4,Jaunais projekts,82000,1547.17,1,56.94105,24.2299,8.0,Rembates iela,13/06/2019 08:01,16/06/2019 08:01
3409,Latvia,Riga,Sarkandaugava,Viestura pr. 75,3,84,2,Renovēts,92300,1098.81,1,57.00637,24.12801,75.0,Viestura prospekts,13/06/2019 08:01,16/06/2019 08:01
3410,Latvia,Riga,Ķengarags,Maskavas 323,3,55,4,Lietuviešu projekts,61000,1109.09,1,56.90693,24.18838,323.0,Maskavas iela,13/06/2019 08:01,16/06/2019 08:01
3411,Latvia,Riga,Teika,Caunes 10,3,86,3,Specprojekts,108000,1255.81,1,56.98136,24.18816,10.0,Caunes iela,13/06/2019 08:01,16/06/2019 08:01
3412,Latvia,Riga,Āgenskalns,Valentīna 16,2,31,4,Renovēts,70000,2258.06,1,56.94103,24.05391,16.0,Valentīna iela,13/06/2019 08:01,16/06/2019 08:01
3413,Latvia,Riga,Zolitūde,Zolitūdes 46,2,64,1,Jaunais projekts,93000,1453.13,1,56.94436,24.00322,46.0,Zolitūdes iela,13/06/2019 08:01,13/06/2019 08:01
3415,Latvia,Riga,Iļģuciems,Dzirciema 71,2,51,9,602. sērija,55000,1078.43,1,56.96533,24.05457,71.0,Dzirciema iela,13/06/2019 08:01,16/06/2019 08:01
3416,Latvia,Riga,Krasta rajons,Salacas 13,2,61,1,Pirmskara projekts,39200,642.62,1,56.92861,24.17048,13.0,Salacas iela,13/06/2019 08:01,16/06/2019 08:01
3417,Latvia,Riga,Citi,Gaujas 37,2,50,3,Pirmskara projekts,35000,700.0,1,56.98596,24.16336,37.0,Gaujas iela,13/06/2019 08:01,16/06/2019 08:01
3418,Latvia,Riga,Pļavnieki,Keldiša 26,4,75,8,467. sērija,85500,1140.0,1,56.93838,24.20903,26.0,Akadēmiķa Mstislava Keldiša iela,13/06/2019 08:01,16/06/2019 08:01
3420,Latvia,Riga,Imanta,Rigondas g. 10,3,63,8,602. sērija,50000,793.65,1,56.96571,24.02289,10.0,Rigondas gatve,13/06/2019 08:01,16/06/2019 08:01
3421,Latvia,Riga,Purvciems,Sesku 11,1,40,2,Mazģimeņu projekts,38500,962.5,1,56.94517,24.17724,11.0,Sesku iela,13/06/2019 08:01,16/06/2019 08:01
3422,Latvia,Riga,Centrs,Republikas laukums 3,2,70,3,Jaunais projekts,170000,2428.57,1,56.95495,24.09919,3.0,Republikas laukums,13/06/2019 08:01,16/06/2019 08:01
3423,Latvia,Riga,Centrs,Raiņa bulv. 17,2,53,2,Renovēts,100000,1886.79,1,56.95105,24.11524,17.0,Raiņa bulvāris,13/06/2019 08:01,16/06/2019 08:01
3424,Latvia,Riga,Purvciems,Deglava 57,4,90,5,119. sērija,90000,1000.0,1,56.95018,24.17943,57.0,Augusta Deglava iela,13/06/2019 08:01,16/06/2019 08:01
3425,Latvia,Riga,Centrs,Blaumaņa 12,3,77,4,Renovēts,179723,2334.06,1,56.95464,24.12233,12.0,Blaumaņa iela,13/06/2019 08:01,16/06/2019 08:01
3426,Latvia,Riga,Centrs,Miera 105,3,72,6,Renovēts,130300,1809.72,1,56.97541,24.14373,105.0,Miera iela,13/06/2019 08:01,16/06/2019 08:01
3427,Latvia,Riga,Centrs,Lāčplēša 11,3,93,5,Jaunais projekts,397950,4279.03,1,56.95701,24.12041,11.0,Lāčplēša iela,13/06/2019 08:01,16/06/2019 08:01
3428,Latvia,Riga,Centrs,Valdemāra 41,3,65,4,Jaunais projekts,158500,2438.46,1,56.95875,24.11747,41.0,Krišjāņa Valdemāra iela,13/06/2019 08:01,16/06/2019 08:01
3429,Latvia,Riga,Centrs,Melngaiļa 8,2,41,3,Jaunais projekts,107300,2617.07,1,56.95917,24.11755,8.0,Emiļa Melngaiļa iela,13/06/2019 08:01,16/06/2019 08:01
3431,Latvia,Riga,Ķengarags,Maskavas 250,2,37,3,Lietuviešu projekts,30900,835.14,1,56.91633,24.17035,250.0,Maskavas iela,13/06/2019 08:01,16/06/2019 08:01
3435,Latvia,Riga,Teika,Vairoga 32,3,37,3,Renovēts,75500,2040.54,1,56.96893,24.17178,32.0,Vairoga iela,13/06/2019 08:01,16/06/2019 08:01
3436,Latvia,Riga,Āgenskalns,Valentīna 16,3,68,1,Jaunais projekts,98000,1441.18,1,56.94103,24.05391,16.0,Valentīna iela,13/06/2019 08:01,16/06/2019 08:01
3437,Latvia,Riga,Teika,Vairoga 32,3,58,4,Renovēts,115500,1991.38,1,56.96893,24.17178,32.0,Vairoga iela,13/06/2019 08:01,16/06/2019 08:01
3439,Latvia,Riga,Purvciems,Ūnijas 34,2,40,1,Specprojekts,23890,597.25,1,56.96658,24.17308,34.0,Ūnijas iela,13/06/2019 08:01,16/06/2019 08:01
3441,Latvia,Riga,Purvciems,Stirnu 47,3,60,1,Lietuviešu projekts,60000,1000.0,1,56.96282,24.18953,47.0,Stirnu iela,13/06/2019 08:01,16/06/2019 08:01
3442,Latvia,Riga,Ķengarags,Maskavas 307,2,38,5,Lietuviešu projekts,38500,1013.16,1,56.91115,24.17948,307.0,Maskavas iela,13/06/2019 08:01,16/06/2019 08:01
3443,Latvia,Riga,Teika,Vairoga 32,3,48,1,Renovēts,94900,1977.08,1,56.96893,24.17178,32.0,Vairoga iela,13/06/2019 08:01,16/06/2019 08:01
3444,Latvia,Riga,Centrs,Skanstes 29,2,68,11,Jaunais projekts,144999,2132.34,1,56.97232,24.12367,29.0,Skanstes iela,13/06/2019 08:01,16/06/2019 08:01
3445,Latvia,Riga,Ziepniekkalns,Stērstu 5,2,40,1,Staļina projekts,42000,1050.0,1,57.07903,24.14425,5.0,Stērstu iela,13/06/2019 08:01,16/06/2019 08:01
3446,Latvia,Riga,Šampēteris-Pleskodāle,Zasulauka 13,3,64,1,Jaunais projekts,117000,1828.13,1,56.94114,24.04184,13.0,Zasulauka iela,13/06/2019 08:01,16/06/2019 08:01
3447,Latvia,Riga,Teika,Vairoga 32,2,41,3,Renovēts,69500,1695.12,1,56.96893,24.17178,32.0,Vairoga iela,13/06/2019 08:01,16/06/2019 08:01
3448,Latvia,Riga,Purvciems,Ieriķu 50,3,73,1,Staļina projekts,84000,1150.68,1,56.96563,24.18138,50.0,Ieriķu iela,13/06/2019 08:01,16/06/2019 08:01
3449,Latvia,Riga,Centrs,Lāčplēša 80,3,71,3,Pirmskara projekts,78000,1098.59,1,56.94739,24.13371,80.0,Lāčplēša iela,13/06/2019 08:01,16/06/2019 08:01
3450,Latvia,Riga,Ziepniekkalns,Liesmas 4,2,75,1,Jaunais projekts,100000,1333.33,1,56.89702,24.08669,4.0,Liesmas iela,13/06/2019 08:01,16/06/2019 08:01
3451,Latvia,Riga,Centrs,Klijānu 16,3,103,8,Jaunais projekts,185000,1796.12,1,56.97133,24.14974,21.0,Klijānu iela,13/06/2019 08:01,16/06/2019 08:01
3452,Latvia,Riga,Teika,Stārķu 4,2,46,5,Jaunais projekts,78000,1695.65,1,56.9662,24.16899,4.0,Stārķu iela,13/06/2019 08:01,16/06/2019 08:01
3454,Latvia,Riga,Centrs,Barona 94,3,84,5,Pirmskara projekts,83250,991.07,1,56.95901,24.13722,94.0,Krišjāņa Barona iela,13/06/2019 08:01,16/06/2019 08:01
3455,Latvia,Riga,Maskavas priekšpilsēta,Katoļu 9,3,50,3,Renovēts,75300,1506.0,1,56.94148,24.13706,9.0,Katoļu iela,13/06/2019 08:01,16/06/2019 08:01
3456,Latvia,Riga,Purvciems,Stirnu 19,3,60,1,Lietuviešu projekts,54000,900.0,1,56.95701,24.18106,19.0,Stirnu iela,14/06/2019 08:01,16/06/2019 08:01
3457,Latvia,Riga,Jugla,Murjāņu 36,2,43,1,Hruščova projekts,37000,860.47,1,56.9789,24.24764,36.0,Murjāņu iela,14/06/2019 08:01,16/06/2019 08:01
3458,Latvia,Riga,Purvciems,Stirnu 61,1,30,5,Lietuviešu projekts,28500,950.0,1,56.9648,24.19429,61.0,Stirnu iela,14/06/2019 08:01,16/06/2019 08:01
3459,Latvia,Riga,Krasta rajons,Balvu 13,1,26,5,Hruščova projekts,33000,1269.23,1,56.93484,24.15281,13.0,Balvu iela,14/06/2019 08:01,16/06/2019 08:01
3460,Latvia,Riga,Teika,Ropažu 93,1,26,2,Pirmskara projekts,14000,538.46,1,56.98279,24.19167,93.0,Ropažu iela,14/06/2019 08:01,16/06/2019 08:01
3461,Latvia,Riga,Ķengarags,Rasas 2,3,60,1,Lietuviešu projekts,56000,933.33,1,56.90359,24.19999,2.0,Rasas iela,14/06/2019 08:01,16/06/2019 08:01
3462,Latvia,Riga,Mežaparks,Visbijas pr. 45,3,110,2,Jaunais projekts,270000,2454.55,1,56.99607,24.14584,45.0,Visbijas prospekts,14/06/2019 08:01,16/06/2019 08:01
3463,Latvia,Riga,Mežaparks,Visbijas pr. 45,3,82,2,Jaunais projekts,190000,2317.07,1,56.99607,24.14584,45.0,Visbijas prospekts,14/06/2019 08:01,16/06/2019 08:01
3466,Latvia,Riga,Centrs,Tallinas 92,4,100,2,Pirmskara projekts,175000,1750.0,1,56.95615,24.14899,92.0,Tallinas iela,14/06/2019 08:01,16/06/2019 08:01
3467,Latvia,Riga,Purvciems,Stirnu 43,3,59,1,Lietuviešu projekts,52900,896.61,1,56.96213,24.18796,43.0,Stirnu iela,14/06/2019 08:01,16/06/2019 08:01
3468,Latvia,Riga,Āgenskalns,Talsu 32,2,60,1,Jaunais projekts,138000,2300.0,1,56.93806,24.06776,32.0,Talsu iela,14/06/2019 08:01,16/06/2019 08:01
3469,Latvia,Riga,Imanta,Anniņmuižas 43,4,92,5,Jaunais projekts,179000,1945.65,1,56.9591,24.01397,43.0,Anniņmuižas bulvāris,14/06/2019 08:01,16/06/2019 08:01
3470,Latvia,Riga,Pļavnieki,Keldiša 8,2,49,2,602. sērija,54900,1120.41,1,56.93965,24.19969,8.0,Akadēmiķa Mstislava Keldiša iela,14/06/2019 08:01,16/06/2019 08:01
3472,Latvia,Riga,Centrs,Stabu 93,2,47,1,Pirmskara projekts,65500,1393.62,1,56.95069,24.14041,93.0,Stabu iela,14/06/2019 08:01,16/06/2019 08:01
3473,Latvia,Riga,Centrs,Antonijas 15,3,75,2,Pirmskara projekts,138000,1840.0,1,56.95951,24.11284,15.0,Antonijas iela,14/06/2019 08:01,16/06/2019 08:01
3474,Latvia,Riga,Iļģuciems,Spilves 13,3,68,3,Lietuviešu projekts,62000,911.76,1,56.97322,24.06135,13.0,Spilves iela,14/06/2019 08:01,16/06/2019 08:01
3476,Latvia,Riga,Ķengarags,Kaņiera 12,1,38,5,Mazģimeņu projekts,26000,684.21,1,56.91375,24.16913,12.0,Kaņiera iela,14/06/2019 08:01,16/06/2019 08:01
3478,Latvia,Riga,Ziepniekkalns,Vienības g. 168,1,50,14,104. sērija,48000,960.0,1,56.90532,24.08443,168.0,Vienības gatve,14/06/2019 08:01,16/06/2019 08:01
3479,Latvia,Riga,Purvciems,Astras 8,3,90,9,Jaunais projekts,215000,2388.89,1,56.92988,24.05259,8.0,Astras iela,14/06/2019 08:01,16/06/2019 08:01
3480,Latvia,Riga,Šampēteris-Pleskodāle,Zalves 116,2,42,1,Privātmāja,65100,1550.0,1,56.9321,24.01926,116.0,Zalves iela,14/06/2019 08:01,16/06/2019 08:01
3483,Latvia,Riga,Pļavnieki,Keldiša 12,1,34,1,602. sērija,32850,966.18,1,56.93967,24.20077,12.0,Akadēmiķa Mstislava Keldiša iela,14/06/2019 08:01,16/06/2019 08:01
3484,Latvia,Riga,Pļavnieki,J. Vācieša 2,4,76,7,602. sērija,65000,855.26,1,56.93562,24.09038,2.0,Ojāra Vācieša iela,14/06/2019 08:01,16/06/2019 08:01
3485,Latvia,Riga,Ķengarags,Maltas 29,2,44,1,Hruščova projekts,40000,909.09,1,56.9077,24.18846,29.0,Maltas iela,14/06/2019 08:01,16/06/2019 08:01
3486,Latvia,Riga,Ķengarags,Lokomotīves 64,2,50,4,Lietuviešu projekts,41000,820.0,1,56.90646,24.206,64.0,Lokomotīves iela,14/06/2019 08:01,16/06/2019 08:01
3487,Latvia,Riga,Centrs,Dzirnavu 157,3,62,2,Renovēts,105000,1693.55,1,56.94137,24.12721,157.0,Dzirnavu iela,14/06/2019 08:01,16/06/2019 08:01
3488,Latvia,Riga,Centrs,Dzirnavu 157,3,80,3,Renovēts,125000,1562.5,1,56.94137,24.12721,157.0,Dzirnavu iela,14/06/2019 08:01,16/06/2019 08:01
3492,Latvia,Riga,Centrs,Tērbatas 33,4,90,2,Pirmskara projekts,95000,1055.56,1,56.95519,24.12397,33.0,Tērbatas iela,14/06/2019 08:01,16/06/2019 08:01
3493,Latvia,Riga,Jugla,Brīvības 361,2,75,6,Hruščova projekts,82000,1093.33,1,56.98759,24.21733,361.0,Brīvības gatve,14/06/2019 08:01,16/06/2019 08:01
3494,Latvia,Riga,Ziepniekkalns,Komētas 30,3,77,2,Jaunais projekts,125000,1623.38,1,56.91445,24.13248,13.0,Komētas iela,14/06/2019 08:01,16/06/2019 08:01
3495,Latvia,Riga,Centrs,Lāčplēša 13,2,61,3,Renovēts,143115,2346.15,1,56.95683,24.12075,13.0,Lāčplēša iela,14/06/2019 08:01,16/06/2019 08:01
3496,Latvia,Riga,Centrs,Lienes 3,1,36,1,Pirmskara projekts,32500,902.78,1,56.9547,24.14586,3.0,Lienes iela,14/06/2019 08:01,16/06/2019 08:01
3497,Latvia,Riga,Imanta,Anniņmuižas 30,4,124,11,Specprojekts,167000,1346.77,1,56.96042,24.01939,30.0,Anniņmuižas bulvāris,14/06/2019 08:01,16/06/2019 08:01
3498,Latvia,Riga,Centrs,Rūpniecības 21,2,75,5,Jaunais projekts,164500,2193.33,1,56.96528,24.10187,21.0,Rūpniecības iela,14/06/2019 08:01,16/06/2019 08:01
3500,Latvia,Riga,Centrs,Valdemāra 69,2,37,2,Renovēts,87990,2378.11,1,56.96186,24.12278,69.0,Krišjāņa Valdemāra iela,14/06/2019 08:01,16/06/2019 08:01
3501,Latvia,Riga,Centrs,Valdemāra 69,2,40,2,Renovēts,70990,1774.75,1,56.96186,24.12278,69.0,Krišjāņa Valdemāra iela,14/06/2019 08:01,16/06/2019 08:01
3502,Latvia,Riga,Centrs,Aldaru 11,2,40,1,Pirmskara projekts,92000,2300.0,1,56.95115,24.1062,11.0,Aldaru iela,14/06/2019 08:01,16/06/2019 08:01
3503,Latvia,Riga,Centrs,Vesetas 12,3,66,3,Specprojekts,98000,1484.85,1,56.96515,24.12497,12.0,Vesetas iela,14/06/2019 08:01,16/06/2019 08:01
3504,Latvia,Riga,Vecmīlgrāvis,Sniega 4,2,49,2,Staļina projekts,37300,761.22,1,57.0346,24.09858,4.0,Sniega iela,14/06/2019 08:01,16/06/2019 08:01
3505,Latvia,Riga,Centrs,Skolas 14,4,154,4,Renovēts,375000,2435.06,1,56.95748,24.11852,14.0,Skolas iela,14/06/2019 08:01,16/06/2019 08:01
3506,Latvia,Riga,Āgenskalns,Valentīna 16,3,63,2,Jaunais projekts,89000,1412.7,1,56.94103,24.05391,16.0,Valentīna iela,14/06/2019 08:01,16/06/2019 08:01
3509,Latvia,Riga,Teika,Vairoga 32,3,52,1,Renovēts,100000,1923.08,1,56.96893,24.17178,32.0,Vairoga iela,14/06/2019 08:01,16/06/2019 08:01
3510,Latvia,Riga,Centrs,Bruņinieku 60,3,86,4,Renovēts,120000,1395.35,1,56.95718,24.12937,24.0,Bruņinieku iela,14/06/2019 08:01,16/06/2019 08:01
3511,Latvia,Riga,Centrs,Brīvības 76,4,171,6,Renovēts,170000,994.15,1,56.95826,24.12506,76.0,Brīvības iela,14/06/2019 08:01,16/06/2019 08:01
3512,Latvia,Riga,Šampēteris-Pleskodāle,Zasulauka 26,2,61,1,Pirmskara projekts,78000,1278.69,1,56.94399,24.03745,31.0,Zasulauka iela,14/06/2019 08:01,16/06/2019 08:01
3513,Latvia,Riga,Centrs,Kazarmu 3,1,21,3,Pirmskara projekts,36500,1738.1,1,56.97375,24.13976,3.0,Kazarmu iela,14/06/2019 08:01,16/06/2019 08:01
3514,Latvia,Riga,Centrs,Veru 3,4,116,4,Pirmskara projekts,195000,1681.03,1,56.96181,24.10102,3.0,Veru iela,14/06/2019 08:01,16/06/2019 08:01
3515,Latvia,Riga,Bolderāja,Dolomīta 4,2,50,4,Specprojekts,32000,640.0,1,57.02614,24.03865,4.0,Dolomīta iela,14/06/2019 08:01,16/06/2019 08:01
3516,Latvia,Riga,Maskavas priekšpilsēta,Katoļu 9,1,27,2,Jaunais projekts,46580,1725.19,1,56.94148,24.13706,9.0,Katoļu iela,14/06/2019 08:01,16/06/2019 08:01
3517,Latvia,Riga,Ķengarags,Malnavas 18,1,26,4,Hruščova projekts,25000,961.54,1,56.91088,24.19076,18.0,Malnavas iela,14/06/2019 08:01,16/06/2019 08:01
3518,Latvia,Riga,Grīziņkalns,Asara 12,1,25,1,Renovēts,43000,1720.0,1,56.95524,24.14978,12.0,Jāņa Asara iela,14/06/2019 08:01,16/06/2019 08:01
3520,Latvia,Riga,Centrs,Valdemāra 57,2,46,7,Pirmskara projekts,92000,2000.0,1,56.96004,24.11979,57.0,Krišjāņa Valdemāra iela,14/06/2019 08:01,16/06/2019 08:01
3521,Latvia,Riga,Centrs,Valdemāra 57,3,49,5,Pirmskara projekts,103000,2102.04,1,56.96004,24.11979,57.0,Krišjāņa Valdemāra iela,14/06/2019 08:01,16/06/2019 08:01
3522,Latvia,Riga,Grīziņkalns,Asara 12,2,53,2,Renovēts,90000,1698.11,1,56.95524,24.14978,12.0,Jāņa Asara iela,14/06/2019 08:01,16/06/2019 08:01
3523,Latvia,Riga,Daugavgrīva,Plēksnes 6,1,32,5,Mazģimeņu projekts,25000,781.25,1,57.04021,24.03134,6.0,Plēksnes iela,14/06/2019 08:01,16/06/2019 08:01
3524,Latvia,Riga,Mežciems,Hipokrāta 49,1,47,9,602. sērija,39500,840.43,1,56.97223,24.24072,3.0,Hipokrāta iela,14/06/2019 08:01,16/06/2019 08:01
3525,Latvia,Riga,Centrs,Skolas 19,5,146,3,Pirmskara projekts,220000,1506.85,1,56.95843,24.11952,19.0,Skolas iela,14/06/2019 08:01,16/06/2019 08:01
3526,Latvia,Riga,Imanta,Anniņmuižas 41,3,95,4,Jaunais projekts,162000,1705.26,1,56.95966,24.01484,41.0,Anniņmuižas bulvāris,14/06/2019 08:01,16/06/2019 08:01
3527,Latvia,Riga,Centrs,Tallinas 86,2,45,5,Renovēts,90000,2000.0,1,56.95654,24.14794,86.0,Tallinas iela,14/06/2019 08:01,16/06/2019 08:01
3528,Latvia,Riga,Sarkandaugava,Tilta 3,4,82,4,103. sērija,72000,878.05,1,56.99504,24.12691,3.0,Tilta iela,14/06/2019 08:01,16/06/2019 08:01
3530,Latvia,Riga,Bolderāja,Gobas 28,2,54,4,103. sērija,39000,722.22,1,57.0277,24.05644,28.0,Gobas iela,14/06/2019 08:01,16/06/2019 08:01
3531,Latvia,Riga,Grīziņkalns,Pērnavas 17,1,33,3,Jaunais projekts,61000,1848.48,1,56.96281,24.15189,17.0,Pērnavas iela,14/06/2019 08:01,16/06/2019 08:01
3532,Latvia,Riga,Centrs,Tērbatas 38,3,62,3,Renovēts,108000,1741.94,1,56.95543,24.12527,38.0,Tērbatas iela,14/06/2019 08:01,16/06/2019 08:01
3533,Latvia,Riga,Purvciems,Pūces 43,2,65,1,Jaunais projekts,77500,1192.31,1,56.95307,24.18944,43.0,Pūces iela,14/06/2019 08:01,16/06/2019 08:01
3534,Latvia,Riga,Centrs,Valdemāra 143,2,39,1,Hruščova projekts,36000,923.08,1,56.97066,24.12984,143.0,Krišjāņa Valdemāra iela,14/06/2019 08:01,16/06/2019 08:01
3535,Latvia,Riga,Centrs,Valdemāra 106,2,57,6,Staļina projekts,89000,1561.4,1,56.97216,24.13495,106.0,Krišjāņa Valdemāra iela,14/06/2019 08:01,16/06/2019 08:01
3536,Latvia,Riga,Purvciems,Vaidavas 7,2,40,2,Lietuviešu projekts,47800,1195.0,1,56.90107,24.05068,7.0,Vaidavas iela,15/06/2019 08:01,16/06/2019 08:01
3537,Latvia,Riga,Centrs,Vēžu 1,3,126,4,Jaunais projekts,128000,1015.87,1,56.97015,24.09987,1.0,Vēžu iela,15/06/2019 08:01,16/06/2019 08:01
3538,Latvia,Riga,Centrs,Valdemāra 95,3,79,5,Staļina projekts,96500,1221.52,1,56.96421,24.12658,95.0,Krišjāņa Valdemāra iela,15/06/2019 08:01,16/06/2019 08:01
3539,Latvia,Riga,Mežciems,Malienas 1,3,63,8,602. sērija,63000,1000.0,1,56.9749,24.22808,1.0,Malienas iela,15/06/2019 08:01,16/06/2019 08:01
3540,Latvia,Riga,Pļavnieki,Salnas 3,4,70,6,602. sērija,65700,938.57,1,56.94383,24.21773,3.0,Salnas iela,15/06/2019 08:01,16/06/2019 08:01
3541,Latvia,Riga,Jugla,Brīvības 398,2,50,5,Specprojekts,57000,1140.0,1,56.98677,24.22381,398.0,Brīvības gatve,15/06/2019 08:01,16/06/2019 08:01
3542,Latvia,Riga,Centrs,Blaumaņa 12,1,33,7,Renovēts,86363,2617.06,1,56.95464,24.12233,12.0,Blaumaņa iela,15/06/2019 08:01,16/06/2019 08:01
3543,Latvia,Riga,Centrs,Briāna 4,4,150,4,Renovēts,288800,1925.33,1,56.96281,24.12863,4.0,Aristida Briāna iela,15/06/2019 08:01,16/06/2019 08:01
3544,Latvia,Riga,Centrs,Upes 3,1,31,4,Hruščova projekts,26900,867.74,1,56.94596,24.13693,3.0,Kalupes iela,15/06/2019 08:01,16/06/2019 08:01
3545,Latvia,Riga,Pļavnieki,Slāvu 15,2,50,9,602. sērija,49000,980.0,1,56.92947,24.17707,15.0,Slāvu iela,15/06/2019 08:01,16/06/2019 08:01
3546,Latvia,Riga,Purvciems,Dzelzavas 76,3,62,2,602. sērija,87000,1403.23,1,56.95537,24.19449,76.0,Dzelzavas iela,15/06/2019 08:01,16/06/2019 08:01
3547,Latvia,Riga,Centrs,Kurbada 3,1,23,5,Renovēts,28000,1217.39,1,56.94787,24.13761,3.0,Kurbada iela,15/06/2019 08:01,16/06/2019 08:01
3549,Latvia,Riga,Jugla,Lilastes 5,2,46,2,Hruščova projekts,33000,717.39,1,56.98045,24.25043,5.0,Lilastes iela,15/06/2019 08:01,16/06/2019 08:01
3550,Latvia,Riga,Citi,Gaileņu 10,2,41,1,Staļina projekts,21000,512.2,1,57.04463,24.17266,10.0,Gaileņu iela,15/06/2019 08:01,16/06/2019 08:01
3551,Latvia,Riga,Ķengarags,Ikšķiles 10,3,50,1,Specprojekts,15350,307.0,1,56.90208,24.20963,10.0,Ikšķiles iela,15/06/2019 08:01,16/06/2019 08:01
3552,Latvia,Riga,Ziepniekkalns,Valdeķu 63,1,45,5,119. sērija,43000,955.56,1,56.89975,24.09138,63.0,Valdeķu iela,15/06/2019 08:01,16/06/2019 08:01
3553,Latvia,Riga,Bolderāja,Gaigalas 23,1,33,5,103. sērija,30000,909.09,1,57.02877,24.05134,23.0,Gaigalas iela,15/06/2019 08:01,16/06/2019 08:01
3554,Latvia,Riga,Centrs,Dzirnavu 92,3,82,5,Pirmskara projekts,165000,2012.2,1,56.9505,24.12407,92.0,Dzirnavu iela,15/06/2019 08:01,16/06/2019 08:01
3556,Latvia,Riga,Centrs,Valdemāra 123,1,91,6,Pirmskara projekts,142000,1560.44,1,56.96729,24.1302,123.0,Krišjāņa Valdemāra iela,15/06/2019 08:01,16/06/2019 08:01
3557,Latvia,Riga,Iļģuciems,Saulgožu 13,2,41,5,Hruščova projekts,39000,951.22,1,56.96533,24.04792,13.0,Saulgožu iela,15/06/2019 08:01,16/06/2019 08:01
3558,Latvia,Riga,Bolderāja,Platā 5,4,73,2,Staļina projekts,42000,575.34,1,57.02788,24.04112,5.0,Platā iela,15/06/2019 08:01,16/06/2019 08:01
3559,Latvia,Riga,Centrs,Ausekļa 8,3,75,4,Specprojekts,157500,2100.0,1,56.96068,24.10039,8.0,Ausekļa iela,15/06/2019 08:01,16/06/2019 08:01
3560,Latvia,Riga,Centrs,Strēlnieku 13,3,109,2,Renovēts,279000,2559.63,1,56.9607,24.11006,13.0,Strēlnieku iela,15/06/2019 08:01,16/06/2019 08:01
3561,Latvia,Riga,Purvciems,Ieriķu 12,2,56,1,Staļina projekts,68000,1214.29,1,56.96537,24.17069,12.0,Ieriķu iela,15/06/2019 08:01,16/06/2019 08:01
3562,Latvia,Riga,Centrs,Stabu 96,3,71,5,Pirmskara projekts,134000,1887.32,1,56.94979,24.14158,96.0,Stabu iela,15/06/2019 08:01,16/06/2019 08:01
3563,Latvia,Riga,Iļģuciems,Motoru 7,2,49,1,Lietuviešu projekts,43800,893.88,1,56.97005,24.06688,7.0,Motoru iela,15/06/2019 08:01,16/06/2019 08:01
3565,Latvia,Riga,Vecmīlgrāvis,Meldru 2,2,45,5,Hruščova projekts,24900,553.33,1,57.02775,24.10437,2.0,Meldru iela,15/06/2019 08:01,16/06/2019 08:01
3566,Latvia,Riga,Pļavnieki,Praulienas 6,3,62,8,602. sērija,55500,895.16,1,56.93555,24.20729,6.0,Praulienas iela,15/06/2019 08:01,16/06/2019 08:01
3567,Latvia,Riga,Centrs,Lāčplēša 96,4,105,2,Pirmskara projekts,130000,1238.1,1,56.94465,24.13275,96.0,Lāčplēša iela,15/06/2019 08:01,16/06/2019 08:01
3568,Latvia,Riga,Citi,Strautu 23,1,39,3,Mazģimeņu projekts,32000,820.51,1,56.93997,24.18687,23.0,Strautu iela,15/06/2019 08:01,16/06/2019 08:01
3570,Latvia,Riga,Teika,Ropažu 26,2,42,2,Hruščova projekts,38000,904.76,1,56.97832,24.17281,26.0,Ropažu iela,15/06/2019 08:01,16/06/2019 08:01
3572,Latvia,Riga,Centrs,Katrīnas d. 20,2,42,2,Hruščova projekts,60000,1428.57,1,56.97308,24.10305,1.0,Katrīnas dambis,15/06/2019 08:01,15/06/2019 08:01
3573,Latvia,Riga,Āgenskalns,Vīlipa 8,3,60,7,467. sērija,53000,883.33,1,56.94787,24.05821,8.0,Vīlipa iela,15/06/2019 08:01,16/06/2019 08:01
3574,Latvia,Riga,Centrs,Lāčplēša 13,5,129,5,Renovēts,282700,2191.47,1,56.95683,24.12075,13.0,Lāčplēša iela,15/06/2019 08:01,16/06/2019 08:01
3575,Latvia,Riga,Centrs,Lāčplēša 13,3,85,3,Renovēts,191925,2257.94,1,56.95683,24.12075,13.0,Lāčplēša iela,15/06/2019 08:01,16/06/2019 08:01
3576,Latvia,Riga,Purvciems,Stirnu 45,3,59,1,Lietuviešu projekts,54000,915.25,1,56.96169,24.18929,45.0,Stirnu iela,15/06/2019 08:01,16/06/2019 08:01
3577,Latvia,Riga,Centrs,Tomsona 30,3,145,6,Specprojekts,285000,1965.52,1,56.96639,24.12828,30.0,Tomsona iela,15/06/2019 08:01,16/06/2019 08:01
3578,Latvia,Riga,Ķengarags,Maskavas 413,2,46,3,Lietuviešu projekts,51500,1119.57,1,56.90068,24.20664,413.0,Maskavas iela,15/06/2019 08:01,16/06/2019 08:01
3579,Latvia,Riga,Mežciems,Malienas 3,2,45,1,119. sērija,48000,1066.67,1,56.97461,24.22931,3.0,Malienas iela,15/06/2019 08:01,16/06/2019 08:01
3580,Latvia,Riga,Ķengarags,Lokomotīves 54,3,65,1,Čehu projekts,75000,1153.85,1,56.90745,24.20207,54.0,Lokomotīves iela,15/06/2019 08:01,16/06/2019 08:01
3583,Latvia,Riga,Pļavnieki,Salnas 21,2,45,4,Jaunais projekts,65500,1455.56,1,56.94229,24.22901,21.0,Salnas iela,15/06/2019 08:01,16/06/2019 08:01
3584,Latvia,Riga,Citi,Vecāķu pr. 205,4,141,2,Jaunais projekts,199900,1417.73,1,57.07916,24.11847,205.0,Vecāķu prospekts,15/06/2019 08:01,16/06/2019 08:01
3585,Latvia,Riga,Centrs,Kungu 25,3,103,3,Jaunais projekts,185000,1796.12,1,56.94561,24.10951,25.0,Kungu iela,15/06/2019 08:01,16/06/2019 08:01
3586,Latvia,Riga,Pļavnieki,Rudens 3,4,76,4,602. sērija,82000,1078.95,1,56.93829,24.19793,3.0,Rudens iela,15/06/2019 08:01,16/06/2019 08:01
3587,Latvia,Riga,Ķengarags,Aglonas 31,2,41,5,Hruščova projekts,42800,1043.9,1,56.91244,24.18461,31.0,Aglonas iela,15/06/2019 08:01,16/06/2019 08:01
3588,Latvia,Riga,Centrs,Strēlnieku 13,3,108,1,Renovēts,300000,2777.78,1,56.9607,24.11006,13.0,Strēlnieku iela,15/06/2019 08:01,16/06/2019 08:01
3589,Latvia,Riga,Jugla,Murjāņu 56,1,33,1,Lietuviešu projekts,39000,1181.82,1,56.97784,24.25237,56.0,Murjāņu iela,15/06/2019 08:01,16/06/2019 08:01
3590,Latvia,Riga,Centrs,Raiņa bulv. 15,3,53,2,Pirmskara projekts,99000,1867.92,1,56.95132,24.11495,15.0,Raiņa bulvāris,15/06/2019 08:01,16/06/2019 08:01
3591,Latvia,Riga,Purvciems,Brantkalna 19,2,58,11,104. sērija,61700,1063.79,1,56.94961,24.19634,19.0,Detlava Brantkalna iela,15/06/2019 08:01,16/06/2019 08:01
3592,Latvia,Riga,Krasta rajons,Zilupes 24,3,59,6,467. sērija,46000,779.66,1,56.92511,24.17081,24.0,Zilupes iela,15/06/2019 08:01,16/06/2019 08:01
3593,Latvia,Riga,Pļavnieki,Pļavnieku 12,1,41,3,Mazģimeņu projekts,33000,804.88,1,56.94119,24.21248,12.0,Pļavnieku iela,15/06/2019 08:01,16/06/2019 08:01
3594,Latvia,Riga,Zolitūde,Lejiņa 2,2,62,6,119. sērija,69000,1112.9,1,56.94639,24.01471,2.0,Paula Lejiņa iela,16/06/2019 08:01,16/06/2019 08:01
3595,Latvia,Riga,Centrs,Tērbatas 37,4,124,3,Pirmskara projekts,189000,1524.19,1,56.95546,24.12455,37.0,Tērbatas iela,16/06/2019 08:01,16/06/2019 08:01
3597,Latvia,Riga,Vecrīga,Meierovica bulv. 6,3,70,5,Pirmskara projekts,95000,1357.14,1,56.95247,24.10629,6.0,Zigfrīda Annas Meierovica bulvāris,16/06/2019 08:01,16/06/2019 08:01
3598,Latvia,Riga,Centrs,Brīvības 132,2,62,2,Specprojekts,97800,1577.42,1,56.96316,24.13788,132.0,Brīvības iela,16/06/2019 08:01,16/06/2019 08:01
3599,Latvia,Riga,Centrs,Baznīcas 13,3,74,2,Renovēts,180000,2432.43,1,56.95639,24.11857,13.0,Baznīcas iela,16/06/2019 08:01,16/06/2019 08:01
3600,Latvia,Riga,Centrs,Indrānu 13,1,33,5,Lietuviešu projekts,55000,1666.67,1,56.9686,24.14511,13.0,Indrānu iela,16/06/2019 08:01,16/06/2019 08:01
3602,Latvia,Riga,Ķengarags,Maskavas 291,3,60,2,Lietuviešu projekts,51000,850.0,1,56.91669,24.17652,291.0,Maskavas iela,16/06/2019 08:01,16/06/2019 08:01
3603,Latvia,Riga,Imanta,Kurzemes pr. 94,3,62,3,602. sērija,77000,1241.94,1,56.96906,24.01352,94.0,Kurzemes prospekts,16/06/2019 08:01,16/06/2019 08:01
3604,Latvia,Riga,Ķengarags,Rušonu 24,2,54,5,Specprojekts,50000,925.93,1,56.91438,24.18497,24.0,Rušonu iela,16/06/2019 08:01,16/06/2019 08:01
3605,Latvia,Riga,Sarkandaugava,Viestura pr. 41,3,67,9,Specprojekts,60000,895.52,1,57.00165,24.12951,41.0,Viestura prospekts,16/06/2019 08:01,16/06/2019 08:01
3606,Latvia,Riga,Daugavgrīva,Birzes 10,2,45,1,Staļina projekts,31000,688.89,1,57.04041,24.03445,10.0,Birzes iela,16/06/2019 08:01,16/06/2019 08:01
3607,Latvia,Riga,Zolitūde,Lejiņa 5,2,60,5,119. sērija,59999,999.98,1,56.94745,24.01685,5.0,Paula Lejiņa iela,16/06/2019 08:01,16/06/2019 08:01
3609,Latvia,Riga,Jugla,Murjāņu 40,2,46,4,Hruščova projekts,43000,934.78,1,56.97852,24.24882,40.0,Murjāņu iela,16/06/2019 08:01,16/06/2019 08:01
3610,Latvia,Riga,Jugla,Brīvības 357,1,31,5,Hruščova projekts,21000,677.42,1,56.98686,24.21666,357.0,Brīvības gatve,16/06/2019 08:01,16/06/2019 08:01
3612,Latvia,Riga,Mežciems,Mežciema 6,2,46,5,Lietuviešu projekts,39900,867.39,1,56.97259,24.2309,6.0,Mežciema iela,16/06/2019 08:01,16/06/2019 08:01
3613,Latvia,Riga,Vecmīlgrāvis,Sniedzes 2,3,69,5,Lietuviešu projekts,50000,724.64,1,57.08063,24.14309,2.0,Sniedzes iela,16/06/2019 08:01,16/06/2019 08:01
3614,Latvia,Riga,Centrs,Katrīnas d. 17,3,78,1,Specprojekts,93500,1198.72,1,56.97063,24.10159,17.0,Katrīnas dambis,16/06/2019 08:01,16/06/2019 08:01
3615,Latvia,Riga,Āgenskalns,Ventspils 36,2,41,2,Hruščova projekts,45000,1097.56,1,56.93192,24.0568,36.0,Ventspils iela,16/06/2019 08:01,16/06/2019 08:01
3616,Latvia,Riga,Sarkandaugava,Viestura pr. 51,2,46,7,Specprojekts,49500,1076.09,1,57.00236,24.12755,51.0,Viestura prospekts,16/06/2019 08:01,16/06/2019 08:01
3617,Latvia,Riga,Centrs,Valdemāra 57,2,46,7,Renovēts,92000,2000.0,1,56.96004,24.11979,57.0,Krišjāņa Valdemāra iela,16/06/2019 08:01,16/06/2019 08:01
3618,Latvia,Riga,Pļavnieki,Rudens 6,3,63,4,602. sērija,62500,992.06,1,56.93736,24.19735,6.0,Rudens iela,16/06/2019 08:01,16/06/2019 08:01
3619,Latvia,Riga,Centrs,Baznīcas 37,5,138,5,Pirmskara projekts,180000,1304.35,1,56.9588,24.1227,37.0,Baznīcas iela,16/06/2019 08:01,16/06/2019 08:01
3620,Latvia,Riga,Ķengarags,Lokomotīves 64,2,50,5,Lietuviešu projekts,39000,780.0,1,56.90646,24.206,64.0,Lokomotīves iela,16/06/2019 08:01,16/06/2019 08:01
